"pn","fips_st_cnty","facility_name"
"010001","01069","SOUTHEAST HEALTH MEDICAL CENTER"
"010004","01071","NORTH JACKSON HOSPITAL"
"010005","01095","MARSHALL MEDICAL CENTERS SOUTH CAMPUS"
"010006","01077","NORTH ALABAMA MEDICAL CENTER"
"010007","01039","MIZELL MEMORIAL HOSPITAL"
"010008","01041","CRENSHAW COMMUNITY HOSPITAL"
"010009","01103","HARTSELLE MEDICAL CENTER"
"010010","01095","MARSHALL MEDICAL CENTER NORTH"
"010011","01073","ST VINCENT'S EAST"
"010012","01049","DEKALB REGIONAL MEDICAL CENTER"
"010015","01025","SOUTHWEST ALABAMA MEDICAL CENTER"
"010016","01117","SHELBY BAPTIST MEDICAL CENTER"
"010017","01101","FAIRVIEW MEDICAL CTR"
"010018","01073","UAB CALLAHAN EYE HOSPITAL AUTHORITY"
"010019","01033","HELEN KELLER MEMORIAL HOSPITAL"
"010020","01015","PIEDMONT HOSPITAL"
"010021","01045","DALE MEDICAL CENTER"
"010022","01019","FLOYD CHEROKEE MEDICAL CENTER"
"010023","01101","BAPTIST MEDICAL CENTER SOUTH"
"010024","01101","JACKSON HOSPITAL & CLINIC INC"
"010025","01017","GEORGE H. LANIER MEMORIAL HOSPITAL"
"010026","01039","COLUMBIA REGIONAL MEDICAL CENTER"
"010027","01031","ELBA GENERAL HOSPITAL"
"010028","01095","GUNTERSVILLE HOSPITAL"
"010029","01081","EAST ALABAMA MEDICAL CENTER"
"010031","01113","PHENIX REGIONAL HOSPITAL"
"010032","01111","TANNER MEDICAL CENTER-EAST ALABAMA"
"010033","01073","UNIVERSITY OF ALABAMA HOSPITAL"
"010034","01051","COMMUNITY HOSPITAL INC"
"010035","01043","CULLMAN REGIONAL MEDICAL CENTER"
"010036","01039","ANDALUSIA HEALTH"
"010038","01015","STRINGFELLOW CAMPUS OF NORTHEAST RMC"
"010039","01089","HUNTSVILLE HOSPITAL"
"010040","01055","GADSDEN REGIONAL MEDICAL CENTER"
"010041","01097","NORTH MOBILE COMMUNITY HOSPITAL"
"010043","01021","CHILTON MEDICAL CENTER"
"010044","01093","NORTH MISSISSIPPI MEDICAL CENTER - HAMILTON"
"010045","01057","FAYETTE MEDICAL CENTER"
"010046","01055","RIVERVIEW REGIONAL MEDICAL CENTER"
"010047","01013","GEORGIANA MEDICAL CENTER"
"010049","01031","MEDICAL CENTER ENTERPRISE"
"010050","01009","ST VINCENTS BLOUNT"
"010051","01063","GREENE COUNTY HOSPITAL"
"010052","01123","LAKE MARTIN COMMUNITY HOSPITAL"
"010053","01053","ATMORE COMMUNITY HOSPITAL"
"010054","01103","DECATUR MORGAN HOSPITAL-PARKWAY CAMPUS"
"010055","01069","FLOWERS HOSPITAL"
"010056","01073","ST VINCENT'S BIRMINGHAM"
"010057","01031","ENTERPRISE HOSPITAL"
"010058","01007","BIBB MEDICAL CENTER"
"010059","01079","LAWRENCE MEDICAL CENTER"
"010060","01029","CLEBURNE COUNTY HOSPITAL"
"010061","01071","HIGHLANDS MEDICAL CENTER"
"010062","01061","WIREGRASS MEDICAL CENTER"
"010064","01073","PHYSICIANS MEDICAL CENTER CARRAWAY"
"010065","01123","RUSSELL MEDICAL CENTER"
"010066","01039","FLORALA MEMORIAL HOSPITAL"
"010067","01087","JOHN A ANDREW COMMUNITY HOSPITAL"
"010068","01073","HEALTHSOUTH METRO WEST HOSPITAL"
"010069","01005","MEDICAL CENTER BARBOUR"
"010070","01073","MEDICAL PARK WEST"
"010072","01121","COOSA VALLEY BAPTIST MEDICAL CENTER"
"010073","01027","CLAY COUNTY HOSPITAL"
"010074","01067","HENRY COUNTY HOSPITAL & NURSING HOME"
"010078","01015","NORTHEAST ALABAMA REGIONAL MEDICAL CENTER"
"010079","01083","ATHENS LIMESTONE HOSPITAL"
"010080","01075","LAMAR REGIONAL HOSPITAL"
"010081","01101","BAPTIST MEDICAL CENTER DOWNTOWN"
"010083","01003","BALDWIN HEALTH"
"010084","01073","UAB HIGHLANDS"
"010085","01103","DECATUR MORGAN HOSPITAL-DECATUR CAMPUS"
"010086","01093","NORTH MISSISSIPPI HEALTH SERVICES - SOUTH MARION"
"010087","01097","USA HEALTH UNIVERSITY HOSPITAL"
"010089","01127","WALKER BAPTIST MEDICAL CENTER"
"010090","01097","USA HEALTH PROVIDENCE HOSPITAL"
"010091","01025","GROVE HILL MEMORIAL HOSPITAL"
"010092","01125","DCH REGIONAL MEDICAL CENTER"
"010094","01059","NORTHWEST MEDICAL CENTER"
"010095","01065","HALE COUNTY HOSPITAL"
"010096","01053","ABERNETHY MEMORIAL HOSPITAL"
"010097","01051","ELMORE COMMUNITY HOSPITAL"
"010098","01111","RANDOLPH MEDICAL CENTER"
"010099","01053","D W MCMILLAN MEMORIAL HOSPITAL"
"010100","01003","THOMAS HOSPITAL"
"010101","01121","CITIZENS BAPTIST MEDICAL CENTER"
"010102","01131","J PAUL JONES HOSPITAL"
"010103","01073","PRINCETON BAPTIST MEDICAL CENTER"
"010104","01073","GRANDVIEW MEDICAL CENTER"
"010108","01001","PRATTVILLE BAPTIST HOSPITAL"
"010109","01107","PICKENS COUNTY MEDICAL CENTER"
"010110","01011","BULLOCK COUNTY HOSPITAL"
"010111","01093","GUIN HOSPITAL"
"010112","01091","WHITFIELD REGIONAL HOSPITAL"
"010113","01097","MOBILE INFIRMARY MEDICAL CENTER"
"010114","01073","UAB MEDICAL WEST"
"010115","01059","RED BAY HOSPITAL"
"010117","01073","LONGVIEW GENERAL HOSPITAL"
"010118","01047","VAUGHAN REGIONAL MEDICAL CENTER PARKWAY CAMPUS"
"010119","01097","UNIV OF SOUTH AL CHILDRENS AND WOMENS"
"010120","01099","MONROE COUNTY HOSPITAL"
"010121","01047","VAUGHAN REG MED CTR DALLAS AVE CAMPUS"
"010122","01023","CHOCTAW COMMUNITY HOSPITAL"
"010123","01077","FLORENCE HOSPITAL"
"010124","01033","MEDICAL CENTER SHOALS"
"010125","01133","LAKELAND COMMUNITY HOSPITAL"
"010126","01109","TROY REGIONAL MEDICAL CENTER"
"010127","01089","HUNTSVILLE HOSPITAL EAST"
"010128","01025","JACKSON MEDICAL CENTER"
"010129","01003","NORTH BALDWIN INFIRMARY"
"010130","01115","ST VINCENT'S ST CLAIR"
"010131","01089","CRESTWOOD MEDICAL CENTER"
"010133","01119","LIVINGTON TOMBIGBEE"
"010134","01129","WASHINGTON COUNTY INFIRMARY"
"010136","01083","D E JACKSON MEMORIAL HOSPITAL"
"010137","01073","COOPER GREEN MERCY HOSPITAL"
"010138","01119","HILL HOSPITAL OF SUMTER COUNTY"
"010139","01073","BAPTIST HEALTH BROOKWOOD HOSPITAL"
"010143","01043","WOODLAND MEDICAL CENTER"
"010144","01097","SPRINGHILL MEMORIAL HOSPITAL"
"010145","01125","NORTHPORT MEDICAL CENTER"
"010146","01015","RMC JACKSONVILLE"
"010148","01035","EVERGREEN MEDICAL CENTER"
"010149","01101","BAPTIST MEDICAL CENTER EAST"
"01014F","01073","BIRMINGHAM VA MEDICAL CENTER"
"010150","01013","REGIONAL MEDICAL CENTER OF CENTRAL ALABAMA"
"010152","01097","INFIRMARY WEST"
"010153","01125","D C H REHABILITATION PAVILION"
"010155","01105","VAUGHAN PERRY HOSPITAL"
"010156","01101","LONG TERM CARE HOSPITAL AT JACKSON,THE"
"010157","01033","NORTH ALABAMA SHOALS HOSPITAL"
"010158","01059","RUSSELLVILLE HOSPITAL"
"010159","01079","FLORENCE HOSPITAL"
"010160","01069","RAMSAY YOUTH SERVICES-DOTHAN"
"010161","01073","SELECT SPECIALTY HOSPITAL"
"010162","01073","LONG TERM CARE HOSP AT MED CENTER EAST,THE"
"010163","01069","LTC HOSP AT SE AL MED CTR,THE"
"010164","01121","COOSA VALLEY MEDICAL CENTER"
"010165","01015","THE LONG TERM CARE HOSPITAL AT REGIONAL MEDICAL CT"
"010167","01073","UAB HIGHLANDS"
"010168","01113","JACK HUGHSTON MEMORIAL HOSPITAL"
"010169","01053","ATMORE COMMUNITY HOSPITAL"
"010170","01117","NOLAND HOSPITAL SHELBY, LLC"
"010171","01023","CHOCTAW GENERAL HOSPITAL"
"010172","01083","NORTH ALABAMA SPECIALITY HOSPITAL"
"010173","01021","ST VINCENT'S CHILTON"
"010174","01025","THOMASVILLE REGIONAL MEDICAL CENTER LLC"
"010175","01017","EAMC - LANIER"
"010176","01097","GULF COAST SURGICAL PARTNERS LLC"
"01019F","01101","CENTRAL AL VETERANS HLTH CARE SYSTEM WEST CAMPUS"
"01021F","01125","TUSCALOOSA VA MEDICAL CENTER"
"01022F","01087","CENTRAL AL VETERANS HLTH CARE SYSTEM EAST CAMPUS"
"01047E","01125","BRYCE HOSP"
"010779","01011","BULLOCK COUNTY HOSPITAL"
"010780","01017","EAMC - LANIER"
"010781","01131","J PAUL JONES HOSPITAL"
"010782","01027","CLAY COUNTY HOSPITAL"
"010783","01025","GROVE HILL MEMORIAL HOSPITAL"
"011300","01129","WASHINGTON COUNTY HOSPITAL"
"011301","01053","ATMORE COMMUNITY HOSPITAL"
"011302","01059","RED BAY HOSPITAL"
"011303","01111","RANDOLPH MEDICAL CENTER"
"011304","01023","OCHSNER CHOCTAW GENERAL"
"011305","01009","ST VINCENTS BLOUNT"
"011306","01111","TANNER MEDICAL CENTER-EAST ALABAMA"
"011307","01005","MEDICAL CENTER BARBOUR"
"011308","01041","CRENSHAW COMMUNITY HOSPITAL"
"011309","01061","WIREGRASS MEDICAL CENTER"
"011310","01099","MONROE COUNTY HOSPITAL"
"011311","01133","LAKELAND COMMUNITY HOSPITAL"
"012004","01097","KNOLLWOOD CTR FOR SPECIALIZED MEDICINE"
"012005","01125","DCH REHABILITATION PAVILION"
"012006","01097","INFIRMARY LTAC HOSPITAL"
"012007","01101","NOLAND HOSPITAL MONTGOMERY II, LLC"
"012008","01073","SELECT SPECIALTY HOSPITAL - BIRMINGHAM"
"012009","01073","NOLAND HOSPITAL BIRMINGHAM II, LLC"
"012010","01069","NOLAND HOSPITAL DOTHAN II, LLC"
"012011","01015","NOLAND HOSPITAL ANNISTON II, LLC"
"012012","01125","NOLAND HOSPITAL TUSCALOOSA II, LLC"
"012013","01117","NOLAND HOSPITAL SHELBY II, LLC"
"012014","01089","NORTH ALABAMA SPECIALTY HOSPITAL"
"013025","01073","ENCOMPASS HEALTH LAKESHORE REHABILITATION HOSPITAL"
"013026","01097","ROTARY REHABILITATION HOSP"
"013027","01003","MOBILE BAY REHABILITATION HOSPITAL"
"013028","01101","ENCOMPASS REHABILITATION HOSPITAL OF MONTGOMERY"
"013029","01089","ENCOMPASS HEALTH REHABILITATION HOSPITAL NORTH  AL"
"013030","01069","ENCOMPASS HEALTH REHABILITATION HOSPITAL OF DOTHAN"
"013031","01117","ENCOMPASS HEALTH REHABILITATION HOSPITAL OF SHELBY"
"013032","01055","ENCOMPASS HEALTH REHABILITATION HOSPITAL GADSDEN"
"013033","01113","REHABILITATION HOSPITAL OF PHENIX CITY"
"013300","01073","CHILDREN'S HOSPITAL OF ALABAMA"
"013301","01097","USA HEALTH CHILDREN'S & WOMEN'S HOSPITAL"
"014000","01073","HILL CREST BEHAVIORAL HEALTH SERVICES"
"014001","01103","DECATUR GENERAL WEST"
"014002","01097","CHARTER BEHAV HLTH SYSTEM OF MOBILE"
"014003","01069","CHARTER WOODS BEHAVORIAL HEALTH SYSTEM"
"014004","01103","NORTH ALABAMA REGIONAL HOSP"
"014005","01101","GREIL MEMORIAL PSYCHIATRIC HOSP"
"014006","01055","MOUNTAIN VIEW HOSPITAL"
"014007","01125","BRYCE HOSPITAL"
"014008","01097","SEARCY HOSPITAL (ACUTE CARE ADMISS UNIT)"
"014009","01103","NORTH ALABAMA REGIONAL HOSPITAL"
"014010","01097","BAYCARE PSYCHIATRIC HOSPITAL"
"014011","01125","TAYLOR HARDIN SECURE MEDICAL FACILITY"
"014012","01125","MARY S HARPER GERIATRIC PSYCHIATRY CENTER"
"014013","01069","LAUREL OAKS BEHAVIORAL HEALTH CENTER"
"014014","01097","BAYPOINTE BEHAVIORAL HEALTH"
"014015","01041","BEACON CHILDREN'S HOSPITAL"
"014016","01043","SANCTUARY AT THE WOODLANDS, THE"
"014017","01003","EASTPOINTE HOSPITAL"
"014018","01089","UNITY PSYCHIATRIC CARE - HUNTSVILLE"
"014019","01071","UNITY PSYCHIATRIC CARE - CREEKSIDE"
"019800","01073","UNIVERSITY OF ALABAMA HOSPITAL"
"019801","01073","CHILDREN'S HOSPITAL OF ALABAMA"
"020001","02020","PROVIDENCE ALASKA MEDICAL CENTER"
"020002","02220","SITKA COMMUNITY HOSPITAL"
"020004","02130","KETCHIKAN GENERAL HOSPITAL"
"020005","02180","NORTON SOUND REGIONAL HOSPITAL"
"020006","02170","MAT-SU REGIONAL MEDICAL CENTER"
"020007","02280","WRANGELL MEDICAL CENTER"
"020008","02110","BARTLETT REGIONAL HOSPITAL"
"020009","02280","PETERSBURG MEDICAL CENTER"
"020010","02020","CORDOVA COMMUNITY MEDICAL CENTER"
"020011","02020","PROVIDENCE SEWARD HOSPITAL"
"020012","02090","FAIRBANKS MEMORIAL HOSPITAL"
"020013","02150","PROVIDENCE KODIAK ISLAND MEDICAL CENTE"
"020014","02120","SOUTH PENINSULA HOSPITAL"
"020016","     ","FAITH HOSPITAL"
"020017","02020","ALASKA REGIONAL HOSPITAL"
"020018","02050","YUKON KUSKOKWIM DELTA REG HOSPITAL"
"020019","02040","SAMUEL SIMMONDS MEMORIAL HOSPITAL"
"020020","02020","MANILAQ HEALTH CENTER"
"020021","02070","BRISTOL BAY AREA HEALTH CORP"
"020024","02120","CENTRAL PENINSULA GENERAL HOSPITAL"
"020025","02020","VALDEZ COMMUNITY HOSPITAL"
"020026","02020","ALASKA NATIVE MEDICAL CENTER"
"020027","02220","MT EDGECUMBE HOSPITAL"
"020028","02020","ST ELIAS SPECIALTY HOSPITAL"
"02003F","02020","US PUBLIC HEALTH SERVICE HOSP"
"02009F","02020","US NAVAL HOSP"
"02010F","02150","US NAVY STATION HOSP"
"02011F","     ","US AIR FORCE DISPENSARY"
"02012F","02090","US AIR FORCE HOSP"
"02015E","     ","HARBORVIEW MEM HOSP"
"021301","02260","PROVIDENCE VALDEZ MEDICAL CENTER"
"021302","02210","PROVIDENCE SEWARD MEDICAL CENTER"
"021303","02220","SITKA COMMUNITY HOSPITAL"
"021304","02280","PETERSBURG MEDICAL CENTER"
"021305","02280","SEARHC WRANGELL MEDICAL CENTER-CAH"
"021306","02150","PROVIDENCE KODIAK ISLAND MEDICAL CTR"
"021307","02080","CORDOVA COMMUNITY MEDICAL CENTER"
"021308","02180","NORTON SOUND REGIONAL HOSPITAL"
"021309","02070","KANAKANAK HOSPITAL"
"021310","     ","MANIILAQ HEALTH CENTER"
"021311","02130","KETCHIKAN MEDICAL CENTER"
"021312","02040","SAMUEL SIMMONDS MEMORIAL HOSPITAL"
"021313","02120","SOUTH PENINSULA HOSPITAL"
"021314","02220","SOUTHEAST ALASKA REGIONAL HEALTH CONSORTIUM"
"022001","02020","ST ELIAS SPECIALTY HOSPITAL"
"024000","02020","ALASKA PSYCHIATRIC INSTITUTE"
"024001","02020","NORTH STAR HOSPITAL"
"024002","02020","ALASKA PSYCHIATRIC INSTITUTE"
"024003","02020","COLUMBIA NORTH STAR HOSPITAL"
"030001","04013","ABRAZO MARYVALE CAMPUS"
"030002","04013","BANNER - UNIVERSITY MEDICAL CENTER PHOENIX"
"030003","04013","PHOENIX MEMORIAL HOSPITAL"
"030004","04001","SAGE MEMORIAL HOSPITAL"
"030006","04019","TUCSON MEDICAL CENTER"
"030007","04025","VERDE VALLEY MEDICAL CENTER"
"030008","04013","PHOENIX REGIONAL MEDICAL CENTER"
"030009","04019","KINO COMMUNITY HOSPITAL"
"030010","04019","ST. MARY'S HOSPITAL"
"030011","04019","ST JOSEPH'S HOSPITAL"
"030012","04025","YAVAPAI REGIONAL MEDICAL CENTER"
"030013","04027","YUMA REGIONAL MEDICAL CENTER"
"030014","04013","HONORHEALTH JOHN C. LINCOLN MEDICAL CENTER"
"030016","04021","BANNER CASA GRANDE MEDICAL CENTER"
"030017","04013","MESA GENERAL HOSPITAL"
"030018","04013","BANNER MESA MEDICAL CENTER"
"030019","04013","TEMPE ST LUKE'S HOSPITAL, A CAMPUS OF ST LUKE'S ME"
"03001E","04013","CRIPPLED CHILDRENS HOSP"
"030020","04013","PHOENIX GENERAL HOSPITAL"
"030022","04013","VALLEYWISE HEALTH MEDICAL CENTER"
"030023","04005","FLAGSTAFF MEDICAL CENTER"
"030024","04013","ST. JOSEPH'S HOSPITAL AND MEDICAL CENTER"
"030025","04013","WICKENBURG REGIONAL HOSPITAL"
"030027","04003","COPPER QUEEN COMMUNITY HOSPITAL (CLOSED)"
"03002E","04019","UNIVERSITY PHYSICIANS HOSPITAL AT KINO, THE"
"030030","04013","ABRAZO CENTRAL CAMPUS"
"030033","04007","BANNER PAYSON MEDICAL CENTER"
"030034","04003","SOUTHEAST ARIZONA MEDICAL CENTER"
"030035","04019","TUCSON GENERAL HOSPITAL"
"030036","04013","CHANDLER REGIONAL MEDICAL CENTER"
"030037","04013","HONORHEALTH TEMPE MEDICAL CENTER"
"030038","04013","HONORHEALTH SCOTTSDALE OSBORN MEDICAL CENTER"
"030040","04023","CARONDELET HOLY CROSS HOSPITAL - CLOSED"
"030041","04003","NORTHERN COCHISE COMMUNITY HOSPITAL"
"030043","04003","CANYON VISTA MEDICAL CENTER"
"030044","04017","WINSLOW MEMORIAL HOSPITAL"
"030046","04001","WHITE MOUNTAIN REGIONAL MEDICAL CENTER"
"030047","04005","PAGE HOSPITAL"
"030048","04011","MORENCI HOSPITAL"
"030049","04021","CENTRAL ARIZONA MEDICAL CENTER"
"03004F","04019","US AIR FORCE HOSP"
"030051","04007","OMNI REGIONAL MEDICAL CENTER"
"030054","04003","BENSON HOSPITAL"
"030055","04015","KINGMAN REGIONAL MEDICAL CENTER"
"030057","04013","VALLEY VIEW COMMUNITY HOSPITAL"
"030059","04013","ARIZONA SURGICAL HOSPITAL"
"03005F","04013","US AIR FORCE HOSP - CLOSED"
"030060","04007","COBRE VALLEY COMMUNITY HOSPITAL"
"030061","04013","BANNER BOSWELL MEDICAL CENTER"
"030062","04017","SUMMIT HEALTHCARE REGIONAL MEDICAL CENTER"
"030063","04013","SCOTTSDALE COMMUNITY HOSPITAL"
"030064","04019","BANNER - UNIVERSITY MEDICAL CENTER TUCSON CAMPUS"
"030065","04013","BANNER DESERT MEDICAL CENTER"
"030067","04012","LA PAZ REGIONAL HOSPITAL"
"030068","04009","MT. GRAHAM REGIONAL MEDICAL CENTER"
"030069","04015","HAVASU REGIONAL MEDICAL CENTER"
"03006F","04013","US AIR FORCE HOSP"
"030071","04001","FORT DEFIANCE INDIAN HOSPITAL"
"030072","04017","PHS INDIAN HOSPITAL"
"030073","04005","TUBA CITY REGIONAL HEALTH CARE CORPORATION"
"030074","04019","SELLS HOSPITAL"
"030076","04013","HU HU KAM MEMORIAL HOSPITAL"
"030077","04007","SAN CARLOS APACHE HEALTHCARE"
"030078","04013","PHOENIX INDIAN MEDICAL CENTER"
"030079","     ","PARKER PHS INDIAN HOSPITAL"
"03007F","04003","US ARMY HOSP"
"030080","04019","EL DORADO HOSPITAL - CLOSED"
"030081","04021","KENNECOTT SAMARITAN HOSPITAL"
"030082","04013","ST LUKES BEHAVIORIAL HEALTH CENTER"
"030083","04013","ABRAZO SCOTTSDALE CAMPUS"
"030084","04001","CHINLE COMPREHENSIVE HEALTH CARE FACILITY"
"030085","04019","NORTHWEST MEDICAL CENTER"
"030086","04015","WESTERN AZ REGIONAL MEDICAL CENTER"
"030087","04013","HONORHEALTH SCOTTSDALE SHEA MEDICAL CENTER"
"030088","04013","BANNER BAYWOOD MEDICAL CENTER"
"030089","04013","BANNER THUNDERBIRD MEDICAL CENTER"
"030091","04017","COMMUNITY GENERAL HOSPITAL"
"030092","04013","HONORHEALTH DEER VALLEY MEDICAL CENTER"
"030093","04013","BANNER DEL E. WEBB MEDICAL CENTER"
"030094","04013","ABRAZO ARROWHEAD CAMPUS"
"030095","04015","MOHAVE VALLEY HOSPITAL, INC"
"030096","04013","KANGAROO KIDS"
"030097","04013","AMERICAN TRANSITIONAL HOSPITAL PHOENIX"
"030098","04013","AMERICAN TRANSITIONAL HOSPITAL INC"
"030099","04001","WHITE MOUNTAIN REGIONAL MEDICAL CENTER"
"030100","04019","CARONDELET HEART AND VASCULAR INSTITUTE"
"030101","04015","WESTERN ARIZONA REGIONAL MEDICAL CENTER"
"030102","04013","ARIZONA HEART HOSPITAL"
"030103","04013","MAYO CLINIC HOSPITAL"
"030104","04013","SELECT SPECIALTY HOSPITAL"
"030105","04013","BANNER HEART HOSPITAL"
"030106","04013","PHOENIX MEMORIAL HOSPITAL"
"030107","04013","ARIZONA SPINE AND JOINT HOSPITAL"
"030108","04013","THE CORE INSTITUTE SPECIALTY HOSPITAL"
"030109","04013","PROMISE SPECIALTY HOSP PHX (SEE MED3279 NEW)"
"030110","04013","ABRAZO WEST CAMPUS"
"030111","04019","BANNER-UNIVERSITY MEDICAL CENTER SOUTH CAMPUS"
"030112","04013","ARIZONA SPECIALTY HOSPITAL"
"030113","04017","WHITERIVER PHS INDIAN HOSPITAL"
"030114","04019","ORO VALLEY HOSPITAL"
"030115","04013","BANNER ESTRELLA MEDICAL CENTER"
"030116","04013","BARIX CLINICS OF ARIZONA"
"030117","04015","VALLEY VIEW MEDICAL CENTER"
"030118","04025","YAVAPAI REGIONAL MEDICAL CENTER-EAST CAMPUS"
"030119","04013","MERCY GILBERT MEDICAL CENTER"
"03011F","04017","FT APACHE P H S INDIAN HOSP"
"030120","04013","GILBERT HOSPITAL"
"030121","04013","HONORHEALTH MOUNTAIN VISTA MEDICAL CENTER"
"030122","04013","BANNER GATEWAY MEDICAL CENTER"
"030123","04013","HONORHEALTH SCOTTSDALE THOMPSON PEAK MED CTR"
"030124","04013","TRILLIUM SPECIALTY HOSPITAL - EAST VALLEY"
"030125","04013","TRILLIUM SPECIALTY HOSPITAL-WEST VALLEY"
"030126","04013","ARIZONA REGIONAL MEDICAL CENTER"
"030127","04013","WESTERN REGIONAL MEDICAL CENTER CANCER HOSPITAL"
"030128","04015","HUALAPAI MOUNTAIN MEDICAL CENTER"
"030129","04021","FLORENCE COMMUNITY HEALTHCARE"
"03012F","04013","VA HOSP CARL T HAYDEN VA MEDICAL CENTER"
"030130","04021","BANNER IRONWOOD MEDICAL CENTER"
"030131","04013","O.A.S.I.S. HOSPITAL"
"030132","04021","FLORENCE HOSPITAL AT ANTHEM, LLC"
"030133","04013","GLOBALREHAB AT SCOTTSDALE HEALTHCARE"
"030134","04021","BANNER GOLDFIELD MEDICAL CENTER"
"030135","04013","FREEDOM PAIN HOSPITAL"
"030136","04013","DIGNITY HEALTH - ARIZONA GENERAL HOSPITAL"
"030137","04019","SANTA CRUZ VALLEY REGIONAL HOSPITAL"
"030138","04013","CITY OF HOPE CANCER CENTER PHOENIX"
"030139","04013","DIGNITY HEALTH ARIZONA GENERAL HOSPITAL"
"03013F","04019","VA HOSP SOUTHERN ARIZONA HEALTHCARE SYSTEM"
"030140","04013","SKI AMBULATORY SURGICAL CENTER LLC"
"030141","04019","SKI AMBUATORY SURGICAL CENTERS, LLC"
"030142","04013","SKI AMBULATORY SURGICAL CENTERS, LLC"
"030143","04013","HEART HEALTH CENTER LLC"
"030144","04025","THE EYE CLINIC"
"030145","04005","FOREST CANYON ENDOSCOPY & SURGERY CENTER PC"
"030146","04013","HONORHEALTH SONORAN CROSSING MEDICAL CENTER"
"030147","04013","BANNER OCOTILLO MEDICAL CENTER"
"030148","04019","NORTHWEST MEDICAL CENTER SAHUARITA"
"030149","04013","HEART AND VASCULAR SURGICAL CENTER, LLC"
"03014F","04025","VA HOSP"
"030150","04013","PEAK SURGERY CENTER OF AVONDALE"
"030151","04013","THE MINIMALLY INVASIVE SPINE SURGERY CENTER OF PAR"
"030152","04021","EXCEPTIONAL COMMUNITY HOSPITAL - MARICOPA"
"030153","04013","EAST VALLEY ER & HOSPITAL"
"030154","04027","EXCEPTIONAL COMMUNITY HOSPITAL YUMA"
"030155","04015","EXCEPTIONAL COMMUNITY HOSPITAL BULLHEAD CITY"
"030195","04017","KAYENTA ALTERNATIVE RURAL HOSPITAL"
"030196","04025","EXCEPTIONAL COMMUNITY HOSPITAL PRESCOTT"
"030198","04019","CORNERSTONE SPECIALTY HOSPITALS TUCSON"
"03019F","04017","PHS WINSLOW INDIAN HOSPITAL"
"03020F","04027","US ARMY HOSP"
"03022E","04021","MAGMA COPPER CORP HOSP"
"03027E","04013","FRANKLIN HOSP"
"03028E","04019","ARIZONA STATE ELKS ASSN HOSP"
"03029E","04025","BAGDAD HOSP"
"03030E","04019","UNIVERSITY STUDENT HLTH UNIT"
"03032E","04021","SAN MANUEL DIV HOSP-MAGMA COPPER CO"
"03033F","04025","VA HOSPITAL NORTHERN ARIZONA HEALTHCARE SYSTEM"
"031300","04013","WICKENBURG COMMUNITY HOSPITAL"
"031301","04003","BENSON HOSPITAL"
"031302","04003","NORTHERN COCHISE COMMUNITY HOSPITAL, INC."
"031303","04003","COCHISE REGIONAL HOSPITAL"
"031304","04005","PAGE HOSPITAL"
"031305","04017","HOPI HEALTH CARE CENTER"
"031306","04017","WHITERIVER PHS INDIAN HOSPITAL"
"031307","04012","PARKER INDIAN HEALTH CENTER"
"031308","04021","HUHU KAM MEMORIAL HOSPITAL"
"031309","04001","SAGE MEMORIAL HOSPITAL"
"031310","04027","FT YUMA PHS INDIAN HOSPITAL"
"031311","04017","LITTLE COLORADO MEDICAL CENTER"
"031312","04003","COPPER QUEEN COMMUNITY HOSPITAL"
"031313","04023","HOLY CROSS HOSPITAL"
"031314","04007","COBRE VALLEY REGIONAL MEDICAL CENTER"
"031315","04001","WHITE MOUNTAIN REGIONAL MEDICAL CENTER"
"031316","04021","FLORENCE COMMUNITY HEALTHCARE"
"031317","04012","LA PAZ REGIONAL HOSPITAL"
"031318","04007","BANNER PAYSON MEDICAL CENTER"
"031319","04009","MT. GRAHAM REGIONAL MEDICAL CENTER"
"031320","04007","SAN CARLOS APACHE HEALTHCARE CORPORATION"
"032000","04013","PAM HEALTH SPECIALTY HOSPITAL OF SURPRISE"
"032001","04013","SELECT SPECIALTY HOSPITAL PHOENIX"
"032002","04019","SELECT SPECIALTY HOSPITAL-TUCSON NORTHWEST"
"032003","04013","AMERICAN TRANSITIONAL HOSPITAL, INC"
"032004","04019","CORNERSTONE SPECIALTY HOSPITALS TUCSON"
"032005","04013","SELECT SPECIALTY HOSPITAL ARIZONA"
"032006","04013","PHOENIX SPECIALTY HOSPITAL"
"032007","04013","ACUITY SPECIALTY HOSPITAL OF ARIZONA AT MESA"
"032008","04013","ACUITY SPECIALTY HOSPITAL OF ARIZONA AT SUN CITY"
"033025","04013","ENCOMPASS HEALTH REHAB HOSPITAL OF SCOTTSDALE"
"033026","04013","HEATHSOUTH VALLEY OF THE SUN REHAB"
"033027","04013","VENCOR HOSPITAL - PHOENIX"
"033028","04019","ENCOMPASS HEALTH REHABILITATION INSTITUTE OF TUCSO"
"033029","04019","ENCOMPASS HEALTH REHABILITATION HOSPITAL OF NORTHW"
"033030","04019","VENCOR HOSPITAL - TUCSON"
"033031","04015","SUMMIT HOSPITAL OF SOUTHEAST ARIZONA"
"033032","04013","ENCOMPASS HEALTH VALLEY OF THE SUN REHAB HOSPITAL"
"033034","04027","YUMA REHABILITATION HOSPITAL,AN AFFILIATION OF ENC"
"033035","04013","PHOENIX REHABILITATION HOSPITAL"
"033036","04025","MOUNTAIN VALLEY REGIONAL REHABILITATION HOSPITAL"
"033037","04013","ENCOMPASS HEALTH REHABILITATION HOSPITAL OF EAST V"
"033038","04013","GLOBALREHAB - SCOTTSDALE, LLC"
"033039","04013","PAM HEALTH REHABILITATION HOSPITAL OF SURPRISE"
"033040","04013","DIGNITY HEALTH EAST VALLEY REHABILITATION HOSPITAL"
"033041","04005","REHABILITATION HOSPITAL OF NORTHERN ARIZONA"
"033042","04013","BANNER REHABILITATION HOSPITAL-WEST"
"033043","04013","REUNION REHABILITATION HOSPITAL PHOENIX LLC"
"033044","04013","DIGNITY HEALTH EAST VALLEY REHABILITATION HOSPITAL"
"033045","04013","REUNION REHABILITATION HOSPITAL PEORIA LLC"
"033046","04013","CLEARSKY REHABILITATION HOSPITAL OF AVONDALE"
"033047","04013","EXALT HEALTH REHABILITATION HOSPITAL SCOTTSDALE"
"033301","04013","LOS NINOS HOSPITAL, INC."
"033302","04013","PHOENIX CHILDREN'S HOSPITAL"
"033303","04013","HACIENDA CHILDREN'S HOSPITAL, INC."
"034000","04013","WENDY PAINE OBRIEN TREATMNT CNTR PHX"
"034001","04019","PALO VERDE MENTAL HLTH SVS DIV OF TMC"
"034002","04013","ARIZONA STATE HOSP"
"034003","04019","TUCSON PSYCH INSTIT INC"
"034004","04013","BANNER BEHAVIORAL HEALTH HOSPITAL"
"034005","04013","CAMELBACK SAM BEHAV H CNTR WEST VALLEY"
"034006","04003","RAMSEY CANYON HOSP & TREATMENT CENTER"
"034007","04019","SONORA DESERT HOSP"
"034008","04013","CHARTER MESA BEHAVIORAL HEALTH SYSTEM"
"034009","04013","CHARTER BHS OF ARIZONA EAST VALLEY"
"034010","04013","CHARTER BHS OF ARIZONA GLENDALE"
"034011","04013","EAST VALLEY ST LUKE'S B H CTR"
"034012","04019","TUCSON PSYCHIATRIC INSTITUTE"
"034013","04013","COLLEGE MEDICAL CENTER PHOENIX"
"034014","04013","CAMELBACK SAM BEHAV H CNTR EAST VALLEY"
"034015","04005","ASPEN HILL HOSPITAL"
"034016","04013","ARIZONA STATE HOSPITAL"
"034017","04013","WESTBRIDGE"
"034018","04013","WESTRIDGE CENTER FOR CHILDREN"
"034019","04019","WESTCENTER REHABILITATION FACILITY INC"
"034020","04013","HAVEN BEHAVIORAL HOSPITAL OF PHOENIX"
"034021","04013","ARIZONA STATE HOSPITAL"
"034022","04019","SONORA BEHAVIORAL HEALTH HOSPITAL"
"034023","04005","THE GUIDANCE CENTER"
"034024","04013","AURORA BEHAVIORAL HEALTH SYSTEM"
"034025","04025","THE HEALING PLACE"
"034026","04013","VALLEY HOSPITAL"
"034027","04017","CHANGEPOINT PSYCHIATRIC HOSPITAL"
"034028","04013","AURORA BEHAVIORAL HEALTHCARE-TEMPE"
"034029","04013","OASIS BEHAVIORAL HEALTH HOSPITAL"
"034030","04019","PALO VERDE BEHAVIORAL HEALTH"
"034031","04013","QUAIL RUN BEHAVIORAL HEALTH"
"034032","04013","COPPER SPRINGS HOSPITAL, LLC"
"034033","04019","EL DORADO SPRINGS"
"034034","04013","DESTINY SPRINGS HEALTHCARE"
"034035","04013","AVENIR BEHAVIORAL HEALTH CENTER"
"034036","04025","MEDICAL BEHAVIORAL HOSPITAL OF NORTHERN ARIZONA, L"
"034037","04015","TALAS HARBOR AT BULLHEAD CITY"
"034038","04013","PHOENIX MEDICAL PSYCHIATRIC HOSPITAL, LLC"
"034039","04013","TALAS HARBOR AT BUCKEYE"
"034040","04013","VIA LINDA BEHAVIORAL HOSPITAL"
"034041","04013","AGAVE RIDGE BEHAVIORAL HOSPITAL"
"039800","04019","BANNER UNIVERSITY MEDICAL CTR AT THE AZ HEALTH SC"
"039801","04013","MAYO CLINIC HOSPITAL"
"039802","04013","BANNER- UNIVERSITY  MEDICAL CENTER PHOENIX"
"039803","04013","ST JOSEPH'S HOSPITAL AND MEDICAL CENTER"
"039804","04013","PHOENIX CHILDRENS HOSPITAL"
"040001","05007","SILOAM SPRINGS REGIONAL HOSPITAL"
"040002","05071","JOHNSON REGIONAL MEDICAL CENTER"
"040003","05029","ST ANTHONYS HEALTHCARE CENTER"
"040004","05143","WASHINGTON REGIONAL MEDICAL CENTER"
"040005","05015","EUREKA SPRINGS HOSPITAL"
"040006","05089","CENTRAL OZARKS MEDICAL CENTER, INC"
"040007","05119","CHI ST VINCENT INFIRMARY"
"040008","05075","LAWRENCE MEMORIAL HOSPITAL"
"040009","05095","DELTA MEDICAL CENTER"
"040010","05007","MERCY HOSPITAL NORTHWEST ARKANSAS"
"040011","05149","CHAMBERS MEMORIAL HOSPITAL"
"040013","05143","FAYETTEVILLE CITY HOSPITAL"
"040014","05145","UNITY HEALTH WHITE COUNTY MEDICAL CENTER"
"040015","05113","MENA REGIONAL HEALTH SYSTEM"
"040016","05119","UAMS MEDICAL CENTER"
"040017","05009","NORTH ARKANSAS REGIONAL MEDICAL CENTER"
"040018","05033","BAPTIST HEALTH - VAN BUREN"
"040019","05123","FORREST CITY MEDICAL CENTER"
"040020","05031","ST BERNARDS MEDICAL CENTER"
"040021","05119","SOUTHWEST REGIONAL MEDICAL CENTER"
"040022","05143","NORTHWEST MEDICAL CENTER"
"040024","05003","ASHLEY COUNTY MEDICAL CENTER"
"040025","05037","CROSSRIDGE COMMUNITY HOSPITAL"
"040026","05051","CHI ST VINCENT HOSPITAL HOT SPRINGS"
"040027","05005","BAXTER HEALTH"
"040028","05083","BOONEVILLE COMMUNITY HOSPITAL"
"040029","05045","CONWAY REGIONAL MEDICAL CENTER, INC"
"040030","05149","DARDANELLE HOSPITAL"
"040031","05087","HUNTSVILLE MEMORIAL HOSPITAL"
"040032","05081","LITTLE RIVER MEMORIAL HOSPITAL"
"040033","05017","DERMOTT-CHICOT MEMORIAL HOSPITAL"
"040035","05049","FULTON COUNTY HOSPITAL"
"040036","05119","BAPTIST HEALTH MEDICAL CENTER NORTH LITTLE ROCK"
"040037","05065","MEDICAL CENTER OF CALICO ROCK INC"
"040039","05055","ARKANSAS METHODIST MEDICAL CENTER"
"040040","05127","MERCY HOSPITAL OF SCOTT COUNTY"
"040041","05115","ST MARYS REGIONAL MEDICAL CENTER"
"040042","05035","CRITTENDEN MEMORIAL HOSPITAL"
"040043","05063","WRMC GRAYS"
"040044","05137","STONE COUNTY MEDICAL CENTER INC"
"040045","05021","PIGGOTT COMMUNITY HOSPITAL"
"040047","05121","ST BERNARDS FIVE RIVERS MEDICAL CENTER"
"040048","05007","BATES MEDICAL CENTER"
"040050","05103","OUACHITA COUNTY MEDICAL CENTER"
"040051","05043","BAPTIST HEALTH MEDICAL CENTER-DREW COUNTY"
"040053","05041","DELTA MEMORIAL HOSPITAL ASSOCIATION"
"040054","05067","NEWPORT HOSPITAL AND CLINIC"
"040055","05131","BAPTIST HEALTH - FORT SMITH"
"040058","05047","MERCY HOSPITAL TURNER MEMORIAL"
"040060","05141","OZARK HEALTH"
"040062","05131","MERCY HOSPITAL FORT SMITH"
"040063","05091","ST MICHAEL HOSPITAL OF TEXARKANA"
"040064","05001","DEWITT CITY HOSPITAL"
"040066","05019","BAPTIST MED CTR ARKADELPHIA"
"040067","05027","MAGNOLIA REGIONAL MEDICAL CENTER"
"040068","05077","LEE MEMORIAL HOSP"
"040069","05093","GREAT RIVER MEDICAL CENTER"
"040070","05093","BAPTIST MEMORIAL HOSPITAL OSCEOLA"
"040071","05069","JEFFERSON REGIONAL MEDICAL CENTER"
"040072","05001","BAPTIST HEALTH MEDICAL CENTER-STUTTGART"
"040074","05119","NORTH METRO MEDICAL CENTER"
"040075","05007","GRAVETTE MEDICAL CENTER"
"040076","05059","BAPTIST HEALTH MEDICAL CENTER-HOT SPRINGS COUNTY"
"040077","05011","BRADLEY COUNTY MEDICAL CENTER"
"040078","05051","NATIONAL PARK MEDICAL CENTER"
"040080","05067","UNITY HEALTH NEWPORT"
"040081","05109","PIKE COUNTY HOSPITAL"
"040082","05061","HOWARD MEMORAL HOSPITAL"
"040084","05125","SALINE MEMORIAL HOSPITAL"
"040085","05107","HELENA REGIONAL MEDICAL CENTER"
"040087","05073","LAFAYETTE CO MEMORIAL HOSP"
"040088","05139","SOUTH ARKANSAS REGIONAL HOSPITAL LLC"
"04008F","05093","US AIR FORCE HOSP"
"040090","05039","DALLAS COUNTY HOSPITAL"
"040091","05057","MEDICAL PARK HOSPITAL"
"040093","05041","MCGEHEE DESHA COUNTY HOSPITAL"
"040095","05099","NEVADA COUNTY HOSPITAL"
"040098","05139","UNION MEDICAL CENTER"
"04009F","05143","VA HOSP"
"040100","05145","WHITE COUNTY MEDICAL CENTER - NORTH CAMPUS"
"040105","05017","CHICOT MEMORIAL HOSPITAL"
"040106","05023","BAPTIST HEALTH MED CEN HEBER SPRINGS"
"040107","05133","DE QUEEN REGIONAL MEDICAL CENTER"
"040108","05147","WOODRUFF COUNTY HOSPITAL"
"040109","05015","ST JOHNS HOSPITAL BERRYVILLE"
"04010F","05119","VA HOSP"
"040113","05013","CALHOUN COUNTY HOSPITAL"
"040114","05119","BAPTIST HEALTH MEDICAL CENTER-LITTLE ROCK"
"040115","05089","BULL SHOALS COMM HOSPITAL & CLINIC"
"040116","05119","COLUMBIA DOCTORS HOSPITAL"
"040118","05001","NEA BAPTIST MEMORIAL HOSPITAL"
"040119","05063","WHITE RIVER MEDICAL CENTER"
"04011F","05119","VA HOSP"
"040122","05021","CORNING COMMUNITY HOSP"
"040123","05093","BUFFALO ISLAND COMMUNITY HOSPITAL"
"040124","05083","NORTH LOGAN MERCY HOSPITAL"
"040126","05135","EASTERN OZARKS REG HEALTH SYSTEM"
"040127","05085","ENGLAND HOSPITAL"
"040128","05019","GURDON MUNICIPAL HOSPITAL"
"040130","05077","LEE MEMORIAL HOSPITAL"
"040131","05093","BUFFALO ISLAND COMMUNITY HOSPITAL"
"040132","05051","LEVI HOSPITAL"
"040133","05089","BULL SHOALS COMMUNITY HOSP & CL INC"
"040134","05119","ARKANSAS HEART HOSPITAL, LLC"
"040135","05119","SELECT SPECIALITY HOSPITAL LITTLE ROCK"
"040136","05051","ADVANCE CARE HOSPITAL"
"040137","05119","ST VINCENT MEDICAL CENTER/NORTH"
"040138","05007","NW MEDICAL CTR - BENTONVILLE"
"040139","05119","SEMPERCARE HOSPITAL OF LITTLE"
"04013F","05119","US AIR FORCE DISPENSARY"
"040140","05131","SELECT SPECIALTY HOSPITAL FORT SMITH"
"040141","05143","WILLOW CREEK WOMENS HOSPITAL"
"040142","05051","HEALTHPARK HOSPITAL"
"040143","05069","SELECT SPECIALITY HOSPITAL PINE BLUFF"
"040144","05131","ADVANCE CARE HOSPITAL OF FT SMITH"
"040145","05031","SURGICAL HOSPITAL OF JONESBORO, LLC,THE"
"040146","05143","REGENCY HOSPITAL NW ARKANSAS"
"040147","05119","ARKANSAS SURGICAL HOSPITAL"
"040148","05119","ALLEGIANCE SPECIALTY HOSPITAL OF LR LLC"
"040149","05145","ADVANCED CARE HOSPITAL WHITE COUNTY"
"040150","05119","BAPTIST HEALTH EXTENDED CARE HOSPITAL-LR INC"
"040151","05007","OZARKS COMMUNITY HOSPITAL OF GRAVETTE"
"040152","05143","NORTHWEST HEALTH PHYSICIANS SPECIALTY HOSPITAL"
"040153","05057","SOUTHWEST REGIONAL MEDICAL CENTER LLC"
"040154","05045","BAPTIST HEALTH MEDICAL CENTER- CONWAY"
"040155","05031","ARKANSAS CONTINUED CARE HOSPITAL OF JONESBORO"
"040156","05035","BAPTIST MEMORIAL HOSPITAL-CRITTENDEN, INC"
"040157","05119","CENTERVIEW SURGERY CENTER, LLC"
"040158","05119","LEGACY SURGERY CENTER"
"040159","05119","ARKANSAS OTOLARYNGOLOGY CENTER, PA"
"040160","05119","EXECUTIVE SURGERY CENTER OF LITTLE ROCK LLC"
"040161","05125","ARKANSAS HEART HOSPITAL-ENCORE"
"040162","05133","SEVIER COUNTY MEDICAL CENTER"
"040163","05067","UNITY HEALTH NEWPORT"
"040164","05119","UNITY HEALTH - JACKSONVILLE"
"04020E","05045","ARKANSAS CHILDRENS COLONY HOSP"
"04022E","05145","SMITH HOSP"
"040779","05121","ST BERNARDS FIVE RIVERS MEDICAL CENTER"
"040780","05015","EUREKA SPRINGS HOSPITAL COMMISSION"
"040781","05107","HELENA REGIONAL MEDICAL CENTER"
"040782","05093","SOUTH MISSISSIPPI COUNTY REGIONAL MEDICAL CENTER"
"040783","05001","DEWITT HOSPITAL & NURSING HOME, INC"
"041300","05083","MERCY HOSPITAL PARIS"
"041301","05039","DALLAS COUNTY HOSPITAL"
"041302","05149","DARDANELLE REGIONAL MEDICAL CENTER"
"041303","05047","MERCY HOSPITAL OZARK"
"041304","05015","EUREKA SPRINGS HOSPITAL COMMISSION"
"041305","05127","MERCY HOSPITAL WALDRON"
"041306","05065","IZARD REGIONAL HOSPITAL LLC"
"041307","05037","CROSSRIDGE COMMUNITY HOSPITAL"
"041308","05041","MCGEHEE HOSPITAL"
"041309","05075","LAWRENCE MEMORIAL HOSPITAL"
"041310","05137","STONE COUNTY MEDICAL CENTER"
"041311","05061","HOWARD MEMORIAL HOSPITAL"
"041312","05023","BAPTIST HEALTH MEDICAL CENTER HEBER SPINGS"
"041313","05141","OZARK HEALTH"
"041314","05001","DEWITT HOSPITAL & NURSING HOME, INC"
"041315","05083","BOONEVILLE COMMUNITY HOSPITAL"
"041316","05093","SOUTH MISSISSISSPI COUNTY REGIONAL MEDICAL CENTER"
"041317","05039","DALLAS COUNTY MEDICAL CENTER"
"041318","05083","MERCY HOSPITAL BOONEVILLE"
"041319","05133","DE QUEEN MEDICAL CENTER, INC"
"041320","05081","LITTLE RIVER MEMORIAL HOSPITAL"
"041321","05019","BAPTIST HEALTH MEDICAL CENTER-ARKADELPHIA"
"041322","05049","BAXTER HEALTH FULTON COUNTY HOSPITAL"
"041323","05003","ASHLEY COUNTY MEDICAL CENTER"
"041324","05029","CHI ST VINCENT MORRILTON"
"041325","05007","GRAVETTE MEDICAL CENTER HOSPITAL"
"041326","05041","DELTA MEMORIAL HOSPITAL"
"041327","05011","BRADLEY COUNTY MEDICAL CENTER"
"041328","05017","CHICOT MEMORIAL MEDICAL CENTER"
"041329","05015","MERCY HOSPITAL BERRYVILLE"
"041330","05021","PIGGOTT COMMUNITY HOSPITAL"
"041331","05007","OZARKS COMMUNITY HOSPITAL OF GRAVETTE"
"041332","05067","UNITY HEALTH - NEWPORT"
"041333","05133","SEVIER COUNTY MEDICAL CENTER"
"041334","05113","MENA REGIONAL HEALTH SYSTEM"
"041335","05057","SOUTHWEST ARKANSAS REGIONAL MEDICAL CENTER LLC"
"041336","05027","MAGNOLIA REGIONAL MEDICAL CENTER"
"041337","05001","BAPTIST HEALTH MEDICAL CENTER-STUTTGART"
"042000","05119","SELECT SPECIALTY HOSPITAL- LITTLE ROCK"
"042003","05051","ADVANCE CARE HOSPITAL"
"042004","05051","ARKANSAS EXTENDED CARE HOSPITAL HOT SPRINGS"
"042005","05119","SELECT SPECIALTY HOSPITAL-LITTLE ROCK/BMC INC"
"042006","05131","SELECT SPECIALITY HOSPITAL-FORT SMITH INC"
"042007","05069","SELECT SPECIALITY HOSPITAL - PINE BLUFF"
"042008","05131","ARKANSAS EXTENDED CARE HOSPITAL-FT SMITH"
"042009","05143","REGENCY HOSPITAL OF NORTHWEST ARKANSAS"
"042010","05119","CORNERSTONE SPECIALTY HOSPITALS LITTLE ROCK"
"042011","05145","ADVANCED CARE HOSPITAL WHITE COUNTY"
"042012","05119","BAPTIST HEALTH EXTENDED CARE HOSPITAL-LR INC"
"042013","05031","ARKANSAS CONTINUED CARE HOSPITAL OF JONESBORO"
"043025","05051","LEO N LEVI NATIONAL ARTHRITIS HOSP"
"043026","05119","BAPTIST HEALTH REHABILITATION INSTITUTE"
"043027","05051","HOT SPRINGS REHABILITATION CENTER"
"043028","05131","ENCOMPASS HEALTH REHABILITATION HOSPITAL FT SMITH"
"043029","05031","ENCOMPASS HEALTH REHABILITATION HOSPITAL"
"043031","05119","CHI ST VINCENT SHERWOOD REHABILITATION HOSPITAL"
"043032","05143","ENCOMPASS HEALTH REHAB HOSP A PARTNER OF WASH REG"
"043033","05045","CONWAY REGIONAL REHABILITATION HOSPITAL"
"043034","05017","SOUTHEAST REHABILITATION HOSPITAL"
"043035","05051","CHI ST VINCENT HS REHAB HOSP, A PART OF ENCOMPASS"
"043036","05007","MERCY  REHABILITATION HOSPITAL NORTHWEST AR"
"043037","05131","MERCY REHABILITATION HOSPITAL"
"043038","05069","JEFFERSON REGIONAL SPECIALTY HOSPITAL"
"043300","05119","ARKANSAS CHILDREN'S HOSPITAL"
"043301","05143","ARKANSAS CHILDREN'S NORTHWEST, INC"
"044000","05119","ARKANSAS STATE HOSP PSYCHIATRIC DIV"
"044003","05031","GEORGE W JACKSON COMM MENTAL HLTH CTR"
"044004","05143","VANTAGE POINT OF NORTHWEST ARKANSAS"
"044005","05119","THE BRIDGEWAY"
"044006","05131","VALLEY BEHAVIORAL HEALTH SYSTEM"
"044007","05125","RIVENDELL BEHAVIORAL HEALTH SERVICES OF ARKANSAS"
"044008","05091","CHARTER BEHAV HEALTH SYSTEM OF TEXARK"
"044010","05031","ST BERNARDS BEHAVIORAL HEALTH"
"044011","05119","ARKANSAS STATE HOSPITAL"
"044012","05119","CHARTER BEHAVIORAL HEALTH SYSTEM OF LR"
"044013","05119","PINNACLE POINTE BEHAVIORAL HEALTH SYSTEM"
"044015","05143","FAYETTEVILLE CITY HOSP & GERATRIC CTR"
"044016","05091","LIVING HOPE SOUTHWEST MEDICAL SERVICES LLC"
"044017","05119","UNITED METHODIST BEHAVIORAL HOSPITAL"
"044018","05119","LIVING HOPE MEDICAL SERVICES, LLC"
"044019","05143","SPRINGWOODS BEHAVIORAL HEALTH SERVICES"
"044020","05091","RIVERVIEW BEHAVIORAL HEALTH"
"044021","05035","PERIMETER BEHAVIORAL HOSPITAL OF WEST MEMPHIS"
"044022","05045","CONWAY BEHAVIORAL HEALTH"
"044023","05119","FREEDOM BEHAVIORAL HOSPITAL OF CENTRAL ARKANAS LLC"
"049801","05119","ARKANSAS CHILDREN'S HOSPITAL"
"049802","05119","BAPTIST HEALTH MEDICAL CENTER"
"049803","05119","UNIVERSITY OF ARKANSAS MEDICAL SCIENCES-TRANSPLANT"
"050002","06001","ST ROSE HOSPITAL"
"050004","06001","PERALTA HOSPITAL"
"050006","06023","PROVIDENCE ST JOSEPH HOSPITAL"
"050007","06081","MILLS-PENINSULA MEDICAL CENTER"
"050008","06075","CALIFORNIA PACIFIC MEDICAL CTR-DAVIES CAMPUS HOSP"
"050009","06055","PROVIDENCE QUEEN OF THE VALLEY MEDICAL CENTER"
"050010","06037","ORANGE GROVE COMMUNITY HOSP"
"050011","06037","MEADOWBOOK HOSPITAL OF LOS ANGELES"
"050013","06055","ADVENTIST HEALTH ST HELENA"
"050014","06005","SUTTER AMADOR HOSPITAL"
"050015","06027","NORTHERN INYO HOSPITAL"
"050016","06079","MARIAN REGIONAL MEDICAL CENTER, ARROYO GRANDE"
"050017","06067","MERCY GENERAL HOSPITAL"
"050018","06037","PACIFIC ALLIANCE MEDICAL CENTER"
"050019","06031","AVENAL DISTRICT HOSPITAL"
"05001E","06079","CALIFORNIA STATE POLYTECHNIC COL HOSP"
"050021","06037","WOODRUFF COMMUNITY HOSPITAL INC"
"050022","06065","RIVERSIDE COMMUNITY HOSPITAL"
"050024","06073","PARADISE VALLEY HOSPITAL"
"050025","06073","UC SAN DIEGO HEALTH HILLCREST - HILLCREST MED CTR"
"050026","06073","GROSSMONT HOSPITAL"
"050028","06023","MAD RIVER COMMUNITY HOSPITAL"
"050029","06037","SAINT LUKE MEDICAL CENTER"
"050030","06007","OROVILLE HOSPITAL"
"050032","06097","WARRACK MEDICAL CENTER HOSPITAL"
"050033","06001","MT ZION HOSP & MED CTR OF THE UCSF"
"050034","06037","DOMINGUEZ MEDICAL CENTER"
"050036","06029","BAKERSFIELD MEMORIAL HOSPITAL"
"050038","06085","SANTA CLARA VALLEY MEDICAL CENTER"
"050039","06007","ENLOE HEALTH"
"050040","06037","LAC/OLIVE VIEW-UCLA MEDICAL CENTER"
"050041","06071","VENCOR HOSPITAL - ONTARIO"
"050042","06103","ST ELIZABETH COMMUNITY HOSPITAL"
"050043","06001","ALTA BATES SUMMIT MEDICAL CENTER"
"050045","06025","IMPERIAL VALLEY HEALTH - EL CENTRO HOSPITAL"
"050046","06111","OJAI VALLEY COMMUNITY HOSPITAL"
"050047","06075","CALIFORNIA PACIFIC MEDICAL CENTER- VAN NESS CAMPUS"
"050049","06037","LINDA VISTA COMMUNITY HOSPITAL"
"050051","06107","ALTA HOSPITAL DISTRICT"
"050052","06111","CHANNEL ISLANDS COMMUNITY HOSPITAL"
"050053","06001","PROVIDENCE HOSPITAL"
"050054","06065","SAN GORGONIO MEMORIAL HOSPITAL"
"050055","06075","CALIFORNIA PACIFIC MEDICAL CENTER - MISSION BERNAL"
"050056","06037","ANTELOPE VALLEY HOSPITAL"
"050057","06107","KAWEAH HEALTH MEDICAL CENTER"
"050058","06037","GLENDALE MEM HOSPITAL & HLTH CENTER"
"050060","06019","COMMUNITY REGIONAL MEDICAL CENTER"
"050061","06083","ST FRANCIS MED CENTER OF SANTA BARBARA"
"050063","06037","HOLLYWOOD PRESBYTERIAN MEDICAL CENTER"
"050065","06059","WESTERN MEDICAL CENTER"
"050066","06037","BAY HARBOR HOSPITAL"
"050067","06099","OAK VALLEY HOSPITAL DISTRICT"
"050068","06107","LINDSAY HOSPITAL MEDICAL CENTER"
"050069","06059","PROVIDENCE ST. JOSEPH HOSPITAL"
"050070","06081","KAISER FOUNDATION HOSPITAL - SOUTH SAN FRANCISCO"
"050071","06085","KAISER FOUNDATION HOSPITAL-SANTA CLARA"
"050072","06013","KAISER FOUNDATION HOSPITAL - WALNUT CREEK"
"050073","06095","KAISER FOUNDATION HOSPITAL AND REHAB CENTER"
"050074","06013","KAISER FOUNDATION HOSPITAL - RICHMOND CAMPUS"
"050075","06001","KAISER FOUNDATION HOSPITAL - OAKLAND/RICHMOND"
"050076","06075","KAISER FOUNDATION HOSPITAL - SAN FRANCISCO"
"050077","06073","SCRIPPS MERCY HOSPITAL"
"050078","06037","PROVIDENCE LITTLE CO OF MARY MED CTR SAN PEDRO"
"050079","06013","DOCTORS MEDICAL CENTER - SAN PABLO"
"05007F","06115","US AIR FORCE HOSP"
"050080","06037","THOMPSON MEMORIAL MEDICAL CENTER"
"050081","06019","SIERRA COMMUNITY HOSPITAL"
"050082","06111","ST JOHNS REGIONAL MEDICAL CENTER"
"050084","06077","ST JOSEPH'S MEDICAL CENTER OF STOCKTON"
"050086","06037","VENCOR HOSPITAL - LOS ANGELES"
"050087","06001","ALTA BATES - HERRICK HOSPITAL"
"050088","06079","SAN LUIS OBISPO GENERAL HOSPITAL"
"050089","06071","COMMUNITY HOSPITAL OF SAN BERNARDINO"
"05008F","06047","US AIR FORCE HOSP"
"050090","06097","SONOMA VALLEY HOSPITAL"
"050091","06037","COMMUNITY HOSPITAL OF HUNTINGTON PARK"
"050092","06021","GLENN GENERAL HOSPITAL"
"050093","06019","SAINT AGNES MEDICAL CENTER"
"050095","06001","LAUREL GROVE HOSPITAL"
"050096","06037","WEST COVINA MEDICAL CENTER"
"050097","06023","GENERAL HOSPITAL,THE"
"050098","06037","VALLEY PARK MEDICAL CENTER"
"050099","06071","SAN ANTONIO REGIONAL HOSPITAL"
"05009F","06029","US AIR FORCE HOSP"
"050100","06073","SHARP MEMORIAL HOSPITAL"
"050101","06095","SUTTER SOLANO MEDICAL CENTER"
"050102","06065","DOCTORS HOSPITAL OF RIVERSIDE, LLC"
"050103","06037","ADVENTIST HEALTH WHITE MEMORIAL"
"050104","06037","SAINT FRANCIS MEDICAL CENTER"
"050107","06083","MARIAN REGIONAL MEDICAL CENTER"
"050108","06067","SUTTER MEDICAL CENTER, SACRAMENTO"
"050109","06067","SUTTER MEMORIAL HOSPITAL"
"05010F","06071","US AIR FORCE HOSP"
"050110","06083","LOMPOC VALLEY MEDICAL CENTER"
"050111","06037","TEMPLE COMMUNITY HOSPITAL"
"050112","06037","SANTA MONICA - UCLA MED CTR & ORTHOPAEDIC HOSPITAL"
"050113","06081","SAN MATEO MEDICAL CENTER"
"050114","06037","SHERMAN OAKS HOSPITAL"
"050115","06073","PALOMAR HEALTH DOWNTOWN CAMPUS"
"050116","06037","NORTHRIDGE HOSPITAL MEDICAL CENTER"
"050117","06047","MERCY MED CTR MERCED DOMINICAN CAMPUS"
"050118","06077","DOCTORS HOSPITAL OF MANTECA"
"050119","06065","RIVERSIDE COMMUNITY HOSPITAL"
"05011F","06041","US AIR FORCE HOSP"
"050121","06031","ADVENTIST HEALTH HANFORD"
"050122","06077","DAMERON HOSPITAL"
"050124","06037","USC VERDUGO HILLS HOSPITAL"
"050125","06085","REGIONAL MEDICAL CENTER OF SAN JOSE"
"050126","06037","VALLEY PRESBYTERIAN HOSPITAL"
"050127","06113","WOODLAND MEMORIAL HOSPITAL"
"050128","06073","TRI-CITY MEDICAL CENTER"
"050129","06071","ST BERNARDINE MEDICAL CENTER"
"05012F","06065","US AIR FORCE HOSP"
"050131","06041","NOVATO COMMUNITY HOSPITAL"
"050132","06037","SAN GABRIEL VALLEY MEDICAL CENTER"
"050133","06115","ADVENTIST HEALTH AND RIDEOUT"
"050134","06041","ROSS HOSPITAL"
"050135","06037","SOUTHERN CALIFORNIA HOSPITAL AT HOLLYWOOD"
"050136","06097","PETALUMA VALLEY HOSPITAL"
"050137","06037","KAISER FOUNDATION HOSPITAL - PANORAMA CITY"
"050138","06037","KAISER FOUNDATION HOSPITAL - LOS ANGELES"
"050139","06037","KAISER FOUNDATION HOSPITAL - DOWNEY"
"05013F","06067","US AIR FORCE HOSP"
"050140","06071","KAISER FOUNDATION HOSPITAL FONTANA"
"050141","06073","AMI CLAIREMONT COMMUNITY HOSPITAL"
"050143","06001","PHYSICIANS COMMUNITY HOSPITAL"
"050144","06037","BROTMAN MEDICAL CENTER"
"050145","06053","COMMUNITY HOSPITAL OF THE MONTEREY PENINSULA"
"050146","06037","CITY OF HOPE HELFORD CLINICAL RESEARCH HOSPITAL"
"050147","06037","LAKEWOOD REGIONAL MEDICAL CENTER"
"050148","06063","PLUMAS DISTRICT HOSPITAL"
"050149","06037","CALIFORNIA HOSPITAL MEDICAL CENTER LA"
"05014F","06071","US AIR FORCE HOSP"
"050150","06057","SIERRA NEVADA MEMORIAL HOSPITAL"
"050151","06075","CALIFORNIA CAMPUS HOSPITAL"
"050152","06075","UCSF HEALTH HYDE HOSPITAL"
"050153","06085","O'CONNOR HOSPITAL"
"050154","06099","MEMORIAL HOSPITAL CERES"
"050155","06037","MONROVIA COMMUNITY HOSPITAL"
"050156","06037","LOS ALTOS HOSP"
"050158","06037","ENCINO HOSPITAL MEDICAL CENTER"
"050159","06111","VENTURA COUNTY MEDICAL CENTER"
"05015F","06095","US AIR FORCE BASE TRAVIS"
"050161","06037","MEDICAL CENTER OF LA MIRADA"
"050164","06087","AMI COMMUNITY HOSPITAL OF SANTA CRUZ"
"050166","06113","YOLO GENERAL HOSPITAL"
"050167","06077","SAN JOAQUIN GENERAL HOSPITAL"
"050168","06059","PROVIDENCE ST. JUDE MEDICAL CENTER"
"050169","06037","PIH HEALTH HOSPITAL-WHITTIER"
"05016F","06083","US AIR FORCE HOSP"
"050170","06037","LONG BEACH COMMUNITY MEDICAL CENTER"
"050172","06023","REDWOOD MEMORIAL HOSPITAL"
"050173","06059","ANAHEIM GENERAL HOSPITAL"
"050174","06097","PROVIDENCE SANTA ROSA MEMORIAL HOSPITAL"
"050175","06037","WHITTIER HOSPITAL"
"050177","06111","SANTA PAULA MEMORIAL HOSPITAL"
"050179","06099","EMANUEL MEDICAL CENTER"
"05017F","06037","US ARMY HOSP"
"050180","06013","JOHN MUIR MEDICAL CENTER - WALNUT CREEK CAMPUS"
"050181","06013","LOS MEDANOS COMMUNITY HOSPITAL"
"050183","06099","STANISLAUS MEDICAL CENTER"
"050186","06073","SCRIPPS HOSPITAL-EAST COUNTY"
"050187","06103","CORNING MEMORIAL HOSPITAL"
"050188","06085","COMMUNITY HOSPITAL OF LOS GATOS"
"050189","06053","GEORGE L MEE MEMORIAL HOSPITAL"
"05018F","06053","US ARMY HOSP"
"050190","06019","FOWLER COMMUNITY HOSPITAL"
"050191","06037","ST MARY MEDICAL CENTER"
"050192","06019","ADVENTIST HEALTH REEDLEY"
"050193","06059","SOUTH COAST MEDICAL CENTER"
"050194","06087","WATSONVILLE COMMUNITY HOSPITAL"
"050195","06001","WASHINGTON HOSPITAL"
"050196","06031","ADVENTIST MEDICAL CENTER - CENTRAL VALLEY"
"050197","06081","SEQUOIA HOSPITAL"
"050199","06037","SAN FERNANDO COMMUNITY HOSPITAL"
"050200","06037","LAKEVIEW MEDICAL CENTER"
"050201","06077","ST JOSEPHS PARKSIDE HOSPITAL"
"050202","06001","OAKLAND HOSPITAL"
"050204","06037","PALMDALE REGIONAL MEDICAL CENTER"
"050205","06037","GLENDORA OAKS BEHAVIORAL HEALTH HOSPITAL"
"050207","06101","FREMONT MEDICAL CENTER"
"050208","06075","CALIFORNIA PACIFIC MEDICAL CENTER"
"05020F","06073","US NAVAL HOSPITAL CAMP PENDELTON"
"050210","06037","BEVERLY GLEN HOSP"
"050211","06001","ALAMEDA HOSPITAL"
"050212","06037","COMMUNITY AND MISSION HOSPITAL OF HUNTINGTON PARK"
"050213","06019","UNIVERSITY MEDICAL CENTER"
"050214","06037","GRANADA HILLS COMMUNITY HOSPITAL"
"050215","06085","SAN JOSE MEDICAL CENTER"
"050217","06093","FAIRCHILD MEDICAL CENTER"
"050219","06037","COAST PLAZA HOSPITAL"
"05021F","06001","US NAVAL HOSP"
"050220","06073","VENCOR HOSPITAL SAN DIEGO"
"050221","06099","MODESTO CITY HOSPITAL"
"050222","06073","SHARP CHULA VISTA MEDICAL CENTER"
"050224","06059","HOAG MEMORIAL HOSPITAL PRESBYTERIAN"
"050225","06007","ADVENTIST HEALTH FEATHER RIVER"
"050226","06059","AHMC ANAHEIM REGIONAL MEDICAL CENTER"
"050228","06075","ZUCKERBERG SAN FRANCISCO GENERAL HOSP & TRAUMA CTR"
"050229","06037","CANOGA PARK HOSPITAL"
"05022F","06073","US NAVY MEDICAL CENTER SAN DIEGO"
"050230","06059","GARDEN GROVE HOSPITAL & MEDICAL CENTER"
"050231","06037","POMONA VALLEY HOSPITAL MEDICAL CENTER"
"050232","06079","FRENCH HOSPITAL MEDICAL CENTER"
"050233","06073","SHARP CABRILLO HOSPITAL"
"050234","06073","SHARP CORONADO HOSPITAL AND HLTHCR CTR"
"050235","06037","PROVIDENCE SAINT JOSEPH MEDICAL CTR"
"050236","06111","ADVENTIST HEALTH SIMI VALLEY"
"050238","06037","USC ARCADIA HOSPITAL"
"050239","06037","GLENDALE ADVENTIST MEDICAL CENTER"
"050240","06037","CENTINELA HOSPITAL MEDICAL CENTER"
"050241","06037","NORTH HOLLYWOOD MEDICAL CENTER"
"050242","06087","DOMINICAN HOSPITAL"
"050243","06065","DESERT REGIONAL MEDICAL CENTER"
"050245","06071","ARROWHEAD REGIONAL MEDICAL CENTER"
"050248","06053","NATIVIDAD MEDICAL CENTER"
"05024F","06083","FEDERAL CORRECTIONAL INSTITUTE HOSP"
"050251","06035","BANNER LASSEN MEDICAL CENTER"
"050253","06059","ORANGE COUNTY COMMUNITY HOSPITAL"
"050254","06017","MARSHALL MEDICAL CENTER"
"050256","06037","ORTHOPAEDIC HOSPITAL"
"050257","06029","GOOD SAMARITAN HOSPITAL, LP"
"050258","06037","RIO HONDO MEMORIAL HOSPITAL"
"05025F","06019","VA HOSP"
"050260","06071","MOUNTAINS COMMUNITY HOSPITAL"
"050261","06107","SIERRA VIEW MEDICAL CENTER"
"050262","06037","RONALD REAGAN UCLA MEDICAL CENTER"
"050263","06037","WEST VALLEY HOSPITAL AND HEALTH CTR"
"050264","06001","SAN LEANDRO HOSPITAL"
"050267","06037","DANIEL FREEMAN MEMORIAL HOSPITAL"
"050268","06037","QUEEN OF ANGELS MEDICAL CENTER"
"050269","06037","PICO RIVERA COMMUNITY HOSPITAL"
"05026F","06001","VA HOSP LIVERMORE"
"050270","06073","SCRIPPS MERCY HOSPITAL CHULA VISTA"
"050272","06071","REDLANDS COMMUNITY HOSPITAL"
"050273","06023","KLAMATH/TRINITY COMMUNITY HOSP"
"050274","06099","DEL PUERTO HOSPITAL"
"050276","06013","CONTRA COSTA REGIONAL MEDICAL CENTER"
"050277","06037","PACIFIC HOSPITAL OF LONG BEACH"
"050278","06037","PROVIDENCE HOLY CROSS MEDICAL CENTER"
"050279","06071","HI-DESERT MEDICAL CENTER"
"05027F","06037","VA HOSP"
"050280","06089","MERCY MEDICAL CENTER REDDING"
"050281","06037","ALHAMBRA HOSPITAL MEDICAL CENTER"
"050282","06059","MARTIN LUTHER HOSPITAL MED CENTER"
"050283","06001","STANFORD HEALTH CARE TRI-VALLEY"
"050286","06107","MEMORIAL HOSPITAL AT EXETER"
"050289","06081","AHMC SETON MEDICAL CENTER"
"05028F","06037","VA HOSPS-BRENTWOOD & WADSWORTH"
"050290","06037","SAINT JOHN'S HEALTH CENTER"
"050291","06097","SUTTER SANTA ROSA REGIONAL HOSPITAL"
"050292","06065","RIVERSIDE UNIVERSITY HEALTH SYSTEM-MEDICAL CENTER"
"050293","06075","PACIFIC COAST HOSPITAL"
"050295","06029","MERCY HOSPITAL"
"050296","06069","HAZEL HAWKINS MEMORIAL HOSPITAL"
"050298","06071","BARSTOW COMMUNITY HOSPITAL"
"050299","06037","NORTHRIDGE HOSPITAL MED CTR-SHERMAN WY"
"05029F","06037","WADSWORTH HOSP"
"050300","06071","PROVIDENCE ST MARY MEDICAL CENTER"
"050301","06045","ADVENTIST HEALTH UKIAH VALLEY"
"050302","06081","MILLS HEALTH CENTER"
"050303","06037","LINCOLN HOSP"
"050305","06001","ALTA BATES SUMMIT MEDICAL CENTER - ALTA BATES CAMP"
"050307","06007","CHICO COMMUNITY HOSPITAL"
"050308","06085","EL CAMINO HEALTH"
"050309","06061","SUTTER ROSEVILLE MEDICAL CENTER"
"05030F","06013","VA HOSP"
"050310","06037","HAWTHORNE HOSPITAL"
"050312","06089","REDDING MEDICAL CENTER"
"050313","06077","SUTTER TRACY COMMUNITY HOSPITAL"
"050315","06029","KERN MEDICAL CENTER"
"050317","06037","PIONEER HOSPITAL"
"050318","06029","NORTH KERN HOSPITAL"
"050319","06085","MISSION OAKS HOSPITAL"
"05031F","06085","VA HOSP"
"050320","06001","HIGHLAND HOSPITAL"
"050324","06073","SCRIPPS MEMORIAL HOSPITAL LA JOLLA"
"050325","06109","TUOLUMNE GENERAL MEDICAL FACILITY"
"050326","06037","VAN NUYS COMMUNITY HOSPITAL"
"050327","06071","LOMA LINDA UNIVERSITY MEDICAL CENTER"
"050328","06037","WESTSIDE HOSPITAL"
"050329","06065","CORONA REGIONAL MEDICAL CENTER"
"05032F","06037","VA HOSP"
"050331","06097","HEALDSBURG DISTRICT HOSPITAL"
"050333","06063","SENECA DISTRICT HOSPITAL"
"050334","06053","SALINAS VALLEY HEALTH MEDICAL CENTER"
"050335","06109","ADVENTIST HEALTH SONORA"
"050336","06077","ADVENTIST HEALTH LODI MEMORIAL"
"050337","06037","DESERT PALMS COMMUNITY HOSPITAL"
"050338","06037","INGLEWOOD GENERAL HOSPTAL"
"050342","06025","PIONEERS MEMORIAL HEALTHCARE DISTRICT"
"050343","06037","LONG BEACH DOCTORS HOSPITAL"
"050345","06065","CORONA REGIONAL MEDICAL CENTER"
"050348","06059","UCI HEALTH-ORANGE"
"050349","06031","CORCORAN DISTRICT HOSPITAL"
"05034F","06037","VA HOSP"
"050350","06037","ADVENTIST HEALTH WHITE MEMORIAL MONTEBELLO"
"050351","06037","TORRANCE MEMORIAL MEDICAL CENTER"
"050352","06017","BARTON MEMORIAL HOSPITAL"
"050353","06037","PROVIDENCE LITTLE COMPANY OF MARY MED CTR TORRANCE"
"050355","06091","SIERRA VALLEY DISTRICT HOSPITAL"
"050357","06083","GOLETA VALLEY COTTAGE HOSPITAL"
"050359","06107","TULARE REGIONAL MEDICAL CENTER"
"050360","06041","MARINHEALTH MEDICAL CENTER"
"050361","06019","KINGSBURG GENERAL HOSPITAL"
"050362","06089","SHASTA GENERAL HOSPITAL"
"050363","06059","VENCOR HOSPITAL-ORANGE COUNTY"
"050366","06009","MARK TWAIN ST JOSEPH'S HOSPITAL"
"050367","06095","NORTHBAY MEDICAL CENTER"
"050369","06037","EMANATE HEALTH QUEEN OF THE VALLEY"
"05036F","06071","US NAVAL HOSP"
"050371","06067","COMMUITY HOSPITAL OF SACRAMENTO"
"050372","06085","WHEELER HOSPITAL"
"050373","06037","LOS ANGELES GENERAL MEDICAL CENTER"
"050376","06037","LAC/HARBOR-UCLA MED CENTER"
"050377","06039","CHOWCHILLA DISTRICT MEM HOSPITAL"
"050378","06037","PACIFICA HOSPITAL OF THE VALLEY"
"050379","06029","MERCY WESTSIDE HOSPITAL"
"05037F","06029","US NAVAL HOSP"
"050380","06085","GOOD SAMARITAN HOSPITAL"
"050381","06045","MENDOCINO COMMUNITY HOSPITAL"
"050382","06037","EMANATE HEALTH INTER-COMMUNITY HOSPITAL"
"050383","06037","WEST HOLLYWOOD HOSPITAL"
"050385","06097","SONOMA WEST MEDICAL CENTER"
"050387","06025","CALEXICO HOSPITAL"
"050388","06027","SOUTHERN INYO HOSPITAL"
"05038F","06111","US NAVAL HOSP"
"050390","06065","HEMET GLOBAL MEDICAL CENTER"
"050391","06037","SANTA TERESITA HOSPITAL"
"050392","06105","TRINITY GENERAL HOSPITAL"
"050393","06037","PIH HEALTH DOWNEY HOSPITAL"
"050394","06111","COMMUNITY MEMORIAL HOSPITAL - VENTURA"
"050395","06001","HAYWARD VESPER HOSPITAL"
"050396","06083","SANTA BARBARA COTTAGE HOSPITAL"
"050397","06019","COALINGA REGIONAL MEDICAL CENTER"
"05039F","06071","US NAVY HOSPITAL TWENTYNINE PALMS"
"050401","06037","WASHINGTON HOSPITAL"
"050403","06037","CITY VIEW HOSP"
"050404","06007","BIGGS-GRIDLEY MEMORIAL HOSPITAL"
"050405","06111","ANACAPA ADVENTIST HOSP"
"050406","06089","MAYERS MEMORIAL HOSPITAL"
"050407","06075","CHINESE HOSPITAL"
"05040F","06035","US ARMY HOSP"
"050410","06019","CENTRAL VALLEY ORTHOPEDIC AND SPINE INSTITUTE"
"050411","06037","KAISER FOUNDATION HOSPITAL - SOUTH BAY"
"050413","06075","FRENCH HOSPITAL"
"050414","06067","MERCY HOSPITAL OF FOLSOM"
"050415","06037","CARE UNIT BEHAVIORAL CTR OF LOS ANGELE"
"050417","06015","SUTTER COAST HOSPITAL"
"050418","06107","VISALIA COMMUNITY HOSPITAL"
"050419","06093","MERCY MEDICAL CENTER MT SHASTA"
"05041F","06071","US ARMY HOSPITAL FORT IRWIN"
"050420","06037","ROBERT F KENNEDY MEDICAL CENTER"
"050421","06067","MERCY AMERICAN RIVER HOSPITAL"
"050423","06065","PALO VERDE HOSPITAL"
"050424","06073","SCRIPPS GREEN HOSPITAL"
"050425","06067","KAISER FOUNDATION HOSPITAL - SACRAMENTO"
"050426","06059","WEST ANAHEIM MEDICAL CENTER"
"050427","06037","AVALON MUNICIPAL HOSPITAL"
"050428","06037","AVALON MEM HOSP"
"050430","06049","MODOC MEDICAL CENTER"
"050431","06059","BUENA PARK MEDICAL CENTER"
"050432","06037","GARFIELD MEDICAL CENTER"
"050433","06063","INDIAN VALLEY HOSPITAL"
"050434","06011","COLUSA REGIONAL MEDICAL CENTER"
"050435","06073","FALLBROOK HOSPITAL DISTRICT"
"050436","06047","BLOSS MEMORIAL HOSPITAL"
"050438","06037","HUNTINGTON HOSPITAL"
"050440","06045","FRANK R HOWARD MEMORIAL HOSPITAL"
"050441","06085","STANFORD HEALTH CARE"
"050442","06077","LODI MEMORIAL HOSPITAL - WEST"
"050443","06043","JOHN C FREMONT HEALTHCARE DISTRICT"
"050444","06047","MERCY MEDICAL CENTER"
"050446","06029","TEHACHAPI HOSPITAL"
"050447","06073","PROMISE HOSPITAL OF SAN DIEGO"
"050448","06029","RIDGECREST REGIONAL HOSPITAL"
"050449","06083","VALLEY COMMUNITY HOSPITAL"
"050450","06051","MONO GENERAL HOSPITAL"
"050451","06099","WEST SIDE COMMUNITY HOSPITAL"
"050454","06075","UCSF MEDICAL CENTER"
"050455","06029","ADVENTIST HEALTH BAKERSFIELD"
"050456","06037","VISTA HOSPITAL OF SOUTH BAY"
"050457","06075","UCSF HEALTH STANYAN HOSPITAL"
"050458","06053","COMMUNITY HOSPITAL RECOVERY CENTER"
"050459","06037","AMI SOUTH BAY HOSPITAL"
"050464","06099","DOCTORS MEDICAL CENTER"
"050467","06037","PANORAMA COMMUNITY HOSPITAL"
"050468","06037","MEMORIAL HOSPITAL OF GARDENA"
"050469","06071","COLORADO RIVER MEDICAL CENTER"
"050470","06019","ADVENTIST MEDICAL CENTER-SELMA"
"050471","06037","PIH HEALTH GOOD SAMARITAN HOSPITAL"
"050473","06045","UKIAH VALLEY MEDICAL CENTER"
"050476","06033","SUTTER LAKESIDE HOSPITAL"
"050477","06037","MIDWAY HOSPITAL MEDICAL CENTER"
"050478","06083","SANTA YNEZ VALLEY COTTAGE HOSPITAL"
"050481","06037","UCLA WEST VALLEY MEDICAL CENTER"
"050482","06023","JEROLD PHELPS COMMUNITY HOSPITAL"
"050483","06037","SPECIALTY HOSP SO CA SAN GABRIEL"
"050485","06037","MEMORIALCARE LONG BEACH MEDICAL CENTER"
"050486","06059","BELLWOOD GENERAL HOSPITAL"
"050487","06037","NEWHALL COMM HOSP"
"050488","06001","EDEN MEDICAL CENTER"
"050489","06037","NORWALK COMMUNITY HOSPITAL"
"050491","06059","SANTA ANA HOSPITAL MEDICAL CENTER INC"
"050492","06019","CLOVIS COMMUNITY MEDICAL CENTER"
"050494","06057","TAHOE FOREST HOSPITAL"
"050496","06013","JOHN MUIR MEDICAL CENTER - CONCORD CAMPUS"
"050497","06047","DOS PALOS MEMORIAL HOSPITAL"
"050498","06061","SUTTER AUBURN FAITH HOSPITAL"
"050502","06037","SAINT VINCENT MEDICAL CENTER"
"050503","06073","SCRIPPS MEMORIAL HOSPITAL - ENCINITAS"
"050506","06079","ADVENTIST HEALTH SIERRA VISTA"
"050510","06041","KAISER FOUNDATION HOSPITAL"
"050512","06001","KAISER FOUNDATION HOSPITAL - FREMONT"
"050515","06073","KAISER FOUNDATION HOSPITAL - ZION"
"050516","06067","MERCY SAN JUAN MEDICAL CENTER"
"050517","06071","VICTOR VALLEY GLOBAL MEDICAL CENTER"
"050522","06013","DOCTORS MEDICAL CENTER PINOLE CAMPUS"
"050523","06013","SUTTER DELTA MEDICAL CENTER"
"050526","06059","HUNTINGTON BEACH HOSPITAL"
"050527","06059","DOCTORS HOSPITAL OF SANTA ANA"
"050528","06047","MEMORIAL HOSPITAL LOS BANOS"
"050530","06059","SUNCREST HOSPITAL OF ORANGE COUNTY"
"050531","06037","BELLFLOWER MEDICAL CENTER"
"050534","06065","JOHN F KENNEDY MEMORIAL HOSPITAL"
"050535","06059","COASTAL COMMUNITIES HOSPITAL"
"050537","06113","SUTTER DAVIS HOSPITAL"
"050539","06033","REDBUD COMMUNITY HOSPITAL"
"050541","06081","KAISER FOUNDATION HOSPITAL - REDWOOD CITY"
"050542","06029","KERN VALLEY HEALTHCARE DISTRICT"
"050543","06059","COLLEGE HOSPITAL COSTA MESA"
"050544","06053","COMMUNITY HOSPITAL OF SALINAS"
"050545","06037","LANTERMAN DEVELOPMENTAL CENTER"
"050546","06107","PORTERVILLE DEVELOPMENTAL CENTER"
"050547","06097","SONOMA DEVELOPMENTAL CENTER"
"050548","06059","FAIRVIEW DEVELOPMENTAL CENTER"
"050549","06111","LOS ROBLES HOSPITAL & MEDICAL CENTER"
"05054E","06037","UNIVERSITY OF SOUTHERN CALIFORNIA INF"
"050550","06059","CHAPMAN MEDICAL CENTER"
"050551","06059","UCI HEALTH-LOS ALAMITOS"
"050552","06037","MOTION PICTURE & TELEVISION HOSPITAL"
"050557","06099","MEMORIAL MEDICAL CENTER"
"050559","06037","DANIEL FREEMAN MARINA HOSPITAL"
"050560","06059","TUSTIN HOSPITAL MEDICAL CENTER"
"050561","06037","KAISER FOUNDATION HOSPITAL - WEST LA"
"050562","06111","SIMI VALLEY HOSPITAL AND HEALTH CARE"
"050564","06059","PACIFICA HOSPITAL"
"050565","06059","FRIENDLY HILLS REGIONAL MEDICAL CENTER"
"050566","06063","EASTERN PLUMAS HEALTH CARE"
"050567","06059","PROVIDENCE MISSION HOSPITAL"
"050568","06039","MADERA COMMUNITY HOSPITAL"
"050569","06045","MENDOCINO COAST DISTRICT HOSPITAL"
"050570","06059","UCI HEALTH-FOUNTAIN VALLEY"
"050571","06037","SUBURBAN MEDICAL CENTER"
"050573","06065","EISENHOWER MEDICAL CENTER"
"050575","06037","GARDENS REGIONAL HOSPITAL AND MEDICAL CENTER"
"050576","06059","FULLERTON COMM HOSP"
"050577","06037","ELASTAR COMMUNITY HOSPITAL"
"050578","06037","MARTIN LUTHER KING, JR - HARBOR HOSPITAL"
"050579","06037","CALIFORNIA REHABILITATION INSTITUTE"
"050580","06059","LA PALMA INTERCOMMUNITY HOSPITAL"
"050581","06037","UCI HEALTH-LAKEWOOD"
"050583","06073","ALVARADO HOSPITAL MEDICAL CENTER"
"050584","06071","MONTCLAIR HOSPITAL MEDICAL CENTER"
"050585","06059","SADDLEBACK MEMORIAL MEDICAL CENTER - SAN CLEMENTE"
"050586","06071","CHINO VALLEY MEDICAL CENTER"
"050587","06071","LOMA LINDA COMMUNITY HOSPITAL"
"050588","06037","SAN DIMAS COMMUNITY HOSPITAL"
"050589","06059","UCI HEALTH-PLACENTIA LINDA"
"050590","06067","METHODIST HOSPITAL OF SACRAMENTO"
"050591","06037","MONTEREY PARK HOSPITAL"
"050592","06059","BREA COMMUNITY HOSPITAL"
"050593","06111","SHC SPECIALTY COMPREHENSIVE CANCER CTR"
"050594","06059","WESTERN MEDICAL CENTER HOSP ANAHEIM"
"050597","06037","EMANATE HEALTH FOOTHILL PRESBYTERIAN HOSPITAL"
"050598","06073","MISSION BAY HOSPITAL"
"050599","06067","UNIVERSITY OF CALIFORNIA DAVIS MEDICAL CENTER"
"050601","06037","ENCINO-TARZANA REG MED CENTER - TARZANA CAMPUS"
"050603","06059","MEMORIALCARE SADDLEBACK MEDICAL CENTER"
"050604","06085","KAISER FOUNDATION HOSPITAL-SAN JOSE"
"050605","06083","SANTA BARBARA COTTAGE CARE CENTER"
"050607","06025","HARBOR VIEW MEDICAL CENTER"
"050608","06029","ADVENTIST HEALTH DELANO"
"050609","06059","KAISER FOUNDATION HOSPITAL - ORANGE COUNTY - ANAHE"
"050613","06081","SETON MEDICAL CENTER COASTSIDE"
"050615","06037","GREATER EL MONTE COMMUNITY HOSPITAL"
"050616","06111","ST. JOHN'S HOSPITAL CAMARILLO"
"050618","06071","BEAR VALLEY COMMUNITY HOSPITAL"
"050619","06037","CIGNA HOSPITAL OF LOS ANGELES INC"
"05061E","06083","SANTA BARBARA COLLEGE INFIRMARY"
"050622","06037","BEVERLY HILLS MEDICAL CENTER"
"050623","06059","LAC/HIGH DESERT HOSPITAL"
"050624","06037","HENRY MAYO NEWHALL  HOSPITAL"
"050625","06037","CEDARS-SINAI MEDICAL CENTER"
"050626","06059","NEWPORT HARBOR PSYCHIATRIC INSTITUTE"
"05062E","06067","FAIRHAVEN HOME & HOSP"
"050630","06065","SOUTHWEST HEALTHCARE INLAND VALLEY HOSPITAL"
"050631","06111","CHANNEL ISLANDS COMM HOSP CARE UNIT"
"050633","06079","ADVENTIST HEALTH TWIN CITIES"
"050635","06013","KAISER FOUNDATION HOSPITAL"
"050636","06073","PALOMAR MEDICAL CENTER POWAY"
"050637","06037","TERRACE PLAZA MEDICAL CENTER"
"050638","06051","MAMMOTH HOSPITAL"
"050641","06037","EAST LOS ANGELES DOCTORS HOSPITAL"
"050643","06025","PHS INDIAN HEALTH SERVICE HOSPITAL"
"050644","06037","LOS ANGELES METROPOLITAN MEDICAL CTR"
"050646","06037","LA HACIENDA HOSPITAL"
"050649","06073","SAN DIEGO GENERAL HOSPITAL"
"050650","06037","RANCHO ENCINO HOSPITAL"
"050651","06065","CHRISTIAN HOSPITAL MEDICAL CENTER"
"050654","06037","PASADENA COMMUNITY HOSP"
"050655","06083","ALARMAR HOSPITAL"
"050656","06037","COLDWATER CANYON HOSPITAL"
"050657","06037","CENTURY COMM HOSP"
"050660","06037","USC KENNETH NORRIS JR CANCER HOSPITAL"
"050661","06013","EAST BAY HOSPITAL"
"050662","06085","AGNEWS STATE HOSPITAL"
"050663","06037","LOS ANGELES COMMUNITY HOSPITAL"
"050665","06001","ESTUDILLO HOSPITAL"
"050666","06111","CAMARILLO STATE HOSPITAL"
"050667","06055","VETERANS HOME OF CALIFORNIA - YOUNTVILLE"
"050668","06075","LAGUNA HONDA HOSPITAL & REHABILITATION CENTER"
"050669","06037","VALLEY HOSPITAL"
"05066E","06113","UNIVERSITY OF CALIF STUDENT HLTH CTR"
"050670","06097","NORTH COAST HEALTH CARE CENTERS"
"050671","06001","FAIRMONT HOSPITAL"
"050672","06037","ESTELLE DOHENY EYE HOSPITAL"
"050674","06067","KAISER FOUNDATION HOSP SO SACRAMENTO"
"050675","06037","NEWHALL COMMUNITY HOSPITAL"
"050676","06049","SURPRISE VALLEY COMMUNITY HOSPITAL"
"050677","06037","KAISER FOUNDATION HOSPITAL - WOODLAND HILLS"
"050678","06059","MEMORIALCARE ORANGE COAST MEDICAL CENTER"
"050679","06059","ST JUDE HOSPITAL YORBA LINDA"
"050680","06095","NORTHBAY VACAVALLEY HOSPITAL"
"050681","06037","SAN VICENTE HOSPITAL"
"050682","06019","KINGSBURG MEDICAL CENTER"
"050683","06103","CORNING MEMORIAL HOSPITAL"
"050684","06065","MENIFEE GLOBAL MEDICAL CENTER"
"050685","06085","SOUTH VALLEY HOSPITAL"
"050686","06065","KAISER FOUNDATION HOSPITAL, RIVERSIDE"
"050687","06067","COMMUNITY HOSP AND HEALTH SCIENCE CTR"
"050688","06085","ST LOUISE REGIONAL HOSPITAL"
"050689","06013","SAN RAMON REGIONAL MEDICAL CENTER"
"050690","06097","KAISER FOUNDATION HOSPITAL-SANTA ROSA"
"050691","06055","NAPA STATE HOSPITAL"
"050692","06067","ST JUDES OF FOLSOM"
"050693","06059","IRVINE REGIONAL HOSPITAL & MEDICAL CENTER"
"050694","06065","MORENO VALLEY COMMUNITY HOSPITAL"
"050695","06077","ST DOMINIC'S HOSPITAL"
"050696","06037","KECK HOSPITAL OF USC"
"050697","06089","PATIENTS' HOSPITAL OF REDDING"
"050698","06073","SAN DIEGO HOSPICE & PALLIATIVE CARE ACUTE CARE CEN"
"050699","06089","NORTHERN CALIFORNIA REHAB HOSPITAL"
"050700","06001","VALLEY CARE MEDICAL CENTER"
"050701","06065","SOUTHWEST HEALTHCARE RANCHO SPRINGS HOSPITAL"
"050702","06065","COMM CARE HOSP & SPORTS MEDICINE CTR"
"050703","06085","RECOVERY INN OF LOS GATOS"
"050704","06037","MISSION COMMUNITY HOSPITAL"
"050705","06001","VENCOR HOSPITAL - SAN LEANDRO"
"050706","06025","CALEXICO HOSPITAL"
"050707","06081","MENLO PARK SURGICAL HOSPITAL"
"050708","06019","FRESNO SURGICAL HOSPITAL"
"050709","06071","DESERT VALLEY HOSPITAL"
"050710","06019","KAISER FOUNDATION HOSPITAL - FRESNO"
"050711","06059","THC ORANGE COUNTY"
"050712","06037","SPECIALTY HOSPITAL OF SOUTHERN CALIF"
"050713","06037","PROMISE HOSPITAL OF EAST LOS ANGELES"
"050714","06087","SUTTER MATERNITY & SURGERY CENTER OF SANTA CRUZ"
"050715","06071","HERITAGE HOSPITAL"
"050716","06073","THC SAN DIEGO"
"050717","06037","LAC/RANCHO LOS AMIGOS NATIONAL REHABILITATION  CTR"
"050718","06065","VALLEY PLAZA DOCTORS HOSPITAL"
"050719","06065","HEART HOSPITAL, INC,THE"
"050720","06059","TUSTIN HOSPITAL AND MEDICAL CENTER"
"050721","06037","VENCOR HOSPITAL BURBANK"
"050722","06073","SHARP MARY BIRCH HOSPITAL FOR WOMEN AND NEWBORNS--"
"050723","06037","KAISER FOUNDATION HOSPITAL - BALDWIN PARK"
"050724","06029","BAKERSFIELD HEART HOSPITAL"
"050725","06037","CITY OF ANGELS MEDICAL CENTER"
"050726","06099","STANISLAUS SURGICAL HOSPITAL"
"050727","06037","COMMUNITY HOSPITAL LONG BEACH"
"050728","06097","SUTTER WARRACK HOSPITAL"
"050729","06037","DANIEL FREEMAN MEMORIAL HOSPITAL"
"050730","06037","DANIEL FREEMAN MARINA HOSPITAL"
"050731","06071","RANCHO SPECIALTY HOSPITAL"
"050732","06019","FRESNO HEART AND SURGICAL HOSPITAL"
"050733","06089","SHASTA REGIONAL MEDICAL CENTER"
"050734","06037","VISTA SPECIALTY HOSPITAL OF SAN GABRIEL"
"050735","06037","WHITTIER HOSPITAL MEDICAL CENTER"
"050736","06037","MONTEREY PARK HOSPITAL"
"050737","06037","GARFIELD MEDICAL CENTER"
"050738","06037","GREATER EL MONTE COMMUNITY HOSPITAL"
"050739","06037","CENTINELA HOSPITAL MEDICAL CENTER"
"050740","06037","CEDAR-SINAI MARINA DEL REY HOSPITAL"
"050741","06037","CENTINELA FREEMAN REG MED CTR, MEMORIAL CAMPUS"
"050742","06037","OLYMPIA MEDICAL CENTER"
"050743","06037","SUBURBAN MEDICAL CENTER"
"050744","06059","ANAHEIM GLOBAL MEDICAL CENTER"
"050745","06059","CHAPMAN GLOBAL MEDICAL CENTER"
"050746","06059","ORANGE COUNTY GLOBAL MEDICAL CENTER"
"050747","06059","SOUTH COAST GLOBAL MEDICAL CENTER"
"050748","06077","KAISER FOUNDATION HOSPITAL MANTECA"
"050749","06111","THOUSAND OAKS SURGICAL HOSP A CAMPUS OF LOS ROBLES"
"050750","06099","KINDRED HOSPITAL MODESTO"
"050751","06037","MIRACLEMILE MEDICAL CENTER"
"050752","06037","HOLLYWOOD COMMUNITY HOSPITAL  AT BROTMAN MED CTR"
"050753","06037","CENTURY CITY DOCTORS HOSPITAL"
"050754","06081","MENLO PARK SURGICAL HOSPITAL"
"050755","06037","SHERMAN OAKS HOSPITAL"
"050756","06071","RANCHO SPECIALTY HOSPITAL"
"050757","06073","ALVARADO HOSPITAL MEDICAL CENTER"
"050758","06071","MONTCLAIR HOSPITAL MEDICAL CENTER"
"050759","06065","VISTA HOSPITAL OF RIVERSIDE"
"050760","06013","KAISER FOUNDATION HOSPITAL - ANTIOCH"
"050761","06037","PROVIDENCE CEDARS SINAI TARZANA MEDICAL CENTER"
"050762","06037","MONROVIA MEMORIAL HOSPITAL"
"050763","06037","L A DOWNTOWN MEDICAL CENTER"
"050764","06089","SHASTA REGIONAL MEDICAL CENTER"
"050765","06065","KAISER FOUNDATION HOSPITAL-MORENO VALLEY"
"050766","06101","SUTTER SURGICAL HOSPITAL - NORTH VALLEY"
"050767","06095","KAISER FOUNDATION HOSPITAL - VACAVILLE"
"050768","06059","ANAHEIM GENERAL HOSPITAL"
"050769","06059","HOAG ORTHOPEDIC INSTITUTE"
"050770","06065","LOMA LINDA UNIVERSITY MEDICAL CENTER-MURRIETA"
"050771","06037","COAST PLAZA HOSPITAL"
"050772","06061","KAISER FOUNDATION HOSPITAL - ROSEVILLE"
"050773","06001","SAN LEANDRO HOSPITAL"
"050775","06065","TEMECULA VALLEY HOSPITAL"
"050776","06037","COLLEGE MEDICAL CENTER"
"050777","06001","KAISER FOUNDATION HOSPITAL - SAN LEANDRO"
"050778","06071","LOMA LINDA UNIVERSITY CHILDREN'S HOSPITAL"
"050779","06037","MARTIN LUTHER KING, JR. COMMUNITY HOSPITAL"
"050780","06059","FOOTHILL REGIONAL MEDICAL CENTER"
"050781","06097","SONOMA SPECIALTY HOSPITAL"
"050782","06037","CASA COLINA HOSPITAL"
"050783","06011","COLUSA MEDICAL CENTER"
"050784","06107","ADVENTIST HEALTH TULARE"
"050785","06037","DOCS SURGICAL HOSPITAL"
"050786","06059","ALLIANCE SURGERY CENTER INC"
"050787","06037","BEVERLY HILLS DOCTORS SURGERY CENTER"
"050788","06075","PACIFIC HEIGHTS SURGERY CENTER OF SAN FRANCISCO, L"
"050789","06013","SEQUOIA SURGICAL CENTER, LP"
"050790","06083","CENTER FOR SPECIALIZED SURGERY OF SANTA BARBARA"
"050791","06037","GLENDALE ENDOSCOPY CENTER, LLC"
"050792","06111","SAXON SURGICAL CENTER, INC"
"050793","06083","SUMMIT SURGERY CENTER"
"050794","06059","LOS ALAMITOS SURGERY CENTER"
"050795","06079","POSADA AMBULATORY SURGERY CENTER LP"
"050796","06065","WEST COAST SURGERY INC"
"050797","06083","COASTAL SURGERY CENTER PARTNER"
"050798","06055","NAPA SURGERY CENTER, LLC"
"050799","06071","ARCHIBALD SURGERY CENTER, LLC"
"050800","06037","WOMEN'S SURGICENTER, INC"
"050801","06037","GRAND ENDOSCOPY CENTER"
"050802","06037","ADVANCED PAIN SURGICAL CENTER, INC"
"050803","06037","BEVERLY HILLS MULTISPECIALTY SURGICAL CENTER, INC"
"050804","06037","NORTHRIDGE OUTPATIENT SURGERY CENTER"
"050805","06029","NEW HORIZON SURGICAL CENTER, LLC"
"050806","06013","BAY AREA SURGICAL SPECIALIST SERVICES, LLC"
"050807","06037","ANTELOPE VALLEY SPECIALTY SURGICAL CENTER LLC"
"050808","06037","PREMIER SPECIALTY SURGICAL CENTER LLC"
"050809","06071","ADVANCED AMBULATORY SURGERY CENTER"
"050811","06013","PREMIER SURGERY CENTER"
"050812","06029","OAKS SURGICAL CENTER LLC"
"050813","06037","MD SURGICAL SOLUTIONS, LLC"
"050814","06037","ENCINO SURGICAL CENTER, LLC"
"050815","06073","MISSION VALLEY HEIGHTS SURGERY CENTER"
"050816","06059","FULLERTON SURGICAL CENTER"
"050817","06059","GENESIS AMBULATORY SURGERY CENTER INC"
"050818","06037","AVANGUARD SURGERY CENTER, LLC"
"050819","06111","SYNERGY SURGICAL CENTER"
"050820","06107","VISALIA AMBULATORY SURGICAL CENTER, LLC"
"050821","06037","CENTER FOR ORTHOPEDIC SURGERY"
"050822","06029","BAHAMAS SURGERY CENTER LLC"
"050823","06037","AZUSA SURGERY CENTER, LLC"
"050824","06037","PASADENA SURGERY CENTER, INC"
"050825","06037","SURGERY CENTER OF SOUTH BAY"
"050826","06037","90210 SURGERY MEDICAL CENTER"
"050827","06037","PRECISION AMBULATORY SURGERY CENTER, LLC"
"050828","06037","92010 SURGERY MEDICAL CENTER AT LINDEN"
"050829","06037","CERRITOS SURGERY CENTER, LLC"
"050830","06037","TORRANCE SURGERY CENTER, LP"
"050831","06111","SPECIALTY SURGICAL CENTER OF WESTLAKE VILLAGE"
"050832","06079","OAK PARK SURGERY CENTER"
"050833","06081","CAMPUS SURGERY CENTER"
"050834","06059","COASTLINE SURGERY CENTER"
"050835","06037","SURGERY CENTER OF THE PACIFIC"
"050836","06001","FREMONT AMBULATORY SUGERY CENTER LP"
"050837","06073","POWAY SURGERY CENTER"
"050838","06083","DE LA VINA SURGICENTER"
"050839","06071","SAN ANTONIO AMBULATORY SURGICAL CENTER, INC"
"05083E","06037","SANTA MARTA HOSP & CLINIC"
"050840","06073","SCRIPPS MERCY SURGERY PAVILION"
"050841","06019","HERNDON SURGERY CENTER"
"050842","06029","CENTRAL VALLEY SURGICAL CENTER LLC"
"050843","06037","SPECIALTY SURGICAL CENTER OF ARCADIA LP"
"050844","06071","MID VALLEY SURGERY CENTER"
"050845","06037","CASA COLINA SURGERY CENTER LLC"
"050846","06037","SURGERY CENTER OF LONG BEACH"
"050847","06083","PREMIER SURGERY CENTER OF SANTA MARIA"
"050848","06075","SAN FRANCSICO SURGERY CENTER"
"050849","06037","COMMUNITY HOSPITAL LONG BEACH"
"05084E","06037","SHRINERS HOSP FOR CRIPPLED CHILDREN"
"050850","06037","SURGERY CENTER OF BEVERLY HILLS LLC"
"050852","06111","DLV VISION ASC"
"050853","06037","KINETIX SURGERY CENTER, INC"
"050854","06059","ANAHEIM COMMUNITY HOSPITAL, LLC"
"050855","06073","KAISER FOUNDATION HOSPITAL - SAN MARCOS"
"050856","06039","MADERA COMMUNITY HOSPITAL"
"05085E","06065","UNIVERSITY OF CALIFORNIA INFIRMARY"
"05086E","06057","W C JONES MEM HOSP"
"05087E","06001","ERNEST COWELL MEM HOSP"
"05090E","06075","SHRINERS HOSP FOR CRIPPLED CHILDREN"
"05098E","06037","LAS ENCINAS HOSP"
"05099E","06001","GILMORE HOSP"
"05101E","06047","LOS BANOS EMERGENCY HOSP"
"05106E","06083","DANIS PSYCHIATRIC HOSP"
"05113F","06037","U S NAVAL HOSP"
"05114F","06073","VETERANS ADMINISTRATION HOSP"
"05115E","06073","SOUTHWOOD MENTAL HEALTH CENTER"
"05127E","06071","JERRY PETTIS MEM VETERANS HOSP"
"05128F","06037","VETERANS AFFAIRS MEDICAL CENTER"
"05129F","06071","ROBERT E BUSH NAVAL HOSPITAL"
"051300","06063","EASTERN PLUMAS HOSPITAL - PORTOLA CAMPUS"
"051301","06029","ADVENTIST HEALTH TEHACHAPI VALLEY"
"051302","06027","SOUTHERN INYO HOSPITAL"
"051303","06051","MAMMOTH HOSPITAL"
"051304","06043","JOHN C FREMONT HEALTHCARE DISTRICT"
"051305","06089","MAYERS MEMORIAL HOSPITAL"
"051306","06021","GLENN MEDICAL CENTER"
"051307","06037","CATALINA ISLAND MEDICAL CENTER"
"051308","06049","SURPRISE VALLEY COMMUNITY HOSPITAL"
"051309","06023","JEROLD PHELPS COMMUNITY HOSPITAL"
"05130F","06075","SAN FRANCISCO VA MEDICAL CENTER"
"051310","06045","ADVENTIST HEALTH HOWARD MEMORIAL"
"051311","06007","ORCHARD HOSPITAL"
"051312","06071","MOUNTAINS COMMUNITY HOSPITAL"
"051313","06025","FORT YUMA PHS INIDAN HOSPITAL"
"051314","06029","KERN VALLEY HEALTHCARE DISTRICT"
"051315","06105","TRINITY HOSPITAL"
"051316","06093","FAIRCHILD MEDICAL CENTER"
"051317","06033","ADVENTIST HEALTH CLEARLAKE"
"051318","06023","PROVIDENCE REDWOOD MEMORIAL HOSPITAL"
"051319","06093","MERCY MEDICAL CENTER MT SHASTA"
"051320","06035","BANNER LASSEN MEDICAL CENTER"
"051321","06097","HEALDSBURG HOSPITAL"
"051323","06071","COLORADO RIVER MEDICAL CENTER"
"051324","06027","NORTHERN INYO HOSPITAL"
"051325","06045","ADVENTIST HEALTH MENDOCINO COAST"
"051326","06063","PLUMAS DISTRICT HOSPITAL"
"051327","06063","SENECA DISTRICT HOSPITAL"
"051328","06057","TAHOE FOREST HOSPITAL"
"051329","06033","SUTTER LAKESIDE HOSPITAL"
"051330","06049","MODOC MEDICAL CENTER"
"051331","06083","SANTA YNEZ VALLEY COTTAGE HOSPITAL"
"051332","06009","MARK TWAIN MEDICAL CENTER"
"051333","06029","RIDGECREST REGIONAL HOSPITAL"
"051334","06111","COMMUNITY MEMORIAL HOSPITAL - OJAI"
"051335","06071","BEAR VALLEY COMMUNITY HOSPITAL"
"051336","06053","GEORGE L MEE MEMORIAL HOSPITAL"
"051337","06069","HAZEL HAWKINS MEMORIAL HOSPITAL"
"051338","06019","COALINGA REGIONAL MEDICAL CENTER"
"051339","06065","PALO VERDE HOSPITAL"
"051990","06073","SUNLAND HOME CORPORATION"
"051991","06037","BROADVIEW INC"
"051993","06075","ARDEN WOOD, INC"
"051994","06001","FERN LODGE, INC"
"051995","06067","OLIVE GLEN FOUNDATION"
"052006","06001","FAIRMONT HOSP"
"052014","06037","L A CO RANCHO LOS AMIGOS MED CTR"
"052031","06037","BARLOW RESPIRATORY HOSPITAL"
"052032","06037","KINDRED HOSPITAL - LOS ANGELES"
"052033","06067","VIBRA HOSPITAL OF SACRAMENTO"
"052034","06001","KINDRED HOSPITAL - SAN FRANCISCO BAY AREA"
"052035","06059","KINDRED HOSPITAL WESTMINSTER"
"052036","06073","KINDRED HOSPITAL - SAN DIEGO"
"052037","06071","KINDRED HOSPITAL ONTARIO"
"052038","06037","KINDRED HOSPITAL -- LA MIRADA"
"052039","06059","KINDRED HOSPITAL BREA"
"052040","06071","HERITAGE HOSPITAL"
"052041","06073","VENCOR POINT LOMA"
"052042","06037","SPECIALITY HOSP OF SOUTHER CALIFORNIA"
"052043","06041","KENTFIELD HOSPITAL"
"052044","06073","SELECT SPECIALTY HOSPITAL - SAN DIEGO"
"052045","06037","KINDRED HOSPITAL BALDWIN PARK"
"052046","06037","KINDRED HOSPITAL PARAMOUNT"
"052047","06089","VIBRA HOSPITAL OF NORTHERN CALIFORNIA"
"052048","06099","KINDRED HOSPITAL MODESTO"
"052049","06071","KINDRED HOSPITAL RANCHO"
"052050","06037","KINDRED HOSPITAL SOUTH BAY"
"052051","06073","PROMISE HOSPITAL OF SAN DIEGO"
"052052","06065","KINDRED HOSPITAL RIVERSIDE"
"052053","06059","NEWPORT SPECIALTY HOSPITAL"
"052054","06037","MONROVIA MEMORIAL HOSPITAL"
"052055","06099","CENTRAL VALLEY SPECIALTY HOSPITAL"
"052056","06075","KENTFIELD HOSPITAL SAN FRANCISCO"
"052057","06097","SONOMA SPECIALTY HOSPITAL"
"053025","06001","ALTA BATES HOSPITAL AT ALBANY"
"053026","06041","KENTFIELD MEDICAL HOSP"
"053027","06037","CASA COLINA HOSP AND CENTERS FOR HEALTHCARE"
"053028","06083","COTTAGE REHABILITATION HOSPITAL"
"053029","06013","GUARDIAN REHAB HOSPITAL SAN RAMON"
"053030","06073","ALVARADO HOSPITAL MEDICAL CENTER/SDRI"
"053031","06029","ENCOMPASS HEALTH REHABILITATON HOSPITAL OF BAKERS"
"053032","06019","SAN JOAQUIN VALLEY REHABILITATION HOSP"
"053033","06007","CHICO COMM REHABILITATION HOSPITAL"
"053034","06059","ENCOMPASS HEALTH REHABILITATION HOSPITAL OF TUSTIN"
"053035","06073","CONTINENTAL REHAB HOSP OF SAN DIEGO"
"053036","06099","MODESTO REHABILITATION HOSPITAL"
"053037","06071","BALLARD REHABILITATION HOSPITAL"
"053038","06071","TOTALLY KIDS REHABILITATION HOSPITAL"
"053039","06037","CALIFORNIA REHABILITATION INSTITUTE, LLC"
"053040","06099","ENCOMPASS HEALTH REHABILITATION HOSPITAL OF MODEST"
"053041","06065","REHABILITATION HOSPITAL OF SOUTHERN CALIFORNIA"
"053042","06065","ENCOMPASS HEALTH REHABILITATION HOSPITAL OF MURRIE"
"053043","06073","PALOMAR REHABILITATION INSTITUTE"
"053044","06029","CENTRAL CALIFORNIA REHABILITATION HOSPITAL"
"053045","06067","SACRAMENTO REHABILITATION HOSPITAL"
"053046","06067","UC DAVIS REHABILITATION HOSPITAL"
"053047","06077","STOCKTON REGIONAL REHABILITATION HOSPITAL"
"053300","06019","VALLEY CHILDREN'S HOSPITAL"
"053301","06001","UCSF BENIOFF CHILDREN'S HOSPITAL OAKLAND"
"053302","06037","CHILDREN'S HOSP OF LOS ANGELES"
"053303","06073","RADY CHILDREN'S HOSPITAL - SAN DIEGO"
"053304","06059","RADY CHILDREN'S HOSPITAL ORANGE COUNTY"
"053305","06085","LUCILE SALTER PACKARD CHILDREN'S HSP AT STANFORD"
"053306","06059","RADY CHILDREN'S HOSPITAL"
"053307","06085","CHILDREN'S RECOVERY CENTER OF NO CALIF"
"053308","06059","HEALTHBRIDGE CHILDREN'S HOSPITAL - ORANGE"
"053309","06037","MEMORIAL CARE MILLER CHILDREN'S &  WOMEN'S HOSP LB"
"053310","06037","SHRINERS HOSPITALS FOR CHILDREN"
"053311","06067","SHRINERS HOSPITALS FOR CHILDREN NORTHERN CALIF"
"054001","06037","EDGEMONT HOSPITAL"
"054003","06081","BELMONT HILLS PSYCHIATRIC CENTER"
"054009","06037","RESNICK NEUROPSYCHIATRIC HOSPITAL AT UCLA"
"054010","06019","KINGS VIEW HOSP"
"054011","06037","CPC WESTWOOD HOSPITAL"
"054012","06073","MESA VISTA HOSPITAL"
"054016","06077","STOCKTON DEVELOPMENTAL CENTER"
"054020","06075","LANGLEY PORTER PSYCHIATRIC INSTITUTE"
"054027","06037","INGLESIDE HOSP"
"054028","06037","GATEWAYS HOSP  MENTAL HEALTH CTR"
"054029","06073","VISTA HILL HOSP"
"054032","06037","BHC ALHAMBRA HOSPITAL"
"054035","06029","MEMORIAL CENTER FOR BEHAVIORAL HEALTH"
"054036","06001","EVERETT A GLADMAN MEM HOSP"
"054037","06059","CPC BREA CANYON HOSPITAL"
"054039","06073","SAN DIEGO COUNTY MENTAL HLTH SERVICES"
"054043","06037","CPC HORIZON HOSPITAL"
"054044","06059","C P C SANTA ANA HOSPITAL"
"054046","06037","CHARTER HOSPITAL OF LONG BEACH"
"054049","06037","WOODVIEW-CALABASAS HOSP"
"054050","06037","CHILDREN'S COMMUNITY MENTAL HEALTH CTR"
"054052","06013","BHC WALNUT CREEK HOSPITAL"
"054053","06037","DEL AMO HOSPITAL"
"054055","06037","COLLEGE HOSPITAL"
"054056","06059","CARE UNIT HOSP OF ORANGE"
"054058","06073","SOUTHWOOD PSYCHIATRIC HOSPITAL"
"054059","06037","COUNTER POINT CTR EL MONTE"
"054060","06065","CHARTER BEHAVIORAL HEALTH SYS CORONA"
"054064","06059","CAPISTRANO BY THE SEA HOSPITAL"
"054065","06073","BHC SAN LUIS REY HOSPITAL"
"054066","06071","SAN BERNARDINO COUNTY MED CENTER"
"054067","06037","GLENBROOK HOSPITAL & MENTAL HLTH CTR"
"054068","06037","KAISER PERMANENTE MENTAL HEALTH CENTER"
"054069","06037","AURORA CHARTER OAK"
"054071","06055","NAPA STATE HOSPITAL"
"054074","06095","ADVENTIST HEALTH VALLEJO"
"054075","06073","ALVARADO PARKWAY INSTITUTE BEHAVIORAL HEALTH SYSTE"
"054076","06073","RANCHO PARK HOSPITAL"
"054077","06111","AURORA VISTA DEL MAR HOSPITAL"
"054078","06037","AURORA LAS ENCINAS HOSPITAL"
"054079","06037","PASADENA COMMUNITY HOSPITAL"
"054080","06067","FAIR OAKS HOSPITAL"
"054081","06037","CARE UNIT HOSP OF LOS ANGLES"
"054082","06073","SD CTY LOMA PORTAL MENTAL HLTH FAC"
"054083","06037","KEDREN COMMUNITY MENTAL HEALTH CENTER"
"054084","06037","ALONDRA CREST HOSPITAL"
"054085","06037","CHARTER BEHAV HLTH SYS AT LOS ALTOS"
"054086","06037","LIFEPLUS COLDWATER CANYON HOSPITAL"
"054087","06067","SIERRA VISTA HOSPITAL, INC"
"054088","06099","STANISLAUS BEHAVIORAL HEALTH CENTER"
"054089","06075","JEWISH HOME & REHAB CENTER"
"054090","06019","CPC-SIERRA GATEWAY HOSPITAL"
"054091","06019","CEDAR VISTA HOSPITAL"
"054092","06081","WOODSIDE WOMENS HOSPITAL"
"054093","06071","LOMA LINDA UNIVERSITY BEHAVIORAL MED CTR"
"054094","06029","MEMORIAL CENTER"
"054095","06073","AURORA SAN DIEGO"
"054096","06067","SUTTER CENTER FOR PSYCHIATRY"
"054097","06041","ROSS HOSPITAL"
"054098","06061","CHARTER BHS OF NO CA SACRAMENTO"
"054099","06065","CHARTER BHS OF SO CA PALM SPRINGS"
"054100","06071","RANCHO LINDO HOSPITAL"
"054101","06059","LAGUNA HILLS HOSP & MENTAL HLTH CTR"
"054102","06045","MENDOCINO PSYCH HEALTH FACILITY"
"054103","06013","OAK GROVE"
"054104","06067","HERITAGE OAKS HOSPITAL"
"054105","06037","PINE GROVE HOSPITAL"
"054106","06111","ANACAPA HOSPITAL"
"054107","06111","PACIFIC SHORES HOSPITAL"
"054108","06089","SHASTA COUNTY IN-PATIENT MTL HLTH SERS"
"054109","06097","CPC REDWOODS HOSPITAL"
"054110","06001","FREMONT HOSPITAL"
"054111","06071","CANYON RIDGE HOSPITAL"
"054112","06059","CHARTER HOSPITAL OF FOUNTAIN VALLEY"
"054113","06059","CHARTER BEHAVIORAL HLTH SYS OF CA ATMV"
"054114","06073","SAN DIEGO COUNTY PSYCHIATRIC HOSPITAL"
"054115","06111","CHARTER BEHAVIORAL HLTH SYS OF SO CAL"
"054116","06111","PACIFIC SHORES HOSPITAL"
"054117","06059","CHARTER BEHAVIORAL HEALTH SYSTEM"
"054118","06107","CHARTER BEHAVIORAL HLTH SYS OF VISALIA"
"054119","06085","CHARTER BEHAVIORAL HLTH SYSTEM OF SJ"
"054120","06095","SOLANO PARK HOSPITAL"
"054122","06055","DEPT OF STATE HOSPITALS - NAPA"
"054123","06077","ST JOSEPH'S BEHAVIORAL HEALTH CENTER"
"054124","06023","SEMPERVIRENS"
"054125","06083","SANTA BARBARA COUNTY PSYCHIATRIC HEALTH FACILITY"
"054126","06101","SUN RIDGE HOSPITAL"
"054127","06059","STARTING POINT OF ORANGE COUNTY"
"054128","06083","SCHICK SHADEL HOSPITAL"
"054129","06037","SUNCREST HOSPITAL OF SOUTH BAY"
"054130","06065","PACIFIC GROVE HOSPITAL"
"054131","06013","JOHN MUIR BEHAVIORAL HEALTH CENTER"
"054132","06095","SOLANO PARK PSYCH HEALTH FACILITY"
"054133","06037","DEPT OF STATE HOSPITALS - METROPOLITAN - PSY"
"054134","06111","CAMARILLO STATE HOSP & DEVELOPMTL CTR"
"054135","06059","NEWPORT BAY HOSPITAL"
"054136","06019","KINGS VIEW HOSPITAL"
"054137","06097","NORTH COAST HEALTH CARE CENTERS"
"054139","06073","BAYVIEW HOSPITAL AND MENTAL HEALTH SYS"
"054141","06095","TELECARE/SOLANO PARK"
"054142","06037","INGLESIDE HOSPITAL"
"054144","06075","LANGLEY PORTER PSYCHIATRIC INSTITUTE"
"054145","06073","SHARP MESA VISTA HOSPITAL"
"054146","06001","TELECARE HERITAGE PSYCHIATRIC HEALTH FACILITY"
"054147","06037","JOYCE EISENBERG KEEFER MEDICAL CENTER"
"054148","06037","TARZANA TREATMENT CENTER"
"054149","06001","WILLOW ROCK CENTER"
"054150","06085","KAISER PERMANENTE PSYCHIATRIC HEALTH FACILITY-SANT"
"054151","06097","AURORA BEHAVIORAL HEALTHCARE-SANTA ROSA, LLC"
"054152","06087","SANTA CRUZ COUNTY PSYCHIATRIC HEALTH FACILITY"
"054153","06037","OCEAN VIEW PSYCHIATRIC HEALTH FACILITY"
"054154","06085","SAN JOSE BEHAVIORAL HEALTH"
"054155","06029","BAKERSFIELD BEHAVIORAL HEALTHCARE HOSPITAL, LLC"
"054157","06037","GLENDORA  HOSPITAL"
"054158","06059","ALISO RIDGE BEHAVIORAL HEALTH, LLC"
"054159","06067","SACRAMENTO BEHAVIORAL HEALTHCARE HOSPITAL, LLC"
"054160","06019","RIVER VISTA BEHAVIORAL HEALTH"
"059800","06073","SHARP MEMORIAL HOSPITAL-TRANSPLANT"
"059801","06037","CEDARS-SINAI MEDICAL CENTER - TRANSPLANT SERVICES"
"059802","06059","WESTERN MEDICAL TRANSPLANT CENTER"
"059803","06085","STANFORD HOSPITAL TRANSPLANT"
"059804","06085","LUCILE SALTER PACKARD CHILDREN'S HOSPITAL AT STANF"
"059805","06073","RADY CHILDREN'S HOSPITAL SAN DIEGO"
"059806","06075","CALIFORNIA PACIFIC MEDICAL CENTER"
"059807","06075","UNIVERSITY OF CALIFORNIA, SAN FRANCISCO"
"059808","06067","UNIVERSITY OF CALIFORNIA DAVIS-  TRANSPLANT"
"059809","06067","SUTTER MEDICAL CENTER, SACRAMENTO"
"059810","06073","UNIVERSITY OF CALIFORNIA, SAN DIEGO MEDICAL CENTER"
"059811","06059","UNIVERSITY OF CALIFORNIA, IRVINE MEDICAL CENTER"
"059812","06037","RONALD REAGAN UCLA MEDICAL CENTER - TRANSPLANT SVS"
"059813","06037","CHILDREN'S HOSPITAL OF LOS ANGELES"
"059814","06071","LOMA LINDA UNIVERSITY MEDICAL CENTER, TRANSPLANT I"
"059815","06073","GREEN HOSPITAL OF SCRIPPS CLINIC"
"059816","06059","ST JOSEPH HOSPITAL"
"059817","06065","RIVERSIDE COMMUNITY HOSPITAL"
"059818","06037","LAC HARBOR-UCLA MEDICAL CENTER"
"059819","06037","KECK HOSPITAL OF USC"
"059820","06037","SAINT VINCENT MEDICAL CENTER - TRANSPLANT CENTER"
"059821","06065","RIVERSIDE COMMUNITY HOSPITAL"
"060001","08123","BANNER NORTH COLORADO MEDICAL CENTER"
"060003","08013","LONGMONT UNITED HOSPITAL"
"060004","08001","INTERMOUNTAIN HEALTH PLATTE VALLEY HOSPITAL"
"060005","08031","AMI PRESBYTERIAN-DENVER HOSP"
"060006","08085","MONTROSE REGIONAL HEALTH"
"060007","08099","PROWERS MEDICAL CENTER"
"060008","08003","SAN LUIS VALLEY HEALTH"
"060009","08059","INTERMOUNTAIN HEALTH LUTHERAN HOSPITAL"
"060010","08069","POUDRE VALLEY HOSPITAL"
"060011","08031","DENVER HEALTH MEDICAL CENTER"
"060012","08101","ST MARY-CORWIN HOSPITAL"
"060013","08067","MERCY HOSPITAL"
"060014","08031","HCA HEALTHONE PRESBYTERIAN ST LUKE'S"
"060015","08059","ST ANTHONY HOSPITAL"
"060016","08043","CENTURA HEALTH-ST THOMAS MORE HOSPITAL"
"060017","08041","ST FRANCIS HOSPITAL SYSTEMS"
"060018","08083","SOUTHWEST MEMORIAL HOSPITAL"
"060019","08031","BETH ISRAEL HEALTH CARE CENTER"
"060020","08101","PARKVIEW MEDICAL CENTER, INC"
"060022","08041","UNIVERSITY COLO HEALTH MEMORIAL HOSPITAL CENTRAL"
"060023","08077","INTERMOUNTAIN HEALTH ST. MARY'S REGIONAL HOSPITAL"
"060024","08001","UNIVERSITY OF COLORADO HOSPITAL AUTHORITY"
"060025","08089","PIONEERS MEMORIAL HOSPITAL"
"060026","08031","PROVENANT MERCY HOSPITAL"
"060027","08013","FOOTHILLS HOSPITAL"
"060028","08031","INTERMOUNTAIN HEALTH SAINT JOSEPH HOSPITAL"
"060029","08065","ST VINCENT GENERAL HOSPITAL DISTRICT"
"06002F","08041","U S AIR FORCE ACADEMY HOSPITAL"
"060030","08069","BANNER NORTH CO MEDICAL CENTER - LOVELAND CAMPUS"
"060031","08041","PENROSE HOSPITAL"
"060032","08031","HCA HEALTHONE ROSE"
"060033","08071","MOUNT SAN RAFAEL HOSPITAL"
"060034","08005","HCA HEALTHONE SWEDISH"
"060035","08031","ROCKY MOUNTAIN HOSP"
"060036","08089","ARKANSAS VALLEY REGIONAL MEDICAL CENTER"
"060037","08063","KIT CARSON COUNTY MEMORIAL HOSPITAL"
"060038","08095","MELISSA MEMORIAL HOSPITAL"
"060039","08067","LAPLATA COMMUNITY HOSP"
"06003F","08041","U S ARMY HOSPITAL"
"060041","08103","PIONEERS MEDICAL CENTER"
"060042","08045","CLAGETT MEMORIAL HOSPITAL"
"060043","08017","KEEFE MEMORIAL HOSPITAL"
"060044","08087","ST ELIZABETH HOSPITAL"
"060045","08043","ST JOSEPH HOSPITAL"
"060046","08081","MEMORIAL HOSPITAL"
"060047","08061","WEISBROD MEMORIAL COUNTY HOSPITAL"
"060049","08107","UCHEALTH YAMPA VALLEY MEDICAL CENTER"
"06004F","08001","FITZSIMMONS ARMY MEDICAL CENTER"
"060050","08015","HEART OF THE ROCKIES REG MED CENTER"
"060051","08013","BOULDER MEMORIAL HOSP"
"060052","08115","SEDGWICK COUNTY MEMORIAL HOSPITAL"
"060053","08125","WRAY COMMUNITY DISTRICT HOSPITAL"
"060054","08077","COMMUNITY HOSPITAL"
"060055","08011","BENT CO MEM HOSP"
"060056","08125","YUMA DISTRICT HOSPITAL"
"060057","08097","ASPEN VALLEY HOSPITAL"
"060058","08095","HAXTUN HOSPITAL DIST HERITAGE LIV CTR"
"06005F","08031","V A HOSPITAL"
"060060","08021","CONEJOS COUNTY HOSPITAL"
"060062","08073","LINCOLN COMMUNITY HOSPITAL"
"060063","08077","FAMILY HEALTH WEST"
"060064","08031","ADVENTHEALTH PORTER"
"060065","08001","HCA HEALTHONE MOUNTAIN RIDGE"
"060066","08055","SPANISH PEAKS REG HLTH CTR"
"060067","08105","MONTE VISTA COMMUNITY HOSPITAL"
"060068","08087","EAST MORGAN COUNTY HOSPITAL"
"06006F","08011","V A HOSPITAL"
"060070","08051","GUNNISON VALLEY HOSPITAL"
"060071","08029","DELTA COUNTY MEMORIAL HOSPITAL"
"060072","08105","ST JOSEPH HOSPITAL OF DEL NORTE INC"
"060073","08103","RANGELY DISTRICT HOSPITAL"
"060074","08121","WASHINGTON COUNTY PUBLIC HOSPITAL"
"060075","08045","VALLEY VIEW HOSPITAL ASSOCIATION"
"060076","08075","STERLING REGIONAL MEDCENTER"
"060077","08009","WALSH DISTRICT HOSPITAL"
"06007F","08077","V A HOSPITAL"
"060083","08041","UNION PRINTERS HOME AND HOSPITAL"
"060085","08009","SOUTHEAST COLORADO HOSPITAL LTC"
"060087","08005","AURORA REGIONAL MEDICAL CENTER"
"060088","08069","ESTES PARK MEDICAL CENTER"
"060090","08049","KREMMLING MEMORIAL HOSPITAL DISTRICT"
"060092","08031","BOWLING GREEN OF COLORADO"
"060093","08031","DOCTORS HOSPITAL"
"060096","08037","VAIL HEALTH HOSPITAL"
"060097","08123","MEMORIAL HOSPITAL OSTEO"
"060098","08041","DOCTORS HOSPITAL MEDICAL CENTER"
"060099","08059","AMC CANCER RESEARCH CTR"
"06009E","08119","HILL TOP HOSPITAL"
"060100","08005","HCA HEALTHONE AURORA"
"060101","08005","CRAIG HOSPITAL"
"060102","08031","VENCOR HOSPITAL-DENVER"
"060103","08013","ADVENTHEALTH AVISTA"
"060104","08014","ST ANTHONY NORTH HOSPITAL"
"060105","08031","HID DIV NATL JEWISH CTR IMMUNOLOGY RES"
"060106","08031","PROVENANT ACUTE LONG STAY HOSPITAL"
"060107","08031","NATIONAL JEWISH HEALTH"
"060108","08041","SPRINGS CTR FOR WOMEN LLC"
"060109","08031","PRECEDENT HEALTH CTR"
"060110","08031","SELECT SPECIALTY HOSPITAL"
"060111","08041","SEMPERCARE HOSPITAL OF COLORADO SPGS"
"060112","08035","HCA HEALTHONE SKY RIDGE"
"060113","08005","ADVENTHEALTH LITTLETON"
"060114","08035","ADVENTHEALTH PARKER"
"060115","08101","COLORADO MENTAL HEALTH INSTITUTE AT PUEBLO"
"060116","08013","INTERMOUNTAIN HEALTH GOOD SAMARITAN HOSPITAL"
"060117","08067","ANIMAS SURGICAL HOSPITAL, LLC"
"060118","08117","ST ANTHONY SUMMIT HOSPITAL"
"060119","08069","MEDICAL CENTER OF THE ROCKIES"
"06011E","08065","CLIMAX MOLYBDENUM COMPANY HOSPITAL"
"060120","08119","PIKES PEAK REGIONAL HOSPITAL"
"060121","08123","NORTHERN COLORADO LONG TERM ACUTE HOSP - ACU"
"060122","08007","PAGOSA MOUNTAIN HOSPITAL"
"060123","08031","COLORADO ORTHOPAEDIC AND SURGICAL HOSPITAL"
"060124","08059","ORTHOCOLORADO HOSP AT ST ANTHONY MED CAMPUS"
"060125","08035","ADVENTHEALTH CASTLE ROCK"
"060126","08069","BANNER FORT COLLINS MEDICAL CENTER"
"060127","08001","SCL HEALTH COMMUNITY HOSPITAL- NORTHGLENN"
"060128","08123","LONGS PEAK HOSPITAL"
"060129","08014","UCHEALTH BROOMFIELD HOSPITAL"
"060130","08041","UCHEALTH GRANDVIEW HOSPITAL"
"060131","08123","UCHEALTH GREELEY HOSPITAL"
"060132","08035","UCHEALTH HIGHLANDS RANCH HOSPITAL"
"060133","08041","ST FRANCIS HOSPITAL - INTERQUEST"
"06015E","08041","EMORY JOHN BRADY HOSPITAL"
"06019E","08001","CHILDRENS HOSPITAL ASSOCIATION THE"
"06020E","08037","VAIL CLINIC"
"061300","08061","WEISBROD HEALTH"
"061301","08105","RIO GRANDE HOSPITAL"
"061302","08077","FAMILY HEALTH WEST HOSPITAL"
"061303","08087","EAST MORGAN COUNTY HOSPITAL"
"061304","08095","HAXTUN HOSPITAL DISTRICT"
"061305","08095","MELISSA MEMORIAL HOSPITAL"
"061306","08073","LINCOLN HEALTH HOSPITAL"
"061307","08103","RANGELY DISTRICT HOSPITAL"
"061308","08021","SAN LUIS VALLEY HEALTH CONEJOS COUNTY HOSPITAL"
"061309","08125","WRAY COMMUNITY DISTRICT HOSPITAL"
"061310","08115","SEDGWICK COUNTY MEMORIAL HOSPITAL"
"061311","08009","SOUTHEAST COLORADO HOSPITAL"
"061312","08069","UCHEALTH ESTES VALLEY MEDICAL CENTER"
"061313","08063","KIT CARSON COUNTY MEMORIAL HOSPITAL"
"061314","08081","MEMORIAL HOSPITAL, THE"
"061315","08125","YUMA DISTRICT HOSPITAL"
"061316","08055","SPANISH PEAKS REGIONAL HEALTH CENTER"
"061317","08045","GRAND RIVER MEDICAL CENTER"
"061318","08049","MIDDLE PARK MEDICAL CENTER"
"061319","08065","ST VINCENT GENERAL HOSPITAL DISTRICT"
"061320","08051","GUNNISON VALLEY HOSPITAL"
"061321","08071","MT SAN RAFAEL HOSPITAL"
"061322","08015","HEART OF THE ROCKIES REGIONAL MEDICAL CENTER"
"061323","08099","PROWERS MEDICAL CENTER"
"061324","08097","ASPEN VALLEY HOSPITAL DISTRICT"
"061325","08103","PIONEERS MEDICAL CENTER"
"061326","08119","UCHEALTH PIKES PEAK REGIONAL HOSPITAL"
"061327","08083","SOUTHWEST MEMORIAL HOSPITAL"
"061328","08007","PAGOSA SPRINGS MEDICAL CENTER"
"061336","08089","ARKANSAS VALLEY REGIONAL MEDICAL CENTER"
"061343","08017","KEEFE MEMORIAL HOSPITAL"
"061344","08043","ST THOMAS MORE HOSPITAL"
"061990","08059","WIDE HORIZON"
"062001","08031","NATIONAL JEWISH CTR IMMUN/RESP MEDCINE"
"062003","08059","AMC CANCER RESEARCH CENTER"
"062008","08101","CMHIP - GENERAL HOSPITAL"
"062009","08031","KINDRED HOSPITAL-DENVER"
"062010","08031","HID DIV NATL JEWISH CTR IMMUNOLOGY RES"
"062011","08005","CRAIG HOSPITAL"
"062012","08031","PAM SPECIALTY HOSPITAL OF DENVER"
"062013","08005","KINDRED HOSPITAL AURORA"
"062014","08001","VIBRA HOSPITAL OF DENVER"
"062015","08031","KINDRED HOSPITAL - DENVER SOUTH"
"062016","08041","KINDRED HOSPITAL-COLORADO SPRINGS"
"062017","08069","NORTHERN COLORADO LONG TERM ACUTE HOSPITAL"
"063025","08005","CRAIG HOSP"
"063026","08077","SAINT MARY'S REHABILITATION CENTER"
"063027","08005","HCA HEALTHONE SPALDING REHABILITATION"
"063028","08001","MEDIPLEX SPECIALTY HOSPITAL"
"063029","08001","ROCKY MTN REHABILITATION INSTITUTE"
"063030","08041","ENCOMPASS HEALTH REHABILITATION HOSPITAL OF CO SPG"
"063031","08031","COLUMBIA NORTH SUBURBAN REHAB HOSPITAL"
"063032","08031","SCCI HOSPITAL AT CITY PARK CTR"
"063033","08069","NORTHERN COLORADO REHABILITATION HOSPITAL, INC"
"063034","08005","ENCOMPASS HEALTH REHAB HOSPITAL OF LITTLETON"
"063035","08001","DENVER REGIONAL REHABILITATION HOSPITAL"
"063036","08031","REUNION REHABILITATION HOSPITAL DENVER"
"063037","08059","PAM HEALTH REHABILITATION HOSPITAL OF WESTMINSTER"
"063038","08035","REUNION REHABILITATION HOSPITAL INVERNESS"
"063039","08123","PAM HEALTH REHABILITATION HOSPITAL OF GREELEY"
"063301","08001","CHILDREN'S HOSPITAL COLORADO"
"063302","08031","NATL JEWISH CENTER IMMUN RESP MEDICINE"
"063303","08041","CHILDREN'S HOSPITAL COLORADO - COLORADO SPRINGS"
"064001","08101","COLORADO MENTAL HEALTH HOSPITAL IN PUEBLO"
"064002","08031","MOUNT AIRY PSYCHIATRIC CTR"
"064003","08031","COLORADO MENTAL HEALTH HOSPITAL IN FORT LOGAN"
"064004","08031","BETHESDA PSYCHEALTH SYSTEM"
"064007","08013","CENTENNIAL PEAKS HOSPITAL"
"064009","08041","CEDAR SPRINGS BEHAVIORAL HEALTH SYSTEM"
"064010","08035","ROSE MED CTR COLUMBINE PSYCH UNIT"
"064011","08001","DEVEREUX CLEO WALLACE"
"064012","08005","AURORA BEHAVIORAL HEALTH HOSPITAL"
"064013","08059","WEST PINES - A PSYCHIATRIC HOSP"
"064014","08059","CHARTER HOSPITAL OF DENVER"
"064015","08005","CHARTER HOSPITAL OF AURORA"
"064016","08069","MOUNTAIN CREST BEH HEALTHCARE SYSTEM"
"064017","08067","LAPLATA PSYCHIATRIC HOSPITAL"
"064018","08001","HAVEN BEHAVIORAL SENIOR CARE OF NORTH DENVER"
"064019","08031","CENTRE FOR BEHAVIORAL HEALTH,THE"
"064020","08031","COLUMBIA BETHESDA BEHAVIORAL HEALTH"
"064021","08031","CLEO WALLACE CENTERS  DENVER"
"064022","08101","CMHIP - FORENSIC HOSPITAL"
"064023","08077","WEST SPRINGS HOSPITAL, INC"
"064024","08035","HIGHLANDS BEHAVIORAL HEALTH SYSTEM"
"064025","08101","HAVEN BEHAVIORAL HOSPITAL OF SOUTHERN COLO"
"064026","08041","PEAK VIEW BEHAVIORAL HEALTH"
"064027","08069","CLEAR VIEW BEHAVIORAL HEALTH"
"064028","08005","DENVER SPRINGS"
"064029","08069","JOHNSTOWN HEIGHTS BEHAVIORAL HEALTH"
"064030","08001","WEST PINES BEHAVIORAL HOSPITAL"
"069864","08031","CENTURA HEALTH-PORTER ADVENTIST HOSPITAL"
"069865","08031","PRESBYTERIAN ST LUKE'S MEDICAL CENTER"
"069866","08001","UNIVERSITY OF COLORADO HOSPITAL ANSCHUTZ INPATIENT"
"069867","08001","CHILDRENS HOSPITAL ASSOCIATION THE"
"069868","08031","CENTURA HEALTH-PORTER ADVENTIST HOSPITAL"
"070001","09009","HOSPITAL OF ST RAPHAEL"
"070002","09003","SAINT FRANCIS HOSPITAL & MEDICAL CENTER"
"070003","09015","DAY KIMBALL HOSPITAL"
"070004","09005","SHARON HOSPITAL"
"070005","09009","UCONN HEALTH WATERBURY HOSPITAL"
"070006","09001","STAMFORD HOSPITAL"
"070007","09011","LAWRENCE & MEMORIAL HOSPITAL"
"070008","09013","JOHNSON MEMORIAL HOSPITAL"
"070009","09003","BRADLEY MEMORIAL HOSPITAL & HEALTH CTR"
"070010","09001","BRIDGEPORT HOSPITAL"
"070011","09005","CHARLOTTE HUNGERFORD HOSPITAL"
"070012","09013","ROCKVILLE GENERAL HOSPITAL"
"070013","09003","MT SINAI HOSPITAL"
"070014","09009","WW2 VETERANS MEMORIAL HOSPITAL"
"070015","09005","NEW MILFORD HOSPITAL"
"070016","09009","SAINT MARY'S HOSPITAL"
"070017","09009","MIDSTATE MEDICAL CENTER"
"070018","09001","GREENWICH HOSPITAL ASSOCIATION -"
"070019","09009","MILFORD HOSPITAL, INC"
"07001F","09011","US COAST GUARD ACADEMY HOSP"
"070020","09007","MIDDLESEX HOSPITAL"
"070021","09015","WINDHAM COMM MEM HOSP & HATCH HOSP"
"070022","09009","YALE-NEW HAVEN HOSPITAL"
"070023","09001","PARK CITY HOSPITAL"
"070024","09011","WILLIAM W BACKUS HOSPITAL"
"070025","09003","HARTFORD HOSPITAL"
"070026","09005","WINSTED MEMORIAL HOSPITAL"
"070027","09003","MANCHESTER MEMORIAL HOSPITAL"
"070028","09001","ST VINCENT'S MEDICAL CENTER"
"070029","09003","BRISTOL HOSPITAL"
"07002F","09003","VA HOSP"
"070030","09001","ST JOSEPH MEDICAL CENTER, INC"
"070031","09009","GRIFFIN HOSPITAL"
"070033","09001","DANBURY HOSPITAL"
"070034","09001","NORWALK HOSPITAL"
"070035","09003","HOSPITAL OF CENTRAL CONNECTICUT, THE"
"070036","09003","JOHN DEMPSEY HOSPITAL OF THE UNIVERSITY OF CONNECT"
"070038","09009","CONNECTICUT HOSPICE INC,THE"
"070039","09009","MASONICARE HEALTH CENTER"
"07003F","09009","VETERANS ADMINISTRATION HOSPITAL"
"070040","09003","HEBREW HOME AND HOSPITAL INC"
"07004F","09011","US NAVAL HOSP"
"07006E","09001","HILLSIDE HOME  HOSP"
"07007E","09009","CONNECTICUT MENTAL HEALTH CENTER"
"072002","09011","UNCAS ON THAMES HOSPITAL"
"072003","09009","GAYLORD HOSPITAL INC"
"072004","09003","HOSPITAL FOR SPECIAL CARE"
"072006","09003","STATE OF CONNECTICUT, DEPT OF VETERANS' AFFAIRS"
"072007","09009","MASONIC HOME AND HOSP"
"072008","09003","HEBREW HOME AND HOSPITAL, INC"
"073025","09003","MOUNT SINAI REHABILITATION HOSPITAL INC"
"073026","09015","STAMFORD REHABILITATION HOSPTIAL"
"073027","09001","ENCOMPASS HEALTH REHABILITATION HOSPITAL OF DANBU"
"073300","09003","CONNECTICUT CHILDRENS MEDICAL CENTER"
"074000","09001","HALL-BROOKE HOSPITAL"
"074001","09001","SILVER HILL FNDN HOSP"
"074002","09003","INSTITUTE OF LIVING"
"074003","09007","CONNECTICUT VALLEY HOSP"
"074005","09011","NORWICH STATE HOSP"
"074006","09001","FAIRFIELD HILLS HOSP"
"074007","09007","SAINT FRANCIS CARE BEHAVIORAL HEALTH"
"074008","09013","NATCHAUG HOSPITAL"
"074009","09003","CEDARCREST REGIONAL HOSPITAL"
"074010","09003","BLUE HILL HOSPITAL"
"074011","09009","CONNECTICUT MENTAL HEALTH CENTER"
"074012","09001","SOUTHWEST CONNECTICUT MENTAL HEALTH SYSTEM"
"074013","09009","YALE PSYCHIATRIC INSTITUTE"
"074014","09001","SILVER HILL HOSPITAL INC"
"074015","09007","ALBERT J SOLNIT CHILDREN'S CENTER - SOUTH CAMPUS"
"074016","09009","MASONICARE HEALTH CENTER"
"074017","09003","CONNECTICUT BEHAVIORAL HEALTH HOSPITAL"
"079801","09009","YALE-NEW HAVEN HOSPITAL -  TRANSPLANT CENTER"
"079802","09003","HARTFORD HOSPITAL - TRANSPLANT CENTER"
"080001","10003","CHRISTIANACARE"
"080002","10005","MILFORD MEMORIAL HOSPITAL INC"
"080003","10003","ST FRANCIS HOSPITAL"
"080004","10001","BAYHEALTH MEDICAL CENTER, KENT CAMPUS"
"080005","10003","RIVERSIDE HOSPITAL"
"080006","10005","TIDALHEALTH NANTICOKE, INC."
"080007","10005","BEEBE MEDICAL CENTER"
"080008","10003","SELECT SPECIALTY HOSPITAL WILMINGTON"
"080009","10005","BAYHEALTH HOSPITAL, SUSSEX CAMPUS"
"080010","10003","AMERICAN SURGERY CENTER"
"08001F","10001","US AIR FORCE HOSP"
"08002F","10003","WILMINGTON VA MEDICAL & REGIONAL OFFICE CENTER"
"08003E","10003","A I DUPONT INSTITUTE"
"082000","10003","SELECT SPECIALTY HOSPITAL WILMINGTON"
"083025","10003","EUGENE DUPONT MEMORIAL DIVISION HOSP"
"083026","10003","ENCOMPASS HEALTH REHAB HOSPITAL OF MIDDLETOWN"
"083027","10001","PAM REHABILITATION HOSPITAL OF DOVER"
"083028","10005","PAM HEALTH REHABILITATION HOSPITAL OF GEORGETOWN L"
"083300","10003","NEMOURS CHILDREN'S HOSPITAL, DELAWARE"
"084001","10003","DELAWARE PSYCHIATRIC CENTER"
"084002","10003","ROCKFORD CENTER"
"084003","10003","MEADOWWOOD BEHAVIORAL HEALTH SYSTEM"
"084004","10001","DOVER BEHAVIORAL HEALTH SYSTEM"
"084005","10005","SUN BEHAVIORAL DELAWARE LLC"
"089800","10003","CHRISTIANACARE"
"089801","10003","NEMOURS CHILDREN'S HOSPITAL, DELAWARE"
"090001","11001","GEORGE WASHINGTON UNIV HOSPITAL"
"090002","11001","HADLEY MEMORIAL HOSPITAL"
"090003","11001","HOWARD UNIVERSITY HOSPITAL CORP"
"090004","11001","MEDSTAR GEORGETOWN UNIVERSITY HOSPITAL"
"090005","11001","SIBLEY MEMORIAL HOSPITAL"
"090006","11001","PROVIDENCE HOSPITAL"
"090007","11001","DISTRICT OF COLUMBIA GEN HOSPITAL"
"090008","11001","UNITED MEDICAL CENTER"
"090009","11001","CAPITOL HILL HOSPITAL"
"090010","11001","COLUMBIA HOSPITAL FOR WOMEN"
"090011","11001","MEDSTAR WASHINGTON HOSPITAL CENTER"
"090012","11001","CEDAR HILL REGIONAL MEDICAL CENTER"
"090015","11001","MEDLINK HOSPITAL OF CAPITOL HILL"
"09001F","     ","US AIR FORCE HOSP"
"09002F","11001","WASHINGTON DC VA MEDICAL CENTER"
"09003F","11001","WALTER REED ARMY HOSP"
"09005E","11001","CHILDREN CONV HOSP"
"09006E","11001","NATIONAL TRAINING SCHOOL HOSP"
"09007E","11001","DEPARTMENT OF CORRECTION HOSP"
"09008E","11001","PSYCHIATRIC INSTITUTE UNIV MED BLDG"
"092002","11001","BRIDGEPOINT CONT CARE HOSPITAL - CAPITOL HILL"
"092003","11001","BRIDGEPOINT CONT CARE HOSPITAL - NAT HARBORSIDE"
"093025","11001","MEDSTAR NATIONAL REHABILITATION HOSPITAL"
"093300","11001","CHILDREN'S NATIONAL HOSPITAL"
"093301","11001","CHILDREN HOSP NATIONAL MED CENTER"
"094001","11001","ST ELIZABETHS HOSPITAL"
"094004","11001","PSYCHIATRIC INSTITUTE OF WASHINGTON"
"094005","11001","RIVERSIDE TREATMENT SERVICES"
"099800","11001","MEDSTAR WASHINGTON HOSPITAL CENTER"
"099801","11001","CHILDREN'S NATIONAL MEDICAL CENTER"
"099802","11001","MEDSTAR GEORGETOWN UNIVERSITY HOSPITAL"
"099803","11001","GEORGE WASHINGTON UNIVERSITY HOSPITAL"
"100001","12031","UF HEALTH JACKSONVILLE"
"100002","12099","BETHESDA HOSPITAL EAST"
"100004","12079","MADISON COUNTY MEMORIAL HOSPITAL"
"100005","12105","POLK GENERAL HOSPITAL"
"100006","12095","ORLANDO HEALTH ORLANDO REGIONAL MEDICAL CENTER"
"100007","12095","ADVENTHEALTH ORLANDO"
"100008","12086","BAPTIST HOSPITAL OF MIAMI"
"100009","12086","UMHC-UHEALTH TOWER"
"100010","12099","ST MARYS HOSPITAL INC"
"100011","     ","UNIVERSITY HOSPITAL"
"100012","12071","LEE MEMORIAL HOSPITAL"
"100013","12057","HILLSBOROUGH COUNTY HOSPITAL"
"100014","12127","ADVENTHEALTH NEW SMYRNA BEACH"
"100015","12103","SUN COAST HOSPITAL"
"100016","12019","KINDRED HOSPITAL NORTH FLORIDA"
"100017","12127","HALIFAX HEALTH MEDICAL CENTER"
"100018","12021","NAPLES COMMUNITY HOSPITAL"
"100019","12009","HOLMES REGIONAL MEDICAL CENTER"
"100020","12086","HEALTHSOUTH DOCTORS HOSPITAL"
"100021","12095","FLORIDA HOSP ORLANDO GENERAL DIVISION"
"100022","12086","JACKSON MEMORIAL HOSPITAL"
"100023","12017","HCA FLORIDA CITRUS HOSPITAL"
"100024","12087","FISHERMEN'S HOSPITAL"
"100025","12033","ASCENSION SACRED HEART PENSACOLA"
"100026","12005","ASCENSION SACRED HEART BAY"
"100027","12045","GULF PINES HOSPITAL"
"100028","12009","PARRISH MEDICAL CENTER"
"100029","12086","NORTH SHORE MEDICAL CENTER"
"100030","12095","ORLANDO HEALTH-HEALTH CENTRAL HOSPITAL"
"100031","12011","WEST BROWARD HOSP"
"100032","12103","ORLANDO HEALTH BAYFRONT HOSPITAL"
"100033","12086","NORTH MIAMI MEDICAL CENTER"
"100034","12086","MOUNT SINAI MEDICAL CENTER OF FLORIDA, INC"
"100035","12081","MANATEE MEMORIAL HOSPITAL"
"100036","12086","SOUTHEASTERN MEDICAL CENTER"
"100038","12011","MEMORIAL REGIONAL HOSPITAL"
"100039","12011","BROWARD HEALTH MEDICAL CENTER"
"100040","12031","ASCENSION ST VINCENT'S RIVERSIDE"
"100042","12011","VENCOR HOSPITAL HOLLYWOOD"
"100043","12103","MEASE DUNEDIN HOSPITAL"
"100044","12085","CLEVELAND CLINIC MARTIN NORTH HOSPITAL"
"100045","12127","ADVENTHEALTH DELAND"
"100046","12101","ADVENTHEALTH ZEPHYRHILLS"
"100047","12015","SHOREPOINT HEALTH PUNTA GORDA"
"100048","12113","JAY HOSPITAL"
"100049","12055","HCA FLORIDA HIGHLANDS HOSPITAL"
"100050","12086","LARKIN COMMUNITY HOSPITAL PALM SPRINGS CAMPUS"
"100051","12069","ORLANDO HEALTH SOUTH LAKE HOSPITAL"
"100052","12105","WINTER HAVEN HOSPITAL"
"100053","12086","HIALEAH HOSPITAL"
"100054","12091","HCA FLORIDA TWIN CITIES HOSPITAL"
"100055","12103","ADVENTHEALTH NORTH PINELLAS"
"100056","12011","CLEVELAND CLINIC HOSPITAL"
"100057","12069","ADVENTHEALTH WATERMAN"
"100059","12086","MIAMI BEACH COMMUNITY HOSPITAL"
"100060","12086","MT SINAI MED CTR & MIAMI HEART INSTITU"
"100061","12086","MERCY HOSPITAL INC"
"100062","12083","ADVENTHEALTH OCALA"
"100063","12101","MORTON PLANT NORTH BAY HOSPITAL"
"100065","12033","UNIVERSITY HOSPITAL"
"100067","12103","ST ANTHONYS HOSPITAL"
"100068","12127","ADVENTHEALTH DAYTONA BEACH"
"100069","12057","ADVENTHEALTH CARROLLWOOD"
"100070","12115","SHOREPOINT HEALTH VENICE"
"100071","12053","TAMPA GENERAL HOSPITAL BROOKSVILLE"
"100072","12127","ADVENTHEALTH FISH MEMORIAL"
"100073","12011","HOLY CROSS HOSPITAL"
"100074","12097","ST CLOUD HOSPITAL"
"100075","12057","ST JOSEPHS HOSPITAL"
"100076","12086","METROPOLITAN HOSPITAL OF MIAMI"
"100077","12015","ADVENTHEALTH PORT CHARLOTTE"
"100078","12059","DOCTORS MEMORIAL HOSPITAL"
"100079","12086","UNIV OF MIAMI HOSPITAL AND CLINICS-SYLVESTER COMPR"
"100080","12099","HCA FLORIDA JFK HOSPITAL"
"100081","12131","HEALTHMARK REGIONAL MEDICAL CENTER"
"100082","12001","ALACHUA GENERAL HOSPITAL"
"100083","12031","RIVERSIDE HOSPITAL"
"100084","12069","UF HEALTH LEESBURG HOSPITAL"
"100085","12011","FLORIDA MEDICAL CENTER SOUTH"
"100086","12011","BROWARD HEALTH NORTH"
"100087","12115","SARASOTA MEMORIAL HOSPITAL"
"100088","12031","BAPTIST MEDICAL CENTER JACKSONVILLE"
"100089","12097","KISSIMMEE MEMORIAL HOSPITAL"
"100090","12109","FLAGLER HOSPITAL"
"100092","12009","ORLANDO HEALTH ROCKLEDGE HOSPITAL"
"100093","12033","BAPTIST HOSPITAL"
"100098","12051","HENDRY REGIONAL MEDICAL CENTER"
"100099","12105","ADVENTHEALTH LAKE WALES"
"10009F","12103","BAY PINES VA MEDICAL CENTER"
"100100","12086","VICTORIA HOSPITAL"
"100102","12023","SHANDS LAKE SHORE REGIONAL MEDICAL CENTER"
"100103","12007","SHANDS AT STARKE"
"100105","12061","CLEVELAND CLINIC INDIAN RIVER HOSPITAL"
"100106","12123","DOCTORS MEMORIAL HOSPITAL INC"
"100107","12071","HCA FLORIDA LEHIGH HOSPITAL"
"100108","12047","TRINITY COMMUNITY HOSPITAL"
"100109","12055","ADVENTHEALTH SEBRING"
"10010F","12009","US AIR FORCE HOSP"
"100110","12097","HCA FLORIDA OSCEOLA HOSPITAL"
"100112","12013","CALHOUN LIBERTY HOSPITAL"
"100113","12001","UF HEALTH SHANDS HOSPITAL"
"100114","12086","PARKWAY REGIONAL MEDICAL CENTER"
"100115","12057","WEST SHORE HOSPITAL"
"100117","12031","BAPTIST MEDICAL CENTER - BEACHES"
"100118","12035","ADVENTHEALTH PALM COAST"
"10011F","12086","VA HOSP"
"100120","12011","LAS OLAS HOSPITAL"
"100121","12105","BARTOW REGIONAL MEDICAL CENTER"
"100122","12091","NORTH OKALOOSA MEDICAL CENTER"
"100124","12113","SANTA ROSA MEDICAL CENTER"
"100125","12086","HOMESTEAD HOSPITAL"
"100126","12103","HCA FLORIDA PASADENA HOSPITAL A PART OF HCA FLORID"
"100127","12103","MORTON PLANT HOSPITAL"
"100128","12057","TAMPA GENERAL HOSPITAL"
"100129","12095","LAKESIDE ALTERNATIVES"
"10012F","12086","US AIR FORCE HOSP"
"100130","12099","LAKESIDE MEDICAL CENTER"
"100131","12086","HCA FLORIDA AVENTURA HOSPITAL"
"100132","12057","SOUTH FLORIDA BAPTIST HOSPITAL"
"100134","12003","ED FRASER MEMORIAL HOSPITAL"
"100135","12073","TALLAHASSEE MEMORIAL HOSPITAL"
"100137","12105","ADVENTHEALTH HEART OF FLORIDA"
"100138","12063","CAMPBELLTON-GRACEVILLE HOSPITAL"
"100139","12075","TRI COUNTY HOSPITAL - WILLISTON"
"10013F","12031","US NAVAL HOSP"
"100140","12089","BAPTIST MEDICAL CENTER - NASSAU"
"100142","12063","JACKSON HOSPITAL"
"100143","12057","VENCOR HOSPITAL CENTRAL TAMPA"
"100144","12099","EVERGLADES MEMORIAL HOSPITAL"
"100145","12103","PINELLAS COMMUNITY HOSPITAL"
"100146","12121","SHANDS AT LIVE OAK"
"100147","12133","NORTHWEST FLORIDA COMMUNITY HOSPITAL"
"100149","12057","CENTRO ASTURIANO HOSPITAL"
"10014F","12087","US NAVAL HOSP"
"100150","12087","LOWER KEYS MEDICAL CENTER"
"100151","12031","MAYO CLINIC"
"100152","12086","VENCOR HOSPITAL CORAL GABLES"
"100153","12037","GEORGE E WEEMS MEMORIAL HOSP"
"100154","12086","SOUTH MIAMI HOSPITAL"
"100156","12023","HCA FLORIDA LAKE CITY HOSPITAL"
"100157","12105","LAKELAND REGIONAL MEDICAL CENTER"
"100159","12039","CAPITAL REGIONAL MEDICAL CENTER,GADSDEN"
"10015F","12023","NORTH FL/SOUTH GA VETERANS HEALTH SYSTE"
"100160","12087","MARINERS HOSPITAL"
"100161","12117","HCA FLORIDA LAKE MONROE HOSPITAL"
"100162","12095","WINTER PARK MEMORIAL HOSPITAL"
"100164","12105","MORROW MEMORIAL HOSPITAL"
"100165","12086","SOUTHERN WINDS"
"100166","12115","HCA FLORIDA SARASOTA DOCTORS HOSPITAL"
"100167","12086","HCA FLORIDA MERCY HOSPITAL"
"100168","12099","BOCA RATON REGIONAL HOSPITAL"
"100169","12127","ADVENTHEALTH DAYTONA BEACH"
"10016F","12095","US NAVEL HOSP"
"100170","12031","METHODIST MEDICAL CENTE"
"100172","12086","SOUTH BEACH COMMUNITY HOSPITAL"
"100173","12057","ADVENTHEALTH TAMPA"
"100174","12103","CLEARWATER COMMUNITY HOSPITAL"
"100175","12027","DESOTO MEMORIAL HOSPITAL"
"100176","12099","PALM BEACH GARDENS MEDICAL CENTER"
"100177","12009","CAPE CANAVERAL HOSPITAL"
"100179","12031","HCA FLORIDA MEMORIAL HOSPITAL"
"10017F","12005","US AIR FORCE HOSP"
"100180","12103","HCA FLORIDA ST PETERSBURG HOSPITAL"
"100181","12086","LARKIN COMMUNITY HOSPITAL"
"100183","12086","CORAL GABLES HOSPITAL"
"100185","12049","FLORIDA HOSPITAL WACHULA"
"100186","12103","PHYSICIANS COMMUNITY HOSPITAL"
"100187","12086","PALMETTO GENERAL HOSPITAL"
"100189","12011","HCA FLORIDA NORTHWEST HOSPITAL"
"10018F","12033","US NAVAL HOSP"
"100191","12101","HCA FLORIDA TRINITY HOSPITAL"
"100193","12033","CENTURY MEMORIAL HOSPITAL"
"100194","12011","HUMANA HOSPITAL OF SOUTH BROWARD"
"100195","12087","FLORIDA KEYS MEMORIAL HOSPITAL"
"100196","12031","SPECIALTY HOSPITAL OF JACKSONVILLE"
"100199","12011","POMPANO BEACH MEDICAL CENTER"
"10019F","12073","FEDERAL CORRECTIONAL INST HOSP"
"100200","12011","BROWARD HEALTH IMPERIAL POINT"
"100203","12103","SEMINOLE HOSP & WOMEN'S CENTER"
"100204","12001","HCA FLORIDA NORTH FLORIDA HOSPITAL"
"100206","12057","HCA FLORIDA SOUTH TAMPA HOSPITAL"
"100207","12099","PALM BEACH REGIONAL HOSPITAL"
"100208","12086","JACKSON SOUTH COMMUNITY HOSPITAL"
"100209","12086","HCA FLORIDA KENDALL HOSPITAL"
"10020F","12057","US AIR FORCE HOSP"
"100210","12011","FLORIDA MEDICAL CENTER"
"100211","12101","ADVENTHEALTH DADE CITY"
"100212","12083","HCA FLORIDA OCALA HOSPITAL"
"100213","12081","HCA FLORIDA BLAKE HOSPITAL"
"100214","     ","LAKE MEDICAL CENTER"
"100217","12061","ORLANDO HEALTH SEBASTIAN RIVER HOSPITAL"
"100218","12103","FLORIDA HOSP OF ST  PETERSBURG"
"100219","12109","FLAGLER HOSPITAL WEST"
"10021F","12091","US AIR FORCE HOSP"
"100220","12071","GULF COAST MEDICAL CENTER"
"100221","12095","LUCERNE MEDICAL CENTER"
"100222","12086","PARKWAY WEST REGIONAL MEDICAL CENTER"
"100223","12091","HCA FLORIDA FORT WALTON-DESTIN HOSPITAL"
"100224","12011","HCA FLORIDA WOODMONT HOSPITAL"
"100225","12011","HOLLYWOOD MEDICAL CENTER"
"100226","12019","HCA FLORIDA ORANGE PARK HOSPITAL"
"100227","12057","ST JOSEPH'S WOMEN'S HOSPITAL"
"100228","12011","HCA FLORIDA WESTSIDE HOSPITAL"
"100229","12127","ATLANTIC MEDICAL CENTER"
"100230","12011","MEMORIAL HOSPITAL PEMBROKE"
"100231","12033","HCA FLORIDA WEST HOSPITAL"
"100232","12107","HCA FLORIDA PUTNAM HOSPITAL"
"100234","12099","WEST PALM HOSPITAL"
"100235","12103","UNIVERSITY GENERAL HOSPITAL"
"100236","12015","HCA FLORIDA FAWCETT HOSPITAL"
"100237","12011","NORTH RIDGE MEDICAL CENTER"
"100238","12103","HCA FLORIDA NORTHSIDE HOSPITAL"
"100239","12103","EDWARD WHITE HOSPITAL"
"100240","12086","UMHC - BASCOM PALMER EYE INSTITUTE"
"100241","12125","LAKE BUTLER HOSPITAL HAND SURGERY CENTER"
"100242","12005","HCA FLORIDA GULF COAST HOSPITAL"
"100243","12057","HCA FLORIDA BRANDON HOSPITAL"
"100244","12071","CAPE CORAL HOSPITAL"
"100246","12111","HCA FLORIDA LAWNWOOD HOSPITAL"
"100248","12103","HCA FLORIDA LARGO HOSPITAL"
"100249","12017","TAMPA GENERAL HOSPITAL CRYSTAL RIVER"
"100252","12093","HCA FLORIDA RAULERSON HOSPITAL"
"100253","12099","JUPITER MEDICAL CENTER"
"100254","12073","HCA FLORIDA CAPITAL HOSPITAL"
"100255","12057","TAMPA COMMUNITY HOSPITAL"
"100256","12101","HCA FLORIDA BAYONET POINT HOSPITAL"
"100258","12099","DELRAY MEDICAL CENTER"
"100259","12057","HCA FLORIDA SOUTH SHORE HOSPITAL"
"100260","12111","HCA FLORIDA ST LUCIE HOSPITAL"
"100262","12099","GOOD SAMARITAN HOSPITAL"
"100263","12117","SOUTH SEMINOLE COMMUNITY HOSPITAL"
"100264","12053","HCA FLORIDA OAK HILL HOSPITAL"
"100265","12103","MEASE COUNTRYSIDE HOSPITAL"
"100266","12113","GULF BREEZE HOSPITAL"
"100267","12115","HCA FLORIDA ENGLEWOOD HOSPITAL"
"100268","12099","WEST BOCA MEDICAL CENTER"
"100269","12099","HCA FLORIDA PALMS WEST HOSPITAL"
"100270","12037","GEORGE E WEEMS MEMORIAL HOSPITAL"
"100271","12057","H LEE MOFFITT CANCER CENTER & RESEARCH INSTITUTE I"
"100273","12091","HUMANA HOSPITAL DESTIN"
"100275","12099","WELLINGTON REGIONAL MEDICAL CENTER"
"100276","12011","BROWARD HEALTH CORAL SPRINGS"
"100277","12086","DOUGLAS GARDENS HOSPITAL"
"100278","12031","METHODIST PATHWAY CENTER"
"100279","12071","GULF COAST HOSPITAL"
"100280","12053","SPRING HILL REGIONAL HOSPITAL"
"100281","12011","MEMORIAL HOSPITAL WEST"
"100282","12049","FLORIDA HOSPITAL WAUCHULA"
"100283","12019","VENCOR HOSPITAL NORTH FLORIDA"
"100284","12086","KERALTY HOSPITAL"
"100285","12011","MEMORIAL HOSPITAL MIRAMAR"
"100286","12021","PHYSICIANS REGIONAL MEDICAL CENTER - PINE RIDGE"
"100287","12099","GOOD SAMARITAN MEDICAL CENTER"
"100288","12099","ST MARY'S MEDICAL CENTER"
"100289","12011","CLEVELAND CLINIC HOSPITAL"
"100290","12119","UF HEALTH SPANISH PLAINES HOSPITAL"
"100291","12009","ORLANDO HEALTH MELBOURNE HOSPITAL"
"100292","12131","SACRED HEART HOSPITAL ON THE EMERALD COAST"
"100293","12086","SELECT SPECIALTY HOSPITAL"
"100294","12095","SEMPERCARE HOSPITAL OF ORLANDO"
"100295","12086","SISTER EMMANUEL HOSPITAL CC"
"100296","12086","DOCTORS HOSPITAL"
"100297","12005","SEMPERCARE HOSPITAL OF PANAMA CITY"
"100298","12039","FLORIDA STATE HOSPITAL UNIT 31 MED"
"100299","12081","LAKEWOOD RANCH MEDICAL CENTER"
"100300","12115","HEALTHSOUTH RIDGELAKE HOSPITAL"
"100301","12083","KINDRED HOSPITAL OCALA"
"100302","12097","ORLANDO HEALTH ST CLOUD HOSPITAL"
"100303","12073","SELECT SPECIALTY HOSPITAL-TALLAHASSEE"
"100305","12001","SELECT SPECIALTY HOSPITAL - GAINESVILLE"
"100306","12033","SELECT SPECIALTY HOSPITAL PENSACOLA"
"100307","12031","ASCENSION ST VINCENT'S SOUTHSIDE"
"100308","12103","BAYCARE ALLIANT HOSPITAL"
"100309","12099","SELECT SPECIALTY HOSPITAL - PALM BEACH, INC"
"100310","12099","KINDRED HOSPITAL THE PALM BEACHES"
"100312","12009","KINDRED HOSPITAL MELBOURNE"
"100313","12045","ASCENSION SACRED HEART GULF"
"100314","12086","WEST KENDALL BAPTIST HOSPITAL"
"100315","12009","VIERA HOSPITAL"
"100316","12009","PALM BAY HOSPITAL"
"100317","12119","PROMISE HOSPITAL OF FLORIDA AT THE VILLAGES"
"100319","12101","ADVENTHEALTH WESLEY CHAPEL"
"100320","12097","HCA FLORIDA POINCIANA HOSPITAL"
"100321","12019","ASCENSION ST VINCENT'S CLAY COUNTY"
"100322","12075","REGIONAL GENERAL HOSPITAL WILLISTON"
"100324","12071","PROMISE HOSPITAL OF FORT MYERS"
"100325","12127","SELECT SPECIALTY HOSPITAL-DAYTONA BEACH"
"100326","12086","PROMISE HOSPITAL OF MIAMI"
"100327","12021","LANDMARK HOSPITAL OF SOUTHWEST FLORIDA"
"100328","12086","MIAMI MEDICAL CENTER, THE"
"100329","12117","OVIEDO MEDICAL CENTER"
"100330","12127","HALIFAX HEALTH /UF HEALTH MEDICAL CENTER OF DELTON"
"100331","12031","OUTPATIENT SERVICE PROVIDERS LLC"
"100332","12111","BLUE WATER SURGERY CENTER"
"100333","12103","WEST PARK SURGERY CENTER LLC"
"100334","12099","BOYNTON BEACH AMBULATORY SURGICAL CENTER"
"100335","12057","HABANA AMBULATORY SURGERY CENTER LLC"
"100336","12009","MERRITT ISLAND OUTPATIENT SURGERY CENTER LLC"
"100337","12095","ORLANDO OUTPATIENT SURGERY CENTER LLC"
"100338","12086","OPEN ACCESS VASCULAR ACCESS CENTER INC"
"100339","12057","BIOSPINE LLC"
"100340","12095","BIOSPINE ORLANDO"
"100341","12103","FLORIDA SPECIALTY SURGERY CENTER LLC"
"100342","12099","JUPITER OUTPATIENT SURGERY CENTER LLC"
"100343","12057","SUN CITY CENTER AMBULATORY SURGERY CENTER, LLC"
"100344","12057","ARMENIA AMBULATORY SURGICAL CENTER LLC"
"100345","12033","NORTHWEST FLORIDA SURGICAL CENTER, INC."
"100346","12095","GLOBAL MICROSURGICAL CENTER LLC"
"100347","12011","AZURA SURGERY CENTER PLANTATION"
"100348","12031","AMERICAN ACCESS CARE OF JACKSONVILLE ASC LLC"
"100349","12031","SOUTHPOINT SURGERY CENTER LLC"
"100350","12095","UCF LAKE NONA HOSPITAL"
"100351","12021","TOTAL BACK CARE CENTER INC"
"100352","12111","FLORIDA COAST MEDICAL CENTER"
"100353","12019","CLAY SURGERY CENTER LLP"
"100354","12071","PERFORMANCE HEALTH SURGERY CENTER"
"100355","12071","CAPE CORAL AMBULATORY SURGERY CENTER, LLC"
"100356","12091","SURGERY CENTER AT SACRED HEART MEDICAL PARK DESTIN"
"100357","12091","SURGICAL SPECIALISTS ASC LLC"
"100358","12127","ATLANTIC SURGERY CENTER INC"
"100359","12115","SARASOTA MEMORIAL HOSPITAL - VENICE"
"100360","12011","HCA FLORIDA UNIVERSITY HOSPITAL"
"100361","12109","ASCENSION ST VINCENT'S ST JOHNS COUNTY"
"100362","12101","BAYCARE HOSPITAL WESLEY CHAPEL"
"100363","12035","ADVENTHEALTH PALM COAST PARKWAY"
"100364","12057","ADVENTHEALTH RIVERVIEW"
"100365","12131","NORTH WALTON DOCTORS HOSPITAL"
"10036E","12011","CORAL RIDGE PSYCHIATRIC HOSP-"
"10039E","12031","HOPE HAVEN CHILDRENS HOSP"
"10043E","12055","FLORIDA ALCOHOLIC REHAB CENTER"
"10056E","12086","VARIETY CHILDRENS HOSP"
"10057F","12001","NORTH FL/SOUTH GA VETERANS HEALTH SYSTEM"
"10063F","12057","JAMES A HALEY VA HOSPITAL"
"10064F","12086","MIAMI VA MEDICAL CENTER"
"10065F","12099","WEST PALM BEACH VA MEDICAL CENTER"
"10099F","12095","ORLANDO VA MEDICAL CENTER"
"101300","12049","ADVENTHEALTH WAUCHULA"
"101301","12121","LAKE CITY MEDICAL CENTER SUWANNEE CAMPUS"
"101302","12063","CAMPBELLTON-GRACEVILLE HOSPITAL"
"101303","12125","LAKE BUTLER HOSPITAL"
"101304","12013","CALHOUN-LIBERTY HOSPITAL"
"101305","12037","GEORGE E WEEMS MEMORIAL HOSPITAL"
"101306","12039","GADSDEN COMMUNITY HOSPITAL"
"101307","12059","DOCTORS MEMORIAL HOSPITAL"
"101308","12133","NORTHWEST FLORIDA COMMUNITY HOSPITAL"
"101309","12051","HENDRY REGIONAL MEDICAL CENTER"
"101310","12007","NORTH FLORIDA REGIONAL MEDICAL CENTER STARKE CAMPU"
"101311","12079","MADISON COUNTY MEMORIAL HOSPITAL"
"101312","12087","FISHERMEN'S COMMUNITY HOSPITAL"
"101313","12087","MARINERS HOSPITAL"
"101314","12123","DOCTORS MEMORIAL HOSPITAL INC"
"101315","12113","JAY HOSPITAL"
"101990","12103","MORNINGSIDE"
"101991","12011","DAYSTAR, INC"
"101992","12095","THE SUMMIT"
"101993","12011","DAYSTAR, INC"
"102000","12099","A G HOLLEY STATE HOSPITAL"
"102001","12086","SELECT SPECIALTY HOSPITAL-MIAMI"
"102002","12031","MEMORIAL REGIONAL REHAB CTR INC"
"102003","12095","SELECT SPECIALTY HOSPITAL - ORLANDO (SOUTH CAMPUS)"
"102004","12009","ADARE MEDICAL CTR"
"102005","12086","DOUGLAS GARDENS HOSP-"
"102006","12001","TACACHALE DAHLIA HOSPIITAL UNIT"
"102007","12039","FLORIDA STATE HOSPITAL UNIT 31"
"102008","12063","SUNLAND COX MEDICAL CENTER"
"102009","12057","KINDRED HOSPITAL-BAY AREA-TAMPA"
"102010","12011","KINDRED HOSPITAL-SOUTH FLORIDA-FT LAUDERDALE"
"102011","12086","VENCOR HOSPITAL CORAL GABLES"
"102012","12031","PAM HEALTH SPECIALTY HOSPITAL OF JACKSONVILLE"
"102013","12057","KINDRED HOSPITAL-CENTRAL TAMPA"
"102014","12011","THC - HOLLYWOOD"
"102015","12019","KINDRED HOSPITAL-NORTH FLORIDA"
"102016","12086","SISTER EMMANUEL HOSPITAL"
"102017","12005","SELECT SPECIALTY HOSPITAL - PANAMA CITY"
"102018","12115","PAM SPECIALTY HOSPITAL OF SARASOTA"
"102019","12083","KINDRED HOSPITAL OCALA"
"102020","12073","SELECT SPECIALTY HOSPITAL - TALLAHASSEE"
"102021","12103","BAYCARE ALLIANT HOSPITAL"
"102022","12001","SELECT SPECIALTY HOSPITAL GAINESVILLE INC"
"102023","12099","SELECT SPECIALTY HOSPITAL-PALM BEACH"
"102024","12033","SELECT SPECIALTY HOSPITAL PENSACOLA"
"102025","12099","KINDRED HOSPITAL THE PALM BEACHES"
"102026","12101","ADVENTHEALTH CONNERTON"
"102027","12009","KINDRED HOSPITAL MELBOURNE"
"102028","12119","SELECT SPECIALTY HOSPITAL - THE VILLAGES"
"102029","12071","SELECT SPECIALTY HOSPITAL-FORT MYERS"
"102030","12127","SELECT SPECIALTY HOSPITAL DAYTONA BEACH"
"102031","12086","SELECT SPECIALTY HOSPITAL-MIAMI LAKES"
"102032","12071","LANDMARK HOSPITAL OF SOUTHWEST FLORIDA"
"103025","12033","REHABILITATION INSTITUTE OF W FLORIDA"
"103026","12086","ST CATHERINE'S REHABILITATION HOSPITAL"
"103027","12011","ST ANTHONY'S REHABILITATION HOSPITAL"
"103028","12011","ENCOMPASS HEALTH REHAB HOSPITAL OF SUNRISE"
"103029","12031","BROOKS REHABILITATION HOSPITAL"
"103030","12099","PINECREST REHABILITATION HOSPITAL"
"103031","12115","ENCOMPASS HEALTH REHAB HOSPITAL OF SARASOTA"
"103032","12061","ENCOMPASS HEALTH REHAB HOSPITAL OF TREASURE COAST"
"103033","12073","ENCOMPASS HEALTH REHABILITATION HOSPITAL OF TALLAH"
"103034","12009","SEA PINES REHAB HOSP AFFILIATE OF ENCOMPASS HEALTH"
"103035","12001","UPREACH PAVILION"
"103036","12086","WEST GABLES REHABILITATION HOSPITAL"
"103037","12103","ENCOMPASS HEALTH REHABILITATION HOSPITAL OF LARGO"
"103038","12086","ENCOMPASS HEALTH REHABILITATION HOSPITAL OF MIAMI"
"103039","12031","BROOKS REHABILITATION HOSPITAL UNIVERSITY CAMPUS"
"103040","12005","ENCOMPASS HEALTH REHABILITATION HOSPITAL OF PANAMA"
"103042","12053","ENCOMPASS HEALTH REHAB HOSPITAL OF SPRING HILL"
"103043","12083","ENCOMPASS HEALTH REHAB HOSPITAL OF CENTRAL FLORIDA"
"103044","12085","ENCOMPASS HEALTH REHAB HOSPITAL AN AFFILIATE OF MA"
"103045","12117","ENCOMPASS HEALTH REHABILITATION HOSPITAL OF ALTAMO"
"103046","12001","UF HEALTH REHABILITATION HOSPITAL"
"103047","12057","ENCOMPASS HEALTH REHABILITATION HOSPITAL OF NORTH"
"103048","12033","ENCOMPASS HEALTH REHABILITATION HOSPITAL OF PENSAC"
"103049","12109","ENCOMPASS HEALTH REHABILITATION HOSPITAL OF ST AUG"
"103050","12105","ENCOMPASS HEALTH REHABILITATION HOSPITAL OF LAKELA"
"103051","12057","TAMPA GENERAL REHABILITATION HOSPITAL"
"103052","12031","ENCOMPASS HEALTH REHABILITATION HOSPITAL OF JACKSO"
"103053","12071","REHABILITATION HOSPITAL OF CAPE CORAL"
"103054","12021","REHABILITATION HOSPITAL OF NAPLES"
"103055","12069","ENCOMPASS HEALTH REHABILITATION HOSPITAL OF CLERMO"
"103056","12069","PAM HEALTH REHABILITATION HOSPITAL OF TAVARES"
"103057","12099","PAM HEALTH REHABILITATION HOSPITAL OF JUPITER"
"103061","12017","CLEARSKY REHABILITATION HOSPITAL OF LECANTO"
"103062","12115","PAM HEALTH REHABILITATION HOSPITAL OF VENICE"
"103063","12031","REUNION REHABILITATION HOSPITAL JACKSONVILLE"
"103064","12097","ENCOMPASS HEALTH REHABILITATION HOSPITAL OF KISSIM"
"103065","12117","ORLANDO REHABILITATION HOSPITAL"
"103066","12031","NORTH FLORIDA REHABILITATION HOSPITAL"
"103067","12031","UF HEALTH REHABILITATION HOSPITAL - JACKSONVILLE"
"103068","12057","FLORIDA REHABILITATION HOSPITAL AT TAMPA"
"103069","12071","REHABILITATION HOSPITAL OF FORT MYERS"
"103070","12127","ENCOMPASS HEALTH REHABILITATION HOSPITAL OF DAYTON"
"103071","12023","CLEARSKY REHABILITATION HOSPITAL OF LAKE CITY"
"103072","12099","ENCOMPASS HEALTH REHABILITATION HOSPITAL OF LAKE W"
"103073","12103","ENCOMPASS HEALTH REHABILITATION HOSPITAL OF ST PET"
"103074","12119","EXALT HEALTH REHABILITATION HOSPITAL WILDWOOD"
"103075","12105","EXALT HEALTH REHABILITATION HOSPITAL LAKELAND"
"103300","12103","JOHNS HOPKINS ALL CHILDREN'S HOSPITAL"
"103301","12086","NICKLAUS CHILDREN'S HOSPITAL"
"103303","12057","SHRINERS HOSPITALS FOR CHILDREN-TAMPA"
"103304","12095","NEMOURS CHILDRENS HOSPITAL, FLORIDA"
"104000","12039","FLORIDA STATE HOSPITAL UNIT 14 PSYCH"
"104001","12011","SOUTH FLORIDA STATE HOSPITAL"
"104002","12027","G PIERCE WOOD MEMORIAL HOSP"
"104005","12086","WINDMOOR HEALTHCARE OF MIAMI"
"104006","12105","PALMVIEW HOSP"
"104007","12003","NORTHEAST FLORIDA STATE HOSPITAL"
"104008","12099","SUNVIEW MEDICAL CENTER"
"104011","12099","LAKE HOSP OF THE PALM BEACHES"
"104012","12057","CHARTER HOSPITAL OF TAMPA BAY"
"104013","12115","SARASOTA PALMS HOSP-"
"104014","12103","CHARTER MEDFIELD BEHAVIORAL HLTH SYSTE"
"104015","12011","HOLLYWOOD PAVILION"
"104016","12031","RIVER POINT BEHAVIORAL HEALTH"
"104017","12103","WINDMOOR HEALTHCARE OF CLEARWATER"
"104018","12069","LIFESTREAM BEHAVIORAL CENTER"
"104023","12057","NORTHSIDE MENTAL HEALTH HOSPITAL INC"
"104024","12009","CIRCLES OF CARE, INC"
"104026","12011","FORT LAUDERDALE BEHAVIORAL HEALTH CENTER"
"104027","12113","WEST FLORIDA COMMUNITY CARE CENTER"
"104028","12086","HIGHLAND PARK HOSPITAL"
"104029","12071","CHARTER GLADE BEHAVIORAL HEALTH SYSTEM"
"104030","     ","GRANT CENTER HOSP OF OCALA"
"104031","12117","WEST LAKE HOSPITAL"
"104032","12091","GULF COAST TREATMENT CENTER"
"104033","12099","FAIR OAKS HOSP OF BOCA/DELRAY"
"104034","12083","CHARTER BEHAVIORAL HEALTH SYSTEMS INC"
"104035","12127","HALIFAX PSYCHIATRIC CENTER NORTH"
"104036","12111","SAVANNAS HOSPITAL"
"104037","12086","DORAL PALMS HOSPITAL"
"104038","12057","UNIVERSITY PSYCHIATRY CENTER"
"104039","12031","CHARTER HOSP OF JACKSONVILLE"
"104040","12081","CENTERSTONE OF FLORIDA"
"104041","12097","CHARTER BEHAVIORAL HEALTH SYSTEM ORL"
"104042","12061","RIVENDELL"
"104043","12095","WINTER PARK PAVILION"
"104044","12011","UNIVERSITY PAVILION HOSPITAL"
"104045","12011","SUNRISE REGIONAL MEDICAL CENTER"
"104046","12095","UNIV BEHAVIORAL CTR CROSSROADS HOSP"
"104047","12005","CCS BAY COUNTY HOSPITAL"
"104048","12109","ST AUGUSTINE PSYCHIATRIC CENTER"
"104049","12086","SOUTHERN WINDS"
"104050","12086","GLENBEIGH HOSPITAL OF MIAMI INC"
"104051","12057","GLENBEIGH HOSPITAL OF TAMPA"
"104052","12011","CORAL RIDGE PSYCHIATRIC HOSPITAL"
"104053","12095","GLENBEIGH HOSP OF ORLANDO"
"104054","12057","CHARTER BEHAV HEALTH SYSTEMS OF TAMPA"
"104055","12017","HERITAGE BEVERLY HILLS"
"104056","12103","NOTHPOINT BEHVIORAL HEALTH CENTER"
"104057","12053","SPRINGBROOK HOSPITAL"
"104058","12086","GRANT CENTER OF DEERING"
"104059","12073","EASTSIDE PSYCHIATRIC HOSPITAL"
"104060","12099","FAIR OAKS PAVILLION AT DELRAY MEDICAL"
"104061","12099","GLENBEIGH HOSP OF THE PALM BEACHES INC"
"104063","12021","AXIOM BEHAVIORAL HEALTH AT NAPLES"
"104064","12085","SANDY PINES"
"104065","12011","ATLANTIC SHORES HOSPITAL"
"104066","12005","BAY MED BEHAVIORAL HEALTH CENTER"
"104067","12095","ASPIRE HEALTH PARTNERS"
"104068","12083","CENTERS INC, THE"
"104069","12031","WEKIVA SPRINGS"
"104070","12111","PORT ST LUCIE HOSPITAL"
"104071","12001","THE VINES HOSPITAL"
"104072","12095","CENTRAL FLORIDA BEHAVIORAL HOSPITAL"
"104073","12005","EMERALD COAST BEHAVIORAL HOSPITAL"
"104074","12071","PARK ROYAL HOSPITAL"
"104075","12101","NORTH TAMPA BEHAVIORAL HEALTH"
"104076","12095","UNIVERSITY BEHAVIORAL CENTER"
"104078","12081","SUNCOAST BEHAVIORAL HEALTH CENTER"
"104079","12011","LARKIN COMMUNITY HOSPITAL BEHAVIORAL HEALTH SRVS"
"104080","12085","CORAL SHORES BEHAVIORAL HEALTH"
"104081","12097","BLACKBERRY CENTER"
"104082","12009","PALM POINT BEHAVIORAL HEALTH"
"104084","12099","NEUROBEHAVIORAL HOSPITAL OF THE PALM BEACHES-NORTH"
"104085","12099","NEUROBEHAVIORAL HOSPITAL OF THE PALM BEACHES-SOUTH"
"104087","12071","NORTH PORT BEHAVIORAL HEALTH"
"109800","12031","SHANDS JACKSONVILLE MEDICAL CENTER"
"109801","12057","TAMPA GENERAL HOSPITAL"
"109802","12095","ADVENTHEALTH ORLANDO"
"109803","12001","SHANDS HOSPITAL AT THE UNIVERSITY OF FLORIDA"
"109804","12086","JACKSON MEMORIAL HOSPITAL"
"109805","12011","BROWARD HEALTH MEDICAL CENTER"
"109806","12031","MAYO CLINIC"
"109807","12127","HALIFAX HEALTH MEDICAL CENTER"
"109808","12103","JOHNS HOPKINS ALL CHILDREN'S HOSPITAL"
"109809","12071","GULF COAST MEDICAL CENTER LEE MEM HEALTH SYSTEM"
"109810","12011","MEMORIAL REGIONAL HOSPITAL"
"109811","12011","CLEVELAND CLINIC FLORIDA"
"109812","12103","HCA FLORIDA LARGO HOSPITAL"
"109813","12033","SACRED HEART HOSPITAL OF PENSACOLA, FLORIDA"
"110001","13313","HAMILTON MEDICAL CENTER"
"110002","13293","UPSON REGIONAL MEDICAL CENTER"
"110003","13299","MEMORIAL SATILLA HEALTH"
"110004","13047","HUTCHESON MEDICAL CENTER"
"110005","13117","NORTHSIDE HOSPITAL FORSYTH"
"110006","13059","ST MARY'S HOSPITAL"
"110007","13095","PHOEBE PUTNEY MEMORIAL HOSPITAL"
"110008","13057","NORTHSIDE HOSPITAL CHEROKEE"
"110009","13079","PEACH COUNTY HOSPITAL"
"110010","13089","EMORY UNIVERSITY HOSPITAL"
"110011","13045","TANNER MEDICAL CENTER - CARROLLTON"
"110013","13207","MONROE COUNTY HOSPITAL"
"110014","13133","MINNIE G BOSWELL MEMORIAL HOSPITAL"
"110015","13045","TANNER MEDICAL CENTER VILLA RICA"
"110016","13285","WELLSTAR WEST GEORGIA MEDICAL CENTER"
"110017","13199","GEORGIA BAPTIST MERIWETHER HOSP"
"110018","13217","PIEDMONT NEWTON HOSPITAL"
"110020","13077","NEWNAN HOSPITAL WEST"
"110023","13129","ADVENTHEALTH GORDON"
"110024","13051","CANDLER HOSPITAL"
"110025","13127","SOUTHEAST GEORGIA HEALTH SYSTEM- BRUNSWICK CAMPUS"
"110026","13105","ELBERT MEMORIAL HOSPITAL"
"110027","13119","ST MARY'S SACRED HEART HOSPITAL, INC"
"110028","13245","PIEDMONT AUGUSTA HOSPITAL"
"110029","13139","NORTHEAST GEORGIA MEDICAL CENTER, INC"
"110030","13015","PIEDMONT CARTERSVILLE MEDICAL CENTER"
"110031","13255","WELLSTAR SPALDING MEDICAL CENTER"
"110032","13257","STEPHENS COUNTY HOSPITAL"
"110033","13089","NORTHLAKE MEDICAL CENTER"
"110034","13245","WELLSTAR MCG HEALTH, AFFILIATED WITH MED COL"
"110035","13067","WELLSTAR KENNESTONE REGIONAL MEDICAL CENTER"
"110036","13051","MEMORIAL HEALTH UNIVERSITY MEDICAL CENTER"
"110037","13185","SMITH HOSPITAL"
"110038","13275","ARCHBOLD MEMORIAL"
"110039","13245","TRINITY HOSPITAL OF AUGUSTA"
"110040","13157","NORTHRIDGE MEDICAL CENTER"
"110041","13137","NORTHEAST GEORGIA MEDICAL CENTER HABERSHAM"
"110042","13223","WELLSTAR PAULDING MEDICAL CENTER"
"110043","13051","ST JOSEPH'S HOSPITAL - SAVANNAH"
"110044","13261","PHOEBE SUMTER MEDICAL CENTER"
"110045","13013","NORTHEAST GEORGIA MEDICAL CENTER BARROW"
"110046","13297","PIEDMONT WALTON HOSPITAL, INC"
"110047","13061","CLAY COUNTY-FT GAINES HOSPITAL"
"110048","13143","TMC/HIGGINS GENERAL HOSPITAL"
"110049","13161","JEFF DAVIS HOSPITAL"
"110050","13213","ADVENTHEALTH MURRAY"
"110051","13291","UNION GENERAL HOSPITAL"
"110052","13055","CHATTOOGA MEDICAL CENTER"
"110054","13115","ATRIUM HEALTH FLOYD MEDICAL CENTER"
"110055","13229","PIERCE COUNTY HOSPITAL"
"110056","13241","RABUN COUNTY HOSPITAL"
"110059","13147","HART COUNTY HOSPITAL"
"110061","13027","BROOKS COUNTY HOSPITAL"
"110062","13037","CALHOUN MEMORIAL HOSPITAL"
"110063","13179","LIBERTY REGIONAL MEDICAL CENTER"
"110064","13215","PIEDMONT COLUMBUS REGIONAL MIDTOWN"
"110065","13035","SYLVAN GROVE HOSPITAL"
"110066","13121","SOUTH FULTON MEDICAL CENTER INC"
"110069","13153","EMORY HOUSTON HOSPITAL WARNER ROBINS"
"110070","13281","CHATUGE REGIONAL HOSPITAL, INC"
"110071","13001","APPLING HEALTHCARE"
"110072","13271","TAYLOR TELFAIR REGIONAL HOSPITAL INC"
"110073","13017","DORMINY MEDICAL CENTER"
"110074","13059","PIEDMONT ATHENS REGIONAL MEDICAL CENTER"
"110075","13031","EAST GEORGIA REGIONAL MEDICAL CENTER"
"110076","13089","EMORY DECATUR HOSPITAL"
"110077","13123","NORTH GEORGIA MEDICAL CENTER"
"110078","13121","EMORY UNIVERSITY HOSPITAL MIDTOWN"
"110079","13121","GRADY MEMORIAL HOSPITAL"
"110080","13121","SOUTHWEST HOSPITAL AND MEDICAL CENTER"
"110081","13121","HUGHES SPALDING MEDICAL CENTER"
"110082","13121","SAINT JOSEPH'S HOSPITAL OF ATLANTA, INC"
"110083","13121","PIEDMONT HOSPITAL, INC"
"110085","13121","JESSE PARKER WILLIAMS HOSPITAL"
"110086","13303","WASHINGTON COUNTY REGIONAL MEDICAL CENTER"
"110087","13135","NORTHSIDE HOSPITAL GWINNETT"
"110088","13211","MORGAN MEMORIAL HOSPITAL"
"110089","13069","COFFEE REGIONAL MEDICAL CENTER, INC"
"110091","13247","PIEDMONT ROCKDALE HOSPITAL"
"110092","13091","DODGE COUNTY HOSPITAL"
"110093","13243","SOUTHWEST GEORGIA REGIONAL MEDICAL CTR"
"110094","13065","CLINCH MEMORIAL HOSPITAL"
"110095","13277","TIFT REGIONAL MEDICAL CENTER"
"110096","13043","CANDLER COUNTY HOSPITAL"
"110097","13173","LOUIS SMITH MEMORIAL HOSPITAL"
"110098","13005","BACON COUNTY HOSPITAL"
"110100","13163","JEFFERSON HOSPITAL"
"110101","13075","SOUTHWELL MEDICAL, A CAMPUS OF TRMC"
"110103","13201","MILLER COUNTY HOSPITAL"
"110104","13081","CRISP REGIONAL HOSPITAL"
"110105","13071","COLQUITT REGIONAL MEDICAL CENTER"
"110107","13021","ATRIUM HEALTH NAVICENT THE MEDICAL CENTER"
"110108","13099","EARLY MEMORIAL HOSPITAL"
"110109","13107","EMANUEL MEDICAL CENTER"
"110111","13189","PIEDMONT MCDUFFIE HOSPITAL"
"110112","13019","BERRIEN COUNTY HOSPITAL"
"110113","13033","BURKE MEDICAL CENTER"
"110114","13317","WILLS MEMORIAL HOSPITAL"
"110115","13121","WELLSTAR ATLANTA MEDICAL CENTER"
"110117","13233","CREST MEDICAL CENTER/ROCKMART-ARAGON"
"110118","13205","MITCHELL COUNTY HOSPITAL"
"110120","13233","POLK MEDICAL CENTER"
"110121","13131","ARCHBOLD GRADY"
"110122","13185","SGMC HEALTH"
"110123","13273","TERRELL COMMUNITY HOSPITAL INC"
"110124","13305","WAYNE MEMORIAL HOSPITAL"
"110125","13175","FAIRVIEW PARK HOSPITAL"
"110127","13159","JASPER MEMORIAL HOSPITAL"
"110128","13279","MEMORIAL HEALTH MEADOWS HOSPITAL"
"110129","13215","ST FRANCIS HOSPITAL- EMORY HEALTHCARE"
"110130","13155","IRWIN COUNTY HOSPITAL"
"110131","13121","ATLANTA HOSPITAL"
"110132","13087","MEMORIAL HOSPITAL AND MANOR"
"110133","13197","MARION MEMORIAL HOSPITAL"
"110134","13321","PHOEBE WORTH MEDICAL CENTER"
"110135","13235","TAYLOR REGIONAL HOSPITAL"
"110136","13009","MEDICAL SURG CENTER OF CENTRAL STATE"
"110140","13241","RIDGECREST HOSPITAL"
"110141","13165","JENKINS COUNTY HOSPITAL"
"110142","13109","EVANS MEMORIAL HOSPITAL"
"110143","13067","WELLSTAR COBB MEDICAL CENTER"
"110144","13237","PUTNAM GENERAL HOSPITAL"
"110146","13039","SOUTHEAST GEORGIA HEALTH SYSTEM- CAMDEN CAMPUS"
"110149","13227","MOUNTAINSIDE MEDICAL CENTER"
"110150","13009","NAVICENT HEALTH BALDWIN"
"110151","13309","WHEELER COUNTY HOSPITAL"
"110152","13251","SCREVEN COUNTY HOSPITAL"
"110153","13153","HOUSTON HEALTHCARE"
"110154","13023","BLECKLEY MEMORIAL HOSPITAL"
"110155","13093","DOOLY MEDICAL CENTER"
"110156","13103","EFFINGHAM COUNTY HOSPITAL"
"110157","13057","WOODSTOCK HOSPITAL"
"110158","13121","DOCTORS MEMORIAL HOSP"
"110161","13121","NORTHSIDE HOSPITAL"
"110162","13245","GEORGIA REGIONAL HOSPITAL- AUGUSTA"
"110163","13095","PHOEBE NORTH"
"110164","13021","PIEDMONT MACON MEDICAL CENTER"
"110165","13063","SOUTHERN REGIONAL MEDICAL CENTER"
"110166","13021","MIDDLE GEORGIA HOSPITAL"
"110168","13115","ADVENTHEALTH REDMOND"
"110169","13121","METROPOLITAN HOSPITAL"
"11016F","13179","WINN ARMY COMMUNITY HOSPITAL"
"110170","13149","HEARD COUNTY MEMORIAL HOSPITAL"
"110171","13121","WEST PACES FERRY HOSPITAL"
"110172","13089","EMORY DUNWOODY MEDICAL CENTER"
"110174","13045","BOWDON AREA HOSPITAL"
"110175","13121","PHYSICIANS & SURGEONS HOSPITAL"
"110176","13067","PROMINA WINDY HILL HOSPITAL"
"110177","13245","DOCTORS HOSPITAL"
"110178","13089","DECATUR HOSPITAL"
"110179","13097","EMORY PARKWAY MEDICAL CENTER"
"110181","13267","TATTNALL COMMUNITY HOSPITAL"
"110183","13067","EMORY-ADVENTIST HOSPITAL"
"110184","13097","WELLSTAR DOUGLAS MEDICAL CENTER"
"110185","13049","CHARLTON MEMORIAL HOSPITAL"
"110186","13215","DOCTORS SPECIALTY HOSPITAL"
"110187","13187","CHESTATEE REGIONAL HOSPITAL"
"110188","13139","LANIER PARK HOSPITAL"
"110189","13111","FANNIN REGIONAL HOSPITAL"
"110190","13193","FLINT RIVER COMMUNITY HOSPITAL"
"110191","13151","PIEDMONT HENRY HOSPITAL"
"110192","13135","PIEDMONT EASTSIDE MEDICAL CENTER"
"110193","13077","NEWNAN HOSPITAL"
"110194","13253","DONALSONVILLE HOSPITAL INC"
"110195","13259","STEWART WEBSTER HOSPITAL INC"
"110196","13089","EGLESTON CHILDREN'S HOSPITAL AT EMORY"
"110198","13121","WELLSTAR NORTH FULTON MEDICAL CENTER"
"110200","13215","PIEDMONT COLUMBUS REGIONAL NORTHSIDE"
"110201","13021","PIEDMONT MACON NORTH HOSPITAL"
"110202","13141","HANCOCK MEMORIAL HOSPITAL"
"110203","13089","WESLEY WOODS GERIATRIC HOSPITAL"
"110204","13245","GRACEWOOD STATE SCHOOL AND HOSP"
"110205","13123","NORTH GEORGIA MEDICAL CENTER"
"110206","13121","OR HOSPITAL ATLANTA"
"110207","13309","WHEELER COUNTY HOSPITAL"
"110208","13141","HANCOCK MEMORIAL HOSPITAL"
"110209","13071","TURNING POINT HOSPITAL"
"11020F","13245","EISENHOWER ARMY MEDICAL CENTER"
"110210","13089","WESLEY WOODS LONG TERM CARE HOSPITAL"
"110211","13211","MORGAN MEMORIAL HOSP"
"110212","13185","SMITH NORTHVIEW HOSPITAL"
"110213","13031","WILLINGHAM HOSPITAL"
"110214","13051","SEMPERCARE HOSPITAL OF SAVANNAH"
"110215","13113","PIEDMONT FAYETTE HOSPITAL"
"110216","13121","SELECT SPECIALTY HOSPITAL-ATLANTA"
"110217","13245","BEVERLY SPECIALY HOSPITAL - AUGUSTA"
"110218","13115","SPECIALTY HOSPITAL, THE"
"110219","13121","ATLANTA MEDICAL CENTER-SOUTH CAMPUS"
"11021F","13215","MARTIN BENNING ARMY COMMUNITY HOSPITAL"
"110220","13215","COLUMBUS SPECIALTY HOSPITAL INC"
"110221","13121","REGENCY HOSPITAL OF SOUTH ATLANTA"
"110222","13245","SEMPERCARE HOSPITAL OF AUGUSTA"
"110223","13063","SOUTHERN CRESCENT HOSP FOR SPECIALTY CARE"
"110224","13021","REGENCY HOSPITAL OF CENTRAL GEORGIA"
"110225","13227","PIEDMONT MOUNTAINSIDE HOSPITAL INC"
"110226","13089","EMORY HILLANDALE HOSPITAL"
"110227","13199","ROOSEVELT WARM SPRINGS REHABILITATION HOSPITAL"
"110228","13121","LEGACY MEDICAL CENTER OF ATLANTA, INC"
"110229","13077","PIEDMONT NEWNAN HOSPITAL, INC"
"110230","13121","EMORY JOHNS CREEK HOSPITAL"
"110231","13059","LANDMARK HOSPITAL OF ATHENS, LLC"
"110232","13121","SOUTHWEST ATLANTA HOSPITAL"
"110233","13077","SOUTHEASTERN REGIONAL MEDICAL CENTER, INC"
"110234","13019","SGMC BERRIEN CAMPUS"
"110235","13051","LANDMARK HOSPITAL OF SAVANNAH"
"110236","13047","COMMONSPIRIT-MEMORIAL HOSPITAL-NORTH GEORGIA"
"110237","13187","NORTHEAST GEORGIA MEDICAL CENTER LUMPKIN"
"110238","13117","WINDWARD SURGERY CENTER"
"110239","13121","JOHNS CREEK CENTER FOR PAIN AND SPINE"
"110240","13231","GRIFFIN CENTER FOR PAIN AND SPINE"
"110241","13135","SURGICARE GWINNETT LLC"
"110242","13021","ASSOCIATES SURGERY CENTER"
"110243","13089","MIDTOWN UROLOGY SURGICAL CENTER"
"110244","13051","SOUTHEAST SPINE CENTER LLC"
"110245","13247","SOUTHERN CROSS SURGERY CENTER"
"110246","13089","SOUTHEAST ATLANTA VASCULAR CARE, LLC"
"110247","13067","NORTHWEST ATLANTA VASCULAR CARE LLC"
"110248","13089","NORTHEAST ATLANTA VASCULAR CARE LLC"
"110249","13021","MACON VASCULAR CARE, LLC"
"110250","13121","SOUTHWEST ATLANTA VASCULAR CARE"
"110251","13089","SNAPFINGER VASCULAR ACCESS CENTER ASC, LLC"
"110252","13135","NORTHSIDE HOSPITAL DULUTH"
"110253","13095","SOUTH GEORGIA SPECIALTY HOSPITAL"
"110256","13235","TAYLOR REGIONAL HOSPITAL"
"11028F","13121","US PENITENTIARY HOSP"
"11029F","13089","ATLANTA VA MEDICAL CENTER"
"11030F","13245","AUGUSTA VA MEDICAL CENTER"
"11031F","13175","CARL VINSON VA MEDICAL CENTER"
"11034F","13121","US ARMY HOSP"
"11035F","13179","US ARMY HOSP"
"11038F","13185","US AIR FORCE HOSP"
"11039F","13153","US AIR FORCE HOSP"
"11067E","13215","BRADLEY CENTER HOSP"
"11068E","13083","WILDWOOD SANITORIUM & HOSP"
"110779","13155","IRWIN COUNTY HOSPITAL"
"110780","13111","BLUE RIDGE MEDICAL CENTER"
"110781","13235","TAYLOR REGIONAL HOSPITAL"
"11082E","13089","GEORGIA MENTAL HEALTH INSTITUTE"
"11083F","13089","VETERANS AFFAIRS MEDICAL CENTER"
"111300","13243","SOUTHWEST GEORGIA REGIONAL MEDICAL CENTER"
"111301","13271","TAYLOR TELFAIR REGIONAL HOSPITAL"
"111302","13023","BLECKLEY MEMORIAL HOSPITAL"
"111303","13159","JASPER MEMORIAL HOSPITAL"
"111304","13211","MORGAN MEDICAL CENTER"
"111305","13201","MILLER COUNTY HOSPITAL"
"111306","13103","EFFINGHAM HEALTH SYSTEM"
"111307","13093","DOOLY MEDICAL CENTER"
"111308","13065","CLINCH MEMORIAL HOSPITAL"
"111309","13099","CALHOUN MEMORIAL HOSPITAL"
"111310","13225","ATRIUM HEALTH NAVICENT PEACH"
"111311","13165","JENKINS COUNTY MEDICAL CENTER"
"111312","13251","OPTIM MEDICAL CENTER - SCREVEN"
"111313","13237","PUTNAM GENERAL HOSPITAL"
"111314","13099","LIFEBRITE COMMUNITY HOSPITAL OF EARLY"
"111315","13049","CHARLTON MEMORIAL HOSPITAL"
"111316","13199","WARM SPRINGS MEDICAL CENTER"
"111317","13213","MURRAY MEDICAL CENTER"
"111318","13207","MONROE COUNTY HOSPITAL"
"111319","13035","WELLSTAR SYLVAN GROVE MEDICAL CENTER"
"111320","13143","HIGGINS GENERAL HOSPITAL"
"111321","13309","LOWER OCONEE COMMUNITY HOSPITAL, INC"
"111322","13259","STEWART WEBSTER HOSPITAL"
"111323","13267","OPTIM MEDICAL CENTER - TATTNALL"
"111324","13281","CHATUGE REGIONAL HOSPITAL"
"111325","13317","WILLS MEMORIAL HOSPITAL"
"111326","13173","SGMC HEALTH LANIER"
"111327","13005","BACON COUNTY HOSPITAL"
"111328","13321","PHOEBE WORTH MEDICAL CENTER"
"111329","13133","ST MARY'S GOOD SAMARITAN HOSPITAL"
"111330","13233","ATRIUM HEALTH FLOYD POLK MEDICAL CENTER"
"111331","13205","ARCHBOLD MITCHELL"
"111332","13027","ARCHBOLD BROOKS"
"111333","13161","JEFF DAVIS HOSPITAL"
"111334","13043","CANDLER COUNTY HOSPITAL"
"111335","13179","LIBERTY REGIONAL MEDICAL CENTER"
"111336","13241","MOUNTAIN LAKES MEDICAL CENTER"
"111337","13105","ELBERT MEMORIAL HOSPITAL"
"111338","13111","BLUE RIDGE MEDICAL CENTER"
"111339","13017","DORMINY MEDICAL CENTER"
"112000","13199","WELLSTAR ROOSEVELT LONG TERM ACUTE CARE AT WARM SP"
"112002","13115","NW GA REGIONAL HOSP"
"112003","13121","SHEPHERD CENTER"
"112004","13121","SELECT SPECIALTY HOSPITAL - MIDTOWN ATLANTA, LLC"
"112005","13089","SELECT SPECIALTY HOSPITAL - NORTHEAST ATLANTA"
"112006","13089","EMORY LONG TERM ACUTE CARE"
"112007","13067","WELLSTAR WINDY HILL HOSPITAL"
"112008","13245","SELECT SPECIALTY HOSPITAL - AUGUSTA"
"112009","13121","SELECT SPECIALTY HOSPITAL - ATLANTA"
"112010","13115","KINDRED HOSPITAL ROME"
"112011","13051","SELECT SPECIALTY HOSPITAL - SAVANNAH, INC"
"112012","13215","COLUMBUS SPECIALTY HOSPITAL, INC"
"112013","13245","SELECT SPECIALTY HOSPITAL - AUGUSTA, INC"
"112014","13121","SELECT SPECIALTY HOSPITAL- SOUTH ATLANTA"
"112015","13063","SOUTHERN CRESCENT HOSPITAL FOR SPECIALTY CARE"
"112016","13021","REGENCY HOSPITAL COMPANY OF MACON, LLC"
"112017","13059","LANDMARK HOSPITAL OF ATHENS, LLC"
"112018","13051","LANDMARK HOSPITAL OF SAVANNAH"
"112019","13095","SOUTH GEORGIA SPECIALTY HOSPITAL"
"113025","13215","HUGHSTON SPORTS MEDICINE HOSPITAL"
"113026","13245","WALTON REHABILITATION HOSPITAL"
"113027","13021","HEALTHSOUTH CENTRAL GA REHAB HOSPITAL"
"113028","13199","WELLSTAR ROOSEVELT REHAB CARE AT WARM SPRINGS"
"113029","13021","ATRIUM HEALTH NAVICENT REHABILITATION HOSPITAL"
"113030","13245","REHABILIATION HOSPITAL OF AUGUSTA"
"113031","13089","EMORY REHABILITATION HOSPITAL"
"113032","13077","REHABILITATION HOSPITAL OF NEWNAN"
"113033","13051","ENCOMPASS HEALTH REHAB HOSPITAL OF SAVANNAH"
"113034","13117","ENCOMPASS HEALTH REHABILITATION HOSPITAL OFCUMMING"
"113035","13151","REHABILITATION HOSPITAL OF HENRY"
"113036","13215","REHABILITATION HOSPITAL OF COLUMBUS"
"113037","13121","REHABILITATION HOSPITAL OF ATLANTA"
"113038","13059","REHABILITATION HOSPITAL OF ATHENS"
"113039","13139","NORTHEAST GEORGIA REHABILITATION INSTITUE, LLC"
"113300","13089","ARTHUR M BLANK HOSPITAL"
"113301","13121","CHILDREN'S HEALTHCARE OF ATLANTA AT SCOTTISH RITE"
"114000","13067","BRAWNER NORTH HOSPITAL"
"114001","13121","GEORGIA MENTAL HEALTH INSTITUTE"
"114002","13089","CPC PARKWOOD HOSP"
"114003","13121","CHARTER BEHAVIORAL HEALTH SYSTEMS OF ATLANTA"
"114004","13135","SUMMITRIDGE CENTER- PSYCHIATRY & ADDICTIVE MED"
"114006","13245","GA REGIONAL HOSP AT AUGUSTA"
"114007","13051","GA REGIONAL HOSP AT SAVANNAH"
"114008","13051","COASTAL HARBOR TREATMENT CENTER"
"114010","13089","PEACHFORD BEHAVIORAL HEALTH SYSTEM OF ATLANTA"
"114012","13067","RIDGEVIEW INSTITUTE"
"114013","13215","WEST CENTRAL GEORGIA REGIONAL HOSPITAL"
"114014","13115","NORTHWEST GEORGIA REGIONAL HOSPITAL"
"114015","13021","COLISEUM CENTER FOR BEHAVIORAL HEALTH"
"114016","13127","ST SIMONS-BY-THE-SEA"
"114017","13021","CHARTER LAKE BEHAVIORAL HLTH SYSTEM"
"114018","13009","REGIONAL PSYCHIATRIC DIVISION - CENTRAL STATE"
"114019","13089","GEORGIA REGIONAL HOSPITAL ATLANTA"
"114020","13047","GREENLEAF CENTER INC"
"114021","13275","SOUTHWESTERN STATE HOSPITAL"
"114022","13185","GREENLEAF CENTER INC"
"114023","13215","BRADLEY CENTER OF ST FRANCIS, THE"
"114024","13241","WOODRIDGE HOSPITAL"
"114025","13059","CHARTER WINDS BEHAVIORAL HLTH SYSTEM"
"114026","13071","TURNING POINT CARE CENTER"
"114027","13245","CHARTER AUGUSTA BEHAVIORAL HEALTH SYS"
"114028","13051","GEORGIA REGIONAL HOSP SAVANNAH"
"114029","13245","EAST CENTRAL REGIONAL HOSPITAL"
"114030","13115","WINDWOOD PSYCHIATRIC HOSPITAL"
"114031","13151","BRAWNER SOUTH MENTAL HEALTH SYSTEM"
"114032","13063","SO CRESCENT BEH HLTH SYS - ANCHOR HOSPITAL CAMPUS"
"114033","13135","SUMITRIDGE"
"114034","13299","SATILLA PARK HOSPITAL"
"114035","13063","RIVERWOODS BEHAVIORAL HEALTH SYSTEM"
"114036","13185","GREENLEAF CENTER"
"114037","13297","RIDGEVIEW INSTITUTE MONROE"
"119800","13089","EMORY UNIVERSITY HOSPITAL"
"119801","13245","MEDICAL COLLEGE OF GEORGIA- TRANSPLANT"
"119802","13089","ARTHUR M BLANK HOSPITAL, INC"
"119803","13121","PIEDMONT HOSPITAL"
"119804","13121","SAINT JOSEPH'S HOSPITAL"
"120001","15003","THE QUEENS MEDICAL CENTER"
"120002","15009","MAUI MEMORIAL MEDICAL CENTER"
"120003","15007","KAUAI VETERANS MEMORIAL HOSPITAL"
"120004","15003","WAHIAWA GENERAL HOSPITAL"
"120005","15001","HILO BENIOFF MEDICAL CENTER"
"120006","15003","ADVENTIST HEALTH CASTLE"
"120007","15003","KUAKINI MEDICAL CENTER"
"120009","15009","MOLOKAI GENERAL HOSPITAL"
"120010","15003","HAWAII MEDICAL CENTER EAST"
"120011","15003","KAISER FOUNDATION HOSPITAL"
"120012","15003","KAHUKU HOSPITAL"
"120014","15007","WILCOX MEMORIAL HOSPITAL"
"120015","15009","LANAI COMMUNITY HOSPITAL"
"120016","15001","HALE HO'OLA HAMAKUA"
"120018","15001","KAU HOSPITAL"
"120019","15001","KONA COMMUNITY HOSPITAL"
"12001F","     ","US ARMY TRIPLER GEN HOSP"
"120021","15001","KOHALA HOSPITAL"
"120022","15003","STRAUB CLINIC AND HOSPITAL"
"120024","15009","KULA HOSPITAL"
"120025","15007","SAMUEL MAHELONA MEMORIAL HOSPITAL"
"120026","15003","PALI MOMI MEDICAL CENTER"
"120027","15003","HAWAII MEDICAL CENTER WEST"
"120028","15001","NORTH HAWAII COMMUNITY HOSPITAL, INC"
"120029","15003","SELECT SPECIALTY HOSPITAL"
"12002E","15003","WAIMANO TRAINING SCHOOL & HOSP"
"12003E","15003","HALE MOHALU HOSP"
"12004E","15003","SHRINERS HOSPITALS FOR CHILDREN"
"12005E","15009","KALAUPAPA SETTLEMENT HOSP"
"12006F","15003","VA PACIFIC ISLANDS HCS"
"121300","15007","KAUAI VETERANS MEMORIAL HOSPITAL"
"121301","15001","KAU HOSPITAL"
"121302","15001","KOHALA HOSPITAL"
"121303","15009","MOLOKAI GENERAL HOSPITAL"
"121304","15003","KAHUKU MEDICAL CENTER"
"121305","15009","LANAI COMMUNITY HOSPITAL"
"121306","15007","SAMUEL MAHELONA MEMORIAL HOSPITAL"
"121307","15001","HONOKA'A HOSPITAL AND SKILLED NURSING"
"121308","15009","KULA HOSPITAL"
"122001","15003","LEAHI HOSPITAL"
"122006","15003","SELECT SPECIALTY HOSPITAL"
"123025","15003","REHABILITATION HOSPITAL OF THE PACIFIC"
"123300","15003","KAPIOLANI MEDICAL CENTER FOR WOMEN & CHILDREN"
"123301","15003","SHRINERS HOSPITALS FOR CHILDREN"
"124000","15003","HAWAII STATE HOSP"
"124001","15003","KAHI MOHALA"
"129800","15003","HAWAII MEDICAL CENTER EAST"
"129801","15003","THE QUEEN'S MEDICAL CENTER"
"130001","16079","SHOSHONE MEDICAL CENTER"
"130002","16083","ST LUKE'S MAGIC VALLEY RMC"
"130003","16069","ST JOSEPH REGIONAL MEDICAL CENTER"
"130005","16005","POCATELLO REGIONAL MEDICAL CENTER"
"130006","16001","ST LUKE'S REGIONAL MEDICAL CENTER"
"130007","16001","SAINT ALPHONSUS REGIONAL MEDICAL CENTER"
"130008","16049","ST MARYS HOSPITAL"
"130009","16035","CLEARWATER VALLEY HOSPITAL"
"130010","16047","GOODING COUNTY MEMORIAL HOSPITAL"
"130011","16057","GRITMAN MEDICAL CENTER"
"130012","16085","MCCALL MEMORIAL HOSPITAL"
"130013","16027","SAINT ALPHONSUS MEDICAL CENTER - NAMPA"
"130014","16027","WEST VALLEY MEDICAL CENTER"
"130015","16021","BOUNDARY COUNTY COMMUNITY HOSPITAL"
"130016","16049","SYRINGA GENERAL HOSPITAL"
"130017","16007","BEAR LAKE MEMORIAL HOSPITAL"
"130018","16019","EASTERN IDAHO REGIONAL MEDICAL CENTER"
"130019","16067","MINIDOKA MEMORIAL HOSPITAL"
"130021","16023","LOST RIVERS DISTRICT HOSPITAL"
"130022","16011","BINGHAM MEMORIAL HOSPITAL"
"130024","16017","BONNER GENERAL HOSPITAL"
"130025","16065","MADISON MEMORIAL HOSPITAL"
"130026","16031","CASSIA REGIONAL MEDICAL CENTER"
"130027","16039","ELMORE MEMORIAL HOSPITAL"
"130028","16005","PORTNEUF MEDICAL CENTER"
"130029","16053","ST BENEDICTS FAMILY MEDICAL CENTER"
"13002F","16039","US AIR FORCE HOSP"
"130030","16077","HARMS MEMORIAL HOSPITAL"
"130031","16029","CARIBOU MEMORIAL HOSPITAL"
"130032","16043","ASHTON MEMORIAL HOSPITAL"
"130034","16045","WALTER KNOX MEMORIAL HOSPITAL"
"130035","16087","MEMORIAL HOSPITAL"
"130036","16083","TWIN FALLS CLINIC & HOSPITAL"
"130037","16009","BENEWAH COMMUNITY HOSPITAL"
"130038","16005","MARSH VALLEY HOSPITAL"
"130039","16013","MORITZ COMMUNITY HOSPITAL"
"13003F","16001","BOISE VA MEDICAL CENTER"
"130040","16013","BLAINE COUNTY MEDICAL CENTER"
"130041","16043","FREMONT GENERAL HOSPITAL"
"130043","16059","STEELE MEMORIAL HOSPITAL"
"130044","16081","TETON VALLEY HOSPITAL & SURGICENTER"
"130045","16041","FRANKLIN COUNTY MEDICAL CENTER"
"130048","16071","ONEIDA COUNTY HOSPITAL"
"130049","16055","KOOTENAI HEALTH"
"130050","16027","IDAHO STATE HOSPITAL"
"130051","16079","HENRY L DAY MEDICAL CENTER"
"130053","16003","COMMUNITY HOSPITAL"
"130054","16085","CASCADE MEDICAL CENTER"
"130056","16003","COUNCIL COMMUNITY HOSPITAL"
"130057","16043","FREMONT GENERAL HOSPITAL"
"130058","16047","WALKER CENTER"
"130059","16043","ASHTON MEMORIAL HOSPITAL"
"130060","16013","WOOD RIVER MEDICAL CENTER"
"130061","16079","SILVER VALLEY MEDICAL CENTER"
"130062","16019","IDAHO FALLS RECOVERY CENTER"
"130063","16001","TREASURE VALLEY HOSPITAL"
"130064","16013","ST LUKE'S MEDICAL CENTER - WOOD RIVER"
"130065","16019","MOUNTAIN VIEW HOSPITAL"
"130066","16055","NORTHWEST SPECIALTY HOSPITAL"
"130067","16011","IDAHO DOCTORS HOSPITAL"
"130068","16055","NORTHERN IDAHO ADVANCED CARE HOSPITAL"
"130069","16001","SOUTHWEST IDAHO ADVANCED CARE HOSPITAL"
"130070","16001","COMPLEX CARE HOSPITAL OF IDAHO"
"130071","16001","ST LUKE'S NAMPA MEDICAL CENTER"
"130072","16027","SAINT ALPHONSUS NEIGHBORHOOD HOSPITAL- SOUTH NAMPA"
"130073","16011","GROVE CREEK MEDICAL CENTER"
"130074","16019","IDAHO FALLS COMMUNITY HOSPITAL, LLC"
"130075","16083","SAWTOOTH SURGERY CENTER"
"13009E","16085","VALLEY CO HOSP"
"130779","16085","CASCADE MEDICAL CENTER"
"131301","16021","BOUNDARY COMMUNITY HOSPITAL"
"131302","16047","NORTH CANYON MEDICAL CENTER"
"131303","16071","NELL J REDFIELD MEMORIAL HOSPITAL"
"131304","16077","POWER COUNTY HOSPITAL DISTRICT"
"131305","16059","STEELE MEMORIAL MEDICAL CENTER"
"131306","16003","COUNCIL COMMUNITY HOSPITAL"
"131307","16087","WEISER MEMORIAL HOSPITAL"
"131308","16085","CASCADE MEDICAL CENTER"
"131309","16029","CARIBOU MEDICAL CENTER"
"131310","16053","ST LUKE'S JEROME"
"131311","16039","ST LUKE'S ELMORE MEDICAL CENTER"
"131312","16085","ST LUKE'S MCCALL"
"131313","16081","TETON VALLEY HOSPITAL"
"131314","16079","SHOSHONE MEDICAL CENTER"
"131315","16049","SYRINGA GENERAL HOSPITAL"
"131316","16007","BEAR LAKE MEMORIAL HOSPITAL"
"131317","16009","BENEWAH COMMUNITY HOSPITAL"
"131318","16045","VALOR HEALTH"
"131319","16067","MINIDOKA MEMORIAL HOSPITAL"
"131320","16035","CLEARWATER VALLEY HOSPITAL & CLINICS"
"131321","16049","ST MARY'S HOSPITAL"
"131322","16041","FRANKLIN COUNTY MEDICAL CENTER"
"131323","16013","ST LUKE'S WOOD RIVER MEDICAL CENTER"
"131324","16023","LOST RIVERS MEDICAL CENTER"
"131325","16011","BINGHAM MEMORIAL HOSPITAL"
"131326","16031","INTERMOUNTAIN HEALTH CASSIA REGIONAL HOSPITAL"
"131327","16057","GRITMAN MEDICAL CENTER"
"131328","16017","BONNER GENERAL HOSPITAL"
"132001","16055","NORTHERN IDAHO ADVANCED CARE HOSPITAL"
"132002","16001","VIBRA HOSPITAL OF BOISE"
"132003","16001","SOUTHWEST IDAHO ADVANCED CARE HOSPITAL"
"133025","16001","ELKS REHAB SYSTEM"
"133026","16055","KOOTENAI REHABILITATION CENTER"
"133027","16055","REHABILITATION HOSPITAL OF THE NORTHWEST"
"133028","16001","SAINT ALPHONSUS REGIONAL REHABILITATION HOSPITAL"
"134002","16001","INTERMOUNTAIN HOSPITAL"
"134003","16055","PINE CREST HOSPITAL"
"134004","16005","ASPEN CREST HOSPITAL"
"134005","16069","RIVER CREST HOSPITAL"
"134006","16083","CANYON VIEW HOSPITAL"
"134007","16019","MOUNTAIN RIVER HOSPITAL"
"134008","16001","NORTHWEST PASSAGES ADOLESCENT HOSP"
"134009","16001","LIFEWAYS HOSPITAL"
"134010","16011","STATE HOSPITAL SOUTH"
"134011","16005","SAFE HAVEN HOSPITAL OF POCATELLO"
"134012","16055","INLAND BEHAVIORAL HEALTH INSTITUTE"
"134013","16083","SUNHEALTH BEHAVIORAL HLTH SYS FOR TWIN"
"134014","16083","MOUNTAIN VIEW CENTER FOR GERIATRIC PSYCHIATRY"
"134015","16083","SAWTOOTH BEHAVIORAL HEALTH"
"134016","16005","SAFE HAVEN HOSPITAL OF POCATELLO"
"134017","16001","COTTONWOOD CREEK BEHAVIORAL HOSPITAL"
"134018","16001","STATE HOSPITAL WEST"
"134019","16035","STATE HOSPITAL NORTH"
"140001","17057","GRAHAM HOSPITAL ASSOCIATION"
"140002","17119","ALTON MEMORIAL HOSPITAL"
"140003","17169","SARAH D CULBERTSON MEMORIAL HOSPITAL"
"140004","17107","ABRAHAM LINCOLN MEMORIAL HOSPITAL"
"140005","17069","HARDIN COUNTY GENERAL HOSPITAL"
"140007","17197","SAINT JOSEPH MEDICAL CENTER"
"140008","17031","LOYOLA GOTTLIEB MEMORIAL HOSPITAL"
"140009","17017","BEARDSTOWN HOSPITAL"
"140010","17031","ENDEAVOR HEALTH CLINICAL OPERATIONS"
"140011","17199","HERRIN HOSPITAL"
"140012","17103","OSF SAINT KATHARINE MEDICAL CENTER"
"140013","17143","CARLE HEALTH PROCTOR HOSPITAL"
"140014","17203","EUREKA COMMUNITY HOSPITAL"
"140015","17001","BLESSING HOSPITAL"
"140016","17025","CLAY COUNTY HOSPITAL"
"140017","17031","LUTHERAN GEN HOSPITAL-LINCOLN PARK"
"140018","17031","MT SINAI HOSPITAL MEDICAL CENTER"
"140019","17173","HSHS GOOD SHEPHERD HOSPITAL INC"
"14001E","17115","DECATUR-MACON CO TB SANATORIUM"
"140023","17119","ST JOSEPHS HOSPITAL"
"140024","17101","LAWRENCE COUNTY MEMORIAL HOSPITAL"
"140025","17099","MENDOTA COMMUNITY HOSPITAL"
"140026","17099","ST MARYS HOSPITAL"
"140027","17011","PERRY MEMORIAL HOSPITAL"
"140029","17089","RUSH COPLEY MEDICAL CENTER"
"14002F","17031","VA CHICAGO HEALTH CARE SYSTEM-LAKESIDE DIVISION"
"140030","17089","ADVOCATE SHERMAN HOSPITAL"
"140031","17045","PARIS COMMUNITY HOSPITAL"
"140032","17049","ST ANTHONYS MEMORIAL HOSPITAL"
"140033","17097","LAKE BEHAVIORAL HOSPITAL"
"140034","17121","SSM HEALTH ST MARY'S HOSPITAL -CENTRALIA"
"140035","17055","FRANKLIN HOSPITAL"
"140036","17073","KEWANEE HOSPITAL"
"140037","17145","MARSHALL BROWNING HOSPITAL"
"140038","17141","ROCHELLE COMMUNITY HOSPITAL"
"140039","17105","FAIRBURY HOSPITAL"
"14003F","17031","VA CHICAGO HEALTH CARE SYSTEM-WEST SIDE DIVISION"
"140040","17095","GALESBURG COTTAGE HOSPITAL"
"140041","17073","HAMMOND-HENRY HOSPITAL"
"140042","17127","MASSAC MEMORIAL HOSPITAL"
"140043","17195","CGH MEDICAL CENTER"
"140045","17051","FAYETTE COUNTY HOSPITAL"
"140046","17081","GOOD SAMARITAN REGIONAL HLTH CENTER"
"140047","17187","COMMUNITY MEDICAL CTR WESTERN ILL INC"
"140048","17031","ADVOCATE TRINITY HOSPITAL"
"140049","17031","WEST SUBURBAN MEDICAL CENTER"
"14004F","17183","VA ILLIANA HEALTH CARE SYSTEM"
"140051","17031","SKOKIE HOSPITAL"
"140052","17119","OSF SAINT ANTHONY'S HEALTH CENTER"
"140053","17167","ST JOHNS HOSPITAL"
"140054","17031","MACNEAL  HOSPITAL"
"140055","17145","PINCKNEYVILLE COMMUNITY HOSPITAL"
"140058","17137","JACKSONVILLE MEMORIAL HOSPITAL"
"140059","17083","JERSEY COMMUNITY HOSPITAL"
"14005F","17097","VA HOSP"
"140061","17157","RED BUD REGIONAL HOSPITAL"
"140062","17031","PALOS COMMUNITY HOSPITAL"
"140063","17031","RUSH OAK PARK HOSPITAL"
"140064","17095","ST MARY MEDICAL CENTER"
"140065","17031","UCHICAGO MEDICINE ADVENTHEALTH LA GRANGE"
"140066","17163","KENNETH HALL REGIONAL HOSPITAL"
"140067","17143","SAINT FRANCIS MEDICAL CENTER"
"140068","17031","ROSELAND COMMUNITY HOSPITAL"
"140069","17189","WASHINGTON COUNTY HOSPITAL"
"14006F","17097","US NAVAL HOSP"
"140070","17119","WOOD RIVER TOWNSHIP HOSPITAL"
"140072","17031","MARTHA WASHINGTON HOSPITAL"
"140074","17085","GALENA-STAUSS HOSPITAL"
"140075","17031","MICHAEL REESE HOSPITAL & MED CENTER"
"140077","17163","TOUCHETTE REGIONAL HOSPITAL INC"
"140079","17031","ST JAMES HOSPITAL & HEALTH CENTERS"
"14007F","17031","EDWARD HINES JR VA HOSPITAL"
"140080","17031","SAINT FRANCIS HOSPITAL-EVANSTON"
"140081","17067","MEMORIAL HOSPITAL"
"140082","17031","LOUIS A WEISS MEMORIAL HOSPITAL"
"140083","17031","LORETTO HOSPITAL"
"140084","17097","VISTA MEDICAL CENTER EAST"
"140085","17031","CENTRAL COMMUNITY HOSPITAL"
"140086","17117","COMMUNITY MEMORIAL HOSPITAL"
"140087","17031","EDGEWATER MEDICAL CENTER"
"140088","17031","THE UNIVERSITY OF CHICAGO MEDICAL CENTER"
"140089","17109","MC DONOUGH DISTRICT HOSPITAL"
"14008F","17199","MARION VA MEDICAL CENTER"
"140090","17031","COLUMBUS HOSPITAL"
"140091","17019","THE CARLE FOUNDATION HOSPITAL"
"140093","17183","OSF SACRED HEART MEDICAL CENTER"
"140094","17031","ST MARY & ELIZABETH MED CTR-CLAREMONT CAMPUS"
"140095","17031","SAINT ANTHONY HOSPITAL"
"140097","17183","HOOPESTON COMM MEMORIAL HOSPITAL"
"140098","17031","THC - CHICAGO"
"140099","17031","MT SINAI HOSPITAL - NORTH"
"14009F","17019","US AIR FORCE HOSP"
"140100","17097","MIDWESTERN REGION MED CENTER, INC"
"140101","17063","MORRIS HOSPITAL & HEALTHCARE CENTERS"
"140102","17021","ST VINCENT MEMORIAL HOSPITAL"
"140103","17031","ST BERNARD HOSPITAL"
"140104","17113","MENNONITE HOSPITAL"
"140105","17031","HOLY FAMILY MEDICAL CENTER"
"140107","17193","CORNERSTONE HEALTHCARE OF ILLINOIS INC"
"140108","17097","HIGHLAND PARK HOSPITAL"
"140109","17157","SPARTA COMMUNITY HOSPITAL DISTRICT"
"140110","17099","OSF SAINT ELIZABETH MEDICAL CENTER"
"140111","17031","WALTHER MEMORIAL HOSPITAL"
"140112","17125","MASON DISTRICT HOSPITAL"
"140113","17019","OSF HEART OF MARY MEDICAL CENTER"
"140114","17031","SWEDISH HOSPITAL"
"140115","17031","THOREK MEMORIAL HOSPITAL"
"140116","17111","NORTHWESTERN MEDICINE MCHENRY HOSPITAL"
"140117","17031","RESURRECTION MEDICAL CENTER"
"140118","17031","METROSOUTH MEDICAL CENTER"
"140119","17031","RUSH UNIVERSITY MEDICAL CENTER"
"14011F","17163","US AIR FORCE HOSP"
"140120","17179","CARLE HEALTH PEKIN HOSPITAL"
"140121","17179","HOPEDALE HOSPITAL"
"140122","17043","UCHICAGO MEDICINE ADVENTHEALTH HINSDALE"
"140123","17161","TRINITY MEDICAL CENTER-EAST"
"140124","17031","JOHN H STROGER JR HOSPITAL"
"140125","17119","GATEWAY REGIONAL MEDICAL CENTER"
"140126","17019","COVENANT MEDICAL CTR-CHAMPAIGN CAMPUS"
"140127","17113","CARLE BROMENN MEDICAL CENTER"
"140128","17007","SAINT JOSEPH HOSPITAL"
"140129","17185","WABASH GENERAL HOSPITAL DISTRICT"
"14012E","17121","WARREN G MURRAY CHILDRENS CENTER"
"140130","17097","NORTHWESTERN LAKE FOREST HOSPITAL"
"140131","17031","HENROTIN HOSPITAL"
"140132","17031","ILLINOIS MASONIC MEDICAL CENTER"
"140133","17031","HOLY CROSS HOSPITAL"
"140134","17031","FRANK CUNEO MEMORIAL HOSPITAL"
"140135","17115","DECATUR MEMORIAL HOSPITAL"
"140136","17031","HOSPITAL OF ENGLEWOOD,THE"
"140137","17005","HSHS HOLY FAMILY HOSPITAL"
"140138","17191","FAIRFIELD MEMORIAL HOSPITAL"
"140139","17149","ILLINI COMMUNITY HOSPITAL"
"14013E","17031","ILLINOIS CHILDRENS HOSP"
"140140","17077","ST JOSEPH MEMORIAL HOSPITAL"
"140141","17117","CARLINVILLE AREA HOSPITAL"
"140142","17037","SYCAMORE MUNICIPAL HOSPITAL"
"140143","17011","ST MARGARET'S HEALTH SPRING VALLEY"
"140144","17111","HARVARD COMMUNITY MEMORIAL HOSPITAL"
"140145","17027","ST JOSEPHS HOSPITAL"
"140146","17039","DR JOHN WARNER HOSPITAL"
"140147","17159","CARLE RICHLAND MEMORIAL HOSPITAL"
"140148","17167","MEMORIAL MEDICAL CENTER"
"140150","17031","UNIVERSITY OF ILLINOIS HOSPITAL AND CLINICS"
"140151","17031","SACRED HEART HOSPITAL"
"140152","17031","ADVOCATE BETHANY HOSPITAL"
"140153","17031","CHICAGO CENTER HOSPITAL"
"140154","17089","DELNOR COMMUNITY HOSPITAL-ST CHARLES"
"140155","17091","ST. MARY'S HOSPITAL-KANKAKEE"
"140156","17031","ST ANNS HOSPITAL OF CHICAGO INC"
"140157","17053","PAXTON COMMUNITY HOSPITAL"
"140158","17031","INSIGHT HOSPITAL AND MEDICAL CENTER CHICAGO"
"140159","17001","ST MARY HOSPITAL INC"
"14015E","17089","KANE CO SPRINGBROOK SANATORIUM"
"140160","17177","MERCYHEALTH FHN HOSPITAL"
"140161","17105","SAINT JAMES HOSPITAL"
"140162","17113","ST JOSEPH MEDICAL CENTER"
"140163","17003","SOUTHERN MEDICAL CENTER"
"140164","17077","MEMORIAL HOSPITAL OF CARBONDALE"
"140165","17121","SALEM TOWNSHIP HOSPITAL"
"140166","17115","ST MARYS HOSPITAL"
"140167","17075","IROQUOIS MEMORIAL HOSPITAL"
"140168","17119","ST JOSEPHS HOSPITAL"
"140170","17181","UNION COUNTY HOSPITAL"
"140171","17065","HAMILTON MEMORIAL HOSPITAL"
"140172","17031","OLYMPIA FIELDS HOSPITAL"
"140173","17195","MORRISON COMMUNITY HOSPITAL"
"140174","17089","MERCY MEDICAL CENTER"
"140176","17111","CENTEGRA HEALTH SYSTEM - WOODSTOCK HOSPITAL"
"140177","17031","JACKSON PARK HOSPITAL"
"140178","17031","WOODLAWN HOSPITAL"
"140179","17031","OSF LITTLE COMPANY OF MARY MEDICAL CENTER"
"140180","17031","SAINT MARY OF NAZARETH HOSPITAL"
"140181","17031","SOUTH SHORE HOSPITAL"
"140182","17031","ADVOCATE ILLINOIS MASONIC MEDICAL CENTER"
"140184","17199","DEACONESS ILLINOIS MEDICAL CENTER"
"140185","17163","MEMORIAL HOSPITAL"
"140186","17091","RIVERSIDE MEDICAL CENTER"
"140187","17163","HSHS ST ELIZABETH'S HOSPITAL"
"140188","17061","THOMAS H BOYD MEMORIAL HOSPITAL"
"140189","17029","SARAH BUSH LINCOLN HEALTH CENTER"
"140190","17033","CRAWFORD MEMORIAL HOSPITAL"
"140191","17031","INGALLS MEMORIAL HOSPITAL"
"140192","17031","LINCOLN WEST HOSPITAL"
"140193","17135","HILLSBORO AREA HOSPITAL"
"140197","17031","METHODIST HOSPITAL OF CHICAGO"
"140199","17135","ST FRANCIS HOSPITAL"
"14019E","17031","HALCO SANATORIUM"
"140200","17043","ELMHURST MEMORIAL HOSPITAL"
"140202","17097","ADVOCATE CONDELL MEDICAL CENTER"
"140203","17037","VALLEY WEST COMMUNITY HOSPITAL"
"140204","17161","MOLINE PUBLIC HOSPITAL"
"140205","17007","SWEDISH AMERICAN MED CTR BELVIDERE"
"140206","17031","HUMBOLDT PARK HEALTH"
"140207","17031","LINCOLN PARK HOSPITAL"
"140208","17031","ADVOCATE CHRIST HOSPITAL & MEDICAL CENTER"
"140209","17143","CARLE HEALTH METHODIST HOSPITAL"
"14020E","17031","ILLINOIS STATE PEDIATRIC INSTITUTE"
"140210","17165","HARRISBURG MEDICAL CENTER"
"140211","17089","NORTHWESTERN MEDICINE DELNOR COMMUNITY HOSPITAL"
"140212","17031","ST CABRINI HOSPITAL"
"140213","17197","SILVER CROSS HOSPITAL  AND MEDICAL CENTERS"
"140215","17055","U M W OF A UNION HOSPITAL"
"140216","17057","SAUNDERS HOSPITAL"
"140217","17089","SAINT JOSEPH HOSPITAL-ELGIN"
"140218","17131","MERCER COUNTY HOSPITAL"
"140219","17183","UNITED SAMARITANS MED CENTER-LOGAN"
"14021E","17031","MUNICIPAL CONTAGIOUS DISEASE HOSP"
"140220","17053","GIBSON COMMUNITY HOSPITAL"
"140223","17031","ADVOCATE LUTHERAN GENERAL HOSPITAL"
"140224","17031","PRESENCE SAINT JOSEPH HOSPITAL - CHICAGO"
"140226","17031","LAKESIDE COMMUNITY HOSPITAL"
"140228","17201","UW HEALTH"
"140229","17015","SAVANNA CITY HOSPITAL"
"14022E","17031","SHRINERS HOSP FOR CHILDREN - CHICAGO"
"140230","17147","JOHN AND MARY KIRBY HOSPITAL"
"140231","17043","EDWARD HOSPITAL"
"140232","17041","DOUGLAS COUNTY-JARMAN MEM HOSPITAL"
"140233","17201","SAINT ANTHONY MEDICAL CENTER"
"140234","17099","ST MARGARET'S HEALTH - PERU"
"140235","17061","WHITE HALL HOSPITAL"
"140236","17075","CENTRAL COMMUNITY HOSPITAL"
"140239","17201","JAVON BEA HOSPITAL"
"140240","17031","WESTLAKE HOSPITAL"
"140241","17067","LA HARPE HOSPITAL ASSOCIATION"
"140242","17043","NORTHWESTERN MEDICINE CENTRAL DUPAGE HOSPITAL"
"140243","17019","CARLE PAVILION INC"
"140245","17157","MEMORIAL HOSPITAL"
"140246","17165","FERRELL HOSPITAL INC"
"140247","17165","PEARCE HOSPITAL FOUNDATION INC"
"140248","17031","PROVIDENT HOSPITAL TRAINING SCHOOL"
"140249","17089","ELGIN STATE HOSP-MED & SURG DIV"
"14024E","17119","MADISON CO TUBERCULOSIS SANATORIUM"
"140250","17031","ADVOCATE SOUTH SUBURBAN HOSPITAL"
"140251","17031","COMMUNITY FIRST MEDICAL CENTER"
"140252","17031","NORTHWEST COMMUNITY HOSPITAL 1"
"140253","17031","DOCTORS HOSP HYDE PK"
"140258","17031","ALEXIAN BROTHERS MEDICAL CENTER 1"
"14025E","17105","LIVINGSTON CO SANATORIUM"
"140261","17031","MARY THOMPSON HOSPITAL"
"14026E","17201","ROCKFORD MUN TUBERCULOSIS SANATORIUM"
"140270","17031","CHICAGO-READ MENTAL HEALTH CENTER"
"140271","17021","PANA COMMUNITY HOSPITAL"
"140273","17001","ILLINOIS VETERANS HOME"
"140275","17161","MERCYONE GENESIS SILVIS MEDICAL CENTER"
"140276","17031","LOYOLA UNIVERSITY MEDICAL CENTER"
"14027E","17019","OUTLOOK CAMPAIGN CO TB SANATORIUM"
"140280","17161","TRINITY ROCK ISLAND"
"140281","17031","NORTHWESTERN MEMORIAL HOSPITAL"
"140283","17031","CHILDRENS MEMORIAL HOSPITAL"
"140285","17167","DOCTORS HOSPITAL"
"140286","17037","NORTHWESTERN MEDICINE KISHWAUKEE HOSPITAL"
"140288","17043","ADVOCATE GOOD SAMARITAN HOSPITAL"
"140289","17119","ANDERSON HOSPITAL"
"14028E","17089","MOOSEHEART HOSP"
"140290","17031","ST ALEXIUS MEDICAL CENTER"
"140291","17097","ADVOCATE GOOD SHEPHERD HOSPITAL"
"140292","17043","UCHICAGO MEDICINE ADVENTHEALTH GLENOAKS"
"140293","17163","GATEWAY COMMUNITY HOSPITAL"
"140294","17081","DEACONESS ILLINOIS CROSSROADS"
"140295","17031","LEYDEN COMMUNITY HOSPITAL"
"140296","17091","MANTENO MENTAL HEALTH CENTER"
"140297","17043","RM HEALTH PROVIDERS LIMITED PARTNERSHP"
"140298","17031","OAK FOREST HOSPITAL"
"140299","17031","PARKSIDE LUTHERAN HOSPITAL"
"140300","17031","PROVIDENT HOSPITAL OF CHICAGO"
"140301","17031","OAK FOREST HOSPITAL"
"140302","17201","VAN MATRE HEALTHSOUTH REHAB HOSPITAL"
"140303","17031","THSC LLC NEUROLOGIC AND ORTHOPEDIC INST OF CHGO"
"140304","17197","UCHICAGO MEDICINE ADVENTHEALTH BOLINGBROOK"
"140305","17143","GREATER PEORIA SPECIALTY HOSPITAL"
"140306","17167","THC - CHICAGO, INC D/B/A KINDRED HOSP SPRINGFIELD"
"140307","17163","MEMORIAL HOSPITAL EAST"
"140308","17111","MERCYHEALTH HOSPITAL & PHYSICIAN CLINIC-CRYSTAL LA"
"14030E","17179","OAK KNOLL SANATORIUM"
"140310","17031","RUSH SPECIALTY HOSPITAL, LLC"
"14032E","17197","SUNNY HILL SANATORIUM"
"14033E","17137","OAKLAWN MORGAN CO TB SANATORIUM"
"14034F","17097","NORTH CHICAGO VETERANS ADMINISTRATION HOSPITAL"
"141300","17061","THOMAS H BOYD MEMORIAL HOSPITAL"
"141301","17147","KIRBY MEDICAL CENTER"
"141302","17085","MIDWEST MEDICAL CENTER"
"141303","17039","WARNER HOSPITAL AND HEALTH SERVICES"
"141304","17131","MERCYONE GENESIS"
"141305","17067","MEMORIAL HOSPITAL"
"141306","17117","COMMUNITY HOSPITAL OF STAUNTON"
"141307","17145","PINCKNEYVILLE COMMUNITY HOSPITAL"
"141308","17189","WASHINGTON COUNTY HOSPITAL"
"141309","17203","CARLE EUREKA HOSPITAL"
"141310","17099","OSF SAINT PAUL MEDICAL CENTER"
"141311","17191","FAIRFIELD MEMORIAL HOSPITAL 1"
"141312","17141","ROCHELLE COMMUNITY HOSPITAL"
"141313","17125","MASON DISTRICT HOSPITAL"
"141314","17193","CORNERSTONE HEALTHCARE OF ILLINOIS"
"141315","17149","ILLINI COMMUNITY HOSPITAL"
"141316","17183","HOOPESTON COMMUNITY MEMORIAL HOSPITAL"
"141317","17053","GIBSON COMMUNITY HOSPITAL"
"141318","17187","OSF HOLY FAMILY MEDICAL CENTER"
"141319","17073","HAMMOND HENRY HOSPITAL"
"141320","17045","PARIS COMMUNITY HOSPITAL"
"141321","17055","FRANKLIN HOSPITAL"
"141322","17107","ABRAHAM LINCOLN MEMORIAL HOSPITAL"
"141323","17127","MASSAC MEMORIAL HOSPITAL"
"141324","17165","FERRELL HOSPITAL COMMUNITY FOUNDATIONS"
"141325","17073","OSF SAINT LUKE MEDICAL CENTER"
"141326","17065","HAMILTON MEMORIAL HOSPITAL"
"141327","17185","WABASH GENERAL HOSPITAL 1"
"141328","17069","HARDIN COUNTY GENERAL HOSPITAL"
"141329","17195","MORRISON COMMUNITY HOSPITAL"
"141330","17179","HOPEDALE HOSPITAL"
"141331","17145","MARSHALL BROWNING HOSPITAL"
"141332","17135","HILLSBORO AREA HOSPITAL"
"141333","17169","SARAH D CULBERTSON MEMORIAL HOSPITAL"
"141334","17077","ST JOSEPH MEMORIAL HOSPITAL"
"141335","17111","MERCY HARVARD HOSPITAL"
"141336","17119","ST JOSEPH'S HOSPITAL"
"141337","17011","OSF SAINT CLARE MEDICAL CENTER"
"141338","17157","MEMORIAL HOSPITAL"
"141339","17021","TAYLORVILLE MEMORIAL HOSPITAL"
"141340","17037","NORTHWESTERN MEDICINE VALLEY WEST HOSPITAL"
"141341","17021","PANA COMMUNITY HOSPITAL"
"141342","17181","DEACONESS ILLINOIS UNION COUNTY"
"141343","17033","CRAWFORD MEMORIAL HOSPITAL"
"141344","17101","LAWRENCE COUNTY MEMORIAL HOSPITAL"
"141345","17121","SALEM TOWNSHIP HOSPITAL"
"141346","17051","SARAH BUSH LINCOLN FAYETTE COUNTY HOSPITAL"
"141347","17117","CARLINVILLE AREA HOSPITAL"
"141348","17157","RED BUD REGIONAL HOSPITAL"
"141349","17157","SPARTA COMMUNITY HOSPITAL"
"141350","17135","ST FRANCIS HOSPITAL"
"141351","17025","CLAY COUNTY HOSPITAL"
"141352","17137","JACKSONVILLE MEMORIAL HOSPITAL"
"141353","17075","IROQUOIS MEMORIAL HOSPITAL"
"141354","17173","HSHS GOOD SHEPHERD HOSPITAL INC"
"141355","17159","CARLE RICHLAND MEMORIAL HOSPITAL"
"141356","17057","GRAHAM HOSPITAL ASSOCIATION"
"141990","17097","HILL TOP CENTER"
"142004","17043","MARIANJOY REHABILITATION HOSPITAL"
"142006","17037","KINDRED HOSPITAL - SYCAMORE"
"142007","17031","OAK FOREST HOSPITAL"
"142008","17031","KINDRED HOSPITAL - CHICAGO"
"142009","17031","KINDRED - CHICAGO - LAKESHORE"
"142010","17031","RML HEALTH PROVIDERS LIMITED PARTNERSHIP"
"142011","17031","HOLY FAMILY MEDICAL CENTER"
"142012","17031","ADVOCATE BETHANY HOSPITAL"
"142013","17143","OSF HEALTHCARE DIVINE MERCY CONTINUING CARE HOSP"
"142014","17167","VIBRA HOSPITAL OF SPRINGFIELD"
"142015","17031","RUSH SPECIALTY HOSPITAL, LLC"
"143025","17031","SCHWAB REHABILITATION HOSPITAL"
"143026","17031","SHIRLEY RYAN ABILITYLAB"
"143027","17043","MARIANJOY REHABILITATION CENTER"
"143028","17201","VAN MATRE ENCOMPASS HEALTH REHABILITATION INSTITUT"
"143029","17119","ANDERSON REHABILITATION INSTITUTE"
"143030","17163","THE REHABILITATION INSTITUTE OF SOUTHERN ILLINOIS"
"143031","17097","ENCOMPASS HEALTH REHAB INSTITUTE OF LIBERTYVILLE"
"143032","17161","THE QUAD CITIES REHABILITATION INSTITUTE"
"143300","17031","ANN & ROBERT H LURIE CHILDRENS HOSPITAL OF CHICAGO"
"143301","17031","LARABIDA CHILDRENS HOSPITAL I"
"143302","17031","SHRINERS HOSPITAL FOR CHILDREN"
"144002","17031","ILLINOIS STATE PSYCHIATRIC INSTITUTE"
"144005","17031","AURORA CHICAGO LAKESHORE HOSPITAL"
"144009","17031","RIVEREDGE HOSPITAL"
"144010","17031","CHICAGO-READ MENTAL HEALTH CENTER"
"144016","17119","ALTON MENTAL HEALTH CENTER"
"144019","17031","TINLEY PK MENTAL HEALTH CTR"
"144020","17031","JOHN J MADDEN MENTAL HLTH CTR"
"144021","17167","ANDREW MCFARLAND MENTAL HLTH CTR"
"144022","17143","GEORGE A ZELLER MENTAL HLTH CTR"
"144023","17201","H DOUGLAS SINGER MENTAL HLTH CTR"
"144024","17031","CPC OLD ORCHARD HOSPITAL"
"144025","17031","CHARTER BEHAVIORAL HLTH SYS CHGO INC"
"144026","17031","HARTGROVE HOSPITAL"
"144027","17181","CHOATE MENTAL HEALTH CENTER"
"144028","17031","JOHN J MADDEN MENTAL HEALTH CENTER"
"144029","17019","PAVILION FOUNDATION, THE"
"144030","17031","ROCK CREEK CENTER,THE"
"144031","17031","ALEXIAN BROTHERS BEHAVIORAL HLTH HOSP"
"144032","17201","OAKWOOD HOSPITAL OF ROCKFORD"
"144033","17031","UNIVERSITY HOSPITAL"
"144034","17031","BHC STREAMWOOD HOSPITAL INC"
"144035","17043","LINDEN OAKS HOSPITAL"
"144036","17031","MARYVILLE ACADEMY"
"144037","17089","ELGIN MENTAL HEALTH CENTER"
"144038","17181","CHOATE MENTAL HEALTH & DEVELOPMENT CTR"
"144039","17031","GARFIELD PARK HOSPITAL"
"144040","17031","CHICAGO BEHAVIORAL HOSPITAL"
"144041","17197","SILVER OAKS BEHAVIORAL HOSPITAL"
"144042","17097","LAKE BEHAVIORAL HOSPITAL"
"144043","17031","MONTROSE BEHAVIORAL HEALTH HOSPITAL"
"149801","17031","UNIVERSITY OF CHICAGO HOSPITALS"
"149802","17031","LOYOLA UNIVERSITY MEDICAL CENTER"
"149803","17031","RUSH UNIVERSITY MEDICAL CENTER"
"149804","17031","ANN & ROBERT H LURIE CHILDRENS HOSPITAL OF CHICAGO"
"149805","17031","UNIVERSITY OF ILLINOIS MEDICAL CENTER"
"149806","17031","NORTHWESTERN MEMORIAL HOSPITAL"
"149807","17143","ST FRANCIS MEDICAL CENTER TRANSPLANT"
"149808","17167","MEMORIAL MEDICAL CENTER"
"149809","17031","ADVOCATE CHRIST MEDICAL CENTER"
"150001","18081","JOHNSON MEMORIAL HOSPITAL"
"150002","18089","METHODIST HOSPITALS INC"
"150003","18157","FRANCISCAN ST ELIZABETH HEALTH - LAFAYETTE CENTRAL"
"150004","18089","FRANCISCAN HEALTH HAMMOND"
"150005","18063","HENDRICKS REGIONAL HEALTH"
"150006","18091","NORTHWEST HEALTH-LA PORTE"
"150007","18067","COMMUNITY HOWARD REGIONAL HEALTH INC"
"150008","18089","ST CATHERINE HOSPITAL INC"
"150009","18019","NORTON CLARK HOSPITAL"
"150010","18067","ASCENSION ST VINCENT KOKOMO"
"150011","18053","MARION GENERAL HOSPITAL"
"150012","18141","SAINT JOSEPH REGIONAL MEDICAL CENTER"
"150013","18153","SULLIVAN COUNTY COMMUNITY HOSPITAL"
"150014","18097","WINONA MEMORIAL HOSPITAL"
"150015","18091","FRANCISCAN HEALTH MICHIGAN CITY"
"150017","18003","LUTHERAN HOSPITAL OF INDIANA"
"150018","18039","ELKHART GENERAL HOSPITAL"
"150019","18037","DEACONESS ST JOSEPH'S HOSPITAL"
"15001F","18097","US ARMY HOSP"
"150020","18051","GIBSON GENERAL HOSPITAL"
"150021","18003","PARKVIEW REGIONAL MEDICAL CENTER"
"150022","18107","FRANCISCAN HEALTH CRAWFORDSVILLE"
"150023","18167","UNION HOSPITAL INC"
"150024","18097","ESKENAZI HEALTH"
"150025","18163","WELBORN BAPTIST HOSPITAL"
"150026","18039","GOSHEN HOSPITAL"
"150027","18133","PUTNAM COUNTY HOSPITAL"
"150029","18141","ST JOSEPH REGIONAL MEDICAL CENTER MISHAWAKA CAMPUS"
"15002F","18003","VA NORTHERN INDIANA HEALTH CARE SYSTEM-FT WAYNE"
"150030","18065","HENRY COUNTY MEMORIAL HOSPITAL"
"150031","18075","JAY COUNTY HOSPITAL"
"150032","18097","INDIANA UNIVERSITY MEDICAL CENTER"
"150033","18097","FRANCISCAN ST FRANCIS HEALTH - BEECH GROVE"
"150034","18089","ST MARY MEDICAL CENTER INC"
"150035","18127","NORTHWEST HEALTH- PORTER"
"150036","18181","WHITE COUNTY MEMORIAL HOSPITAL"
"150037","18059","HANCOCK REGIONAL HOSPITAL"
"150038","18109","INDIANA UNIVERSITY HEALTH MORGAN HOSPITAL INC"
"150039","18151","CAMERON MEMORIAL COMMUNITY HOSPITAL"
"15003F","18097","RICHARD L ROUDEBUSH VA MEDICAL CENTE"
"150042","18083","GOOD SAMARITAN HOSPITAL"
"150043","18023","ST VINCENT FRANKFORT HOSPITAL INC"
"150044","18043","BAPTIST HEALTH FLOYD"
"150045","18033","PARKVIEW DEKALB HOSPITAL"
"150046","18167","TERRE HAUTE REGIONAL HOSPITAL"
"150047","18003","LUTHERAN DOWNTOWN HOSPITAL"
"150048","18177","REID HEALTH"
"150049","18093","DUNN MEMORIAL HOSPITAL"
"15004F","18053","VA NORTHERN INDIANA HLTH CARE SYSTEM-MARION CAMPUS"
"150050","18021","ST VINCENT CLAY HOSPITAL INC"
"150051","18105","IU HEALTH BLOOMINGTON HOSPITAL"
"150052","18143","SCOTT MEMORIAL HOSPITAL"
"150053","18159","TIPT0N COUNTY MEMORIAL HOSPITAL"
"150054","18135","RANDOLPH COUNTY HOSPITAL & HEALTH SERV"
"150056","18097","INDIANA UNIVERSITY HEALTH"
"150057","18109","FRANCISCAN HEALTH MOORESVILLE"
"150058","18141","MEMORIAL HOSPITAL OF SOUTH BEND"
"150059","18057","RIVERVIEW HEALTH"
"15005F","18103","US AIR FORCE HOSP"
"150060","18165","WEST CENTRAL COMMUNITY HOSPITAL"
"150061","18027","DAVIESS COMMUNITY HOSPITAL"
"150062","18031","DECATUR COUNTY MEMORIAL HOSPITAL"
"150063","18179","WELLS COMMUNITY HOSPITAL"
"150064","18041","FAYETTE REGIONAL HEALTH SYSTEM"
"150065","18071","SCHNECK MEDICAL CENTER"
"150066","18055","GREENE COUNTY GENERAL HOSPITAL"
"150067","18103","DUKES MEMORIAL HOSPITAL"
"150069","18077","NORTON-KING'S DAUGHTERS' HEALTH"
"15006F","18167","US PENITENTIARY HOSP"
"150070","18123","PERRY COUNTY MEMORIAL HOSPITAL"
"150071","18117","BLOOMINGTON HOSPITAL & HEALTH CARE CTR"
"150072","18017","PARKVIEW LOGANSPORT HOSPITAL, INC"
"150073","18113","MCCRAY MEMORIAL HOSPITAL"
"150074","18097","COMMUNITY HOSPITAL EAST"
"150075","18179","BLUFFTON REGIONAL MEDICAL CENTER"
"150076","18099","SAINT JOSEPH REGIONAL MEDICAL CENTER - PLYMOUTH"
"150077","18091","MEMORIAL HOSPITAL OF MICHIGAN CITY"
"150078","18073","JASPER COUNTY HOSPITAL"
"150079","18061","HARRISON COUNTY HOSPITAL"
"150081","18111","GEORGE ADE MEMORIAL HOSPITAL"
"150082","18163","DEACONESS HOSPITAL INC"
"150083","18091","KINGWOOD HOSPITAL"
"150084","18097","ASCENSION ST VINCENT HOSPITAL"
"150085","18135","UNION CITY MEMORIAL HOSPITAL"
"150086","18029","ST ELIZABETH DEARBORN HOSPITAL"
"150088","18095","ASCENSION ST VINCENT ANDERSON"
"150089","18035","INDIANA UNIVERSITY HEALTH BALL MEMORIAL HOSPITAL"
"150090","18089","FRANCISCAN HEALTH DYER"
"150091","18069","PARKVIEW HUNTINGTON HOSPITAL"
"150092","18139","RUSH MEMORIAL HOSPITAL"
"150094","18095","ST VINCENT MERCY HOSPITAL INC"
"150095","18131","PULASKI MEMORIAL HOSPITAL"
"150096","18087","LAGRANGE COMMUNITY HOSPITAL"
"150097","18145","MAJOR HOSPITAL"
"150098","18175","WASHINGTON COUNTY MEMORIAL HOSPITAL"
"150099","18141","ST MARY COMMUNITY HOSPITAL"
"15009E","     ","NORTHERN INDIANA CHILDRENS HOSP"
"150100","18163","ASCENSION ST VINCENT EVANSVILLE"
"150101","18183","PARKVIEW WHITLEY HOSPITAL"
"150102","18149","NORTHWEST HEALTH- STARKE"
"150103","18171","ST VINCENT WILLIAMSPORT HOSPITAL INC"
"150104","18011","WITHAM HEALTH SERVICES"
"150105","18169","WABASH COUNTY HOSPITAL"
"150106","18001","ADAMS COUNTY MEMORIAL HOSPITAL"
"150109","18157","FRANCISCAN HEALTH LAFAYETTE"
"15010E","18141","NOTRE DAME UNIVERSITY HOSP"
"150110","18099","COMMUNITY HOSPITAL OF BREMEN"
"150111","18049","WOODLAWN HOSPITAL"
"150112","18005","COLUMBUS REGIONAL HOSPITAL"
"150113","18095","COMMUNITY HOSPITAL OF ANDERSON AND MADISON COUNTY"
"150114","18009","BLACKFORD COUNTY HOSPITAL"
"150115","18037","DEACONESS MEMORIAL MEDICAL CENTER, INC"
"15011E","18099","CULVER MILITARY ACADEMY HOSP UNIT"
"150122","18137","MARGARET MARY COMMUNITY HOSPITAL"
"150123","18051","WIRTH REGIONAL HOSPITAL"
"150124","18093","BEDFORD REGIONAL MEDICAL CENTER"
"150125","18089","COMMUNITY HOSPITAL"
"150126","18089","FRANCISCAN HEALTH CROWN POINT"
"150127","18079","ST VINCENT JENNINGS HOSPITAL INC"
"150128","18097","COMMUNITY HOSPITAL SOUTH"
"150129","18097","COMMUNITY WESTVIEW HOSPITAL"
"15012E","18077","NEWBY HOSP"
"150130","18173","ST MARY'S WARRICK HOSPITAL"
"150132","18089","METHODIST HOSPITAL SOUTHLAKE"
"150133","18085","LUTHERAN KOSCIUSKO HOSPITAL"
"150134","18019","MEDICAL CENTER OF SOUTHERN INDIANA"
"150135","18177","RICHMOND STATE HOSPITAL"
"150136","18097","WOMEN'S HOSPITAL OF INDIANAPOLIS"
"150137","18097","VENCOR HOSPITAL - INDIANAPOLIS"
"150138","18089","NORTHWEST FAMILY HOSPITAL"
"150139","18141","HEALTHWIN"
"150140","18081","THC - INDIANAPOLIS"
"150141","18097","AMERICAN TRANSITIONAL HOSPITAL"
"150142","18173","ST ELIZABETH ANN SETON HOSPITAL INC"
"150145","18057","ST ELIZABETH ANN SETON SPECIALITY CARE"
"150146","18113","PARKVIEW NOBLE HOSPITAL"
"150147","18089","HEARTLAND MEMORIAL HOSPITAL LLC"
"150148","18141","OUR LADY OF PEACE HOSPITAL"
"150149","18173","THE WOMEN'S HOSPITAL"
"150150","18003","DUPONT HOSPITAL LLC"
"150151","18005","SELECT SPECIALTY HOSPITAL-BLOOMINGTON"
"150152","18097","ST ELIZABETH ANN SETON HOSPITAL-INDPLS"
"150153","18057","ASCENSION ST VINCENT HEART CENTER"
"150154","18097","INDIANA HEART HOSPITAL THE"
"150155","18067","ST ELIZABETH ANN SETON HOSPITAL OF KOKOMO"
"150156","18089","REGENCY HOSPITAL OF NORTHWEST INDIANA"
"150157","18057","ASCENSION ST VINCENT CARMEL"
"150158","18063","IU HEALTH WEST HOSPITAL"
"150159","18035","RENAISSANCE SPECIALTY HOSPITAL"
"150160","18097","ORTHOINDY HOSPITAL"
"150161","18057","INDIANA UNIVERSITY HEALTH NORTH HOSPITAL"
"150162","18097","FRANCISCAN HEALTH INDIANAPOLIS"
"150163","18019","SAINT CATHERINE REGIONAL HOSPITAL"
"150164","18105","MONROE HOSPITAL"
"150165","18089","FRANCISCAN HEALTH MUNSTER"
"150166","18089","PINNACLE HOSPITAL"
"150167","18003","ORTHOPAEDIC HOSPITAL AT PARKVIEW NORTH LLC"
"150168","18003","THE ORTHOPAEDIC HOSPITAL OF LUTHERAN HEALTH NETWOR"
"150169","18097","COMMUNITY HOSPITAL NORTH"
"150170","18089","SURGICAL HOSPITAL OF MUNSTER"
"150171","18003","PROGRESSIVE HOSPITAL OF FORT WAYNE"
"150172","18043","PHYSICIANS' MEDICAL CENTER LLC"
"150173","18157","INDIANA UNIVERSITY HEALTH ARNETT HOSPITAL"
"150174","18089","PROGRESSIVE HOSPITAL OF MERRILLVILLE"
"150175","18173","THE HEART HOSPITAL AT DEACONESS GATEWAY LLC"
"150176","18019","KENTUCKIANA MEDICAL CENTER LLC"
"150177","18141","UNITY PHYSICIANS HOSPITAL"
"150178","18141","CANCER CARE PARTNERS LLC"
"150179","18097","COMMUNITY FAIRBANKS RECOVERY CENTER"
"150180","18099","DOCTORS NEUROMEDICAL HOSPITAL & BRAIN INSTITUTE"
"150181","18057","ASCENSION ST VINCENT FISHERS"
"150182","18057","FRANCISCAN HEALTH CARMEL"
"150183","18105","MONROE HOSPITAL"
"150184","18063","ST VINCENT NEIGHBORHOOD HOSPITAL"
"150186","18097","INDIANA KIDNEY INSTITUTE"
"150187","18127","INTERVENTIONAL PAIN MANAGEMENT LLC"
"150188","18091","INTERVENTIONAL PAIN MANAGEMENT LLC"
"150189","18089","INTERVENTIONAL PAIN MANAGEMENT-HOBART"
"150190","18089","INTERVENTIONAL PAIN MANAGEMENT LLC"
"150191","18091","FRANCISCAN BEACON HOSPITAL, LLC"
"150192","18003","NANI VASCULAR"
"150193","18057","FRANCISCAN HEALTH ORTHOPEDIC HOSPITAL CARMEL"
"150195","18089","UCHICAGO MEDICINE NORTHWEST INDIANA"
"151300","18099","COMMUNITY HOSPITAL OF BREMEN INC"
"151301","18135","ASCENSION ST VINCENT RANDOLPH"
"151302","18009","INDIANA UNIVERSITY HEALTH BLACKFORD HOSPITAL"
"151303","18079","ASCENSION ST VINCENT JENNINGS"
"151304","18139","RUSH MEMORIAL HOSPITAL"
"151305","18131","PULASKI MEMORIAL HOSPITAL"
"151306","18117","INDIANA UNIVERSITY HEALTH PAOLI HOSPITAL"
"151307","18171","ASCENSION ST VINCENT WILLIAMSPORT"
"151308","18095","ASCENSION ST VINCENT MERCY"
"151309","18021","ASCENSION ST VINCENT CLAY"
"151310","18169","PARKVIEW WABASH HOSPITAL, INC"
"151311","18159","INDIANA UNIVERSITY HEALTH TIPTON HOSPITAL INC"
"151312","18181","INDIANA UNIVERSITY HEALTH WHITE MEMORIAL HOSPITAL"
"151313","18049","WOODLAWN HOSPITAL"
"151314","18175","ASCENSION ST VINCENT SALEM"
"151315","18151","CAMERON HEALTH"
"151316","18023","INDIANA UNIVERSITY HEALTH FRANKFORT INC"
"151317","18055","GREENE COUNTY GENERAL HOSPITAL"
"151318","18103","DUKES MEMORIAL HOSPITAL"
"151319","18051","DEACONESS GIBSON HOSPITAL"
"151320","18075","IU HEALTH JAY"
"151321","18037","ST JOSEPH'S HOSPITAL OF HUNTINGBURG, INC"
"151322","18123","PERRY COUNTY MEMORIAL HOSPITAL"
"151323","18087","PARKVIEW LAGRANGE HOSPITAL"
"151324","18073","FRANCISCAN HEALTH RENSSELAER, INC"
"151325","18173","ASCENSION ST VINCENT WARRICK"
"151326","18165","UNION HOSPITAL CLINTON"
"151327","18153","SULLIVAN COUNTY COMMUNITY HOSPITAL"
"151328","18093","INDIANA UNIVERSITY HEALTH BEDFORD HOSPITAL"
"151329","18137","MARGARET MARY HEALTH"
"151330","18001","ADAMS MEMORIAL HOSPITAL"
"151331","18061","HARRISON COUNTY HOSPITAL"
"151332","18031","DECATUR COUNTY MEMORIAL HOSPITAL"
"151333","18133","PUTNAM COUNTY HOSPITAL"
"151334","18143","NORTON SCOTT HOSPITAL"
"151335","18093","ASCENSION ST VINCENT DUNN"
"151992","18097","MIDLAND HOUSE INC"
"152002","18141","HEALTHWIN HOSPITAL"
"152005","18077","MADISON STATE HOSPITAL"
"152006","18097","FAIRBANKS HOSPITAL INC"
"152007","18097","KINDRED HOSPITAL INDIANAPOLIS"
"152008","18081","KINDRED HOSPITAL- INDIANAPOLIS SOUTH"
"152009","18043","SOUTHERN INDIANA REHABILITATION HOSP"
"152010","18081","SELECT SPECIALTY HOSPITAL-INDIANAPOLIS"
"152011","18163","ST ELIZABETH ANN SETON HOSPITAL INC"
"152012","18089","KINDRED HOSPITAL NORTHWEST INDIANA"
"152013","18097","KINDRED HOSPITAL INDIANAPOLIS NORTH"
"152014","18163","SELECT SPECIALTY HOSPITAL-EVANSVILLE"
"152015","18057","SETON SPECIALTY HOSPITAL, CARMEL"
"152016","18003","SELECT SPECIALTY HOSPITAL-FORT WAYNE"
"152017","18067","SCCI HOSPITAL OF KOKOMO"
"152018","18141","KINDRED HOSPITAL NORTHERN INDIANA"
"152019","18105","SELECT SPECIALTY HOSPITAL-BLOOMINGTON"
"152020","18097","ASCENSION ST VINCENT SETON SPECIALTY HOSPITAL"
"152021","18157","ST VINCENT SETON SPECIALTY HOSPITAL LAFAYETTE"
"152022","18167","HEALTHSOUTH HOSPITAL OF TERRE HAUTE"
"152024","18089","REGENCY HOSPITAL OF NORTHWEST INDIANA"
"152025","18035","CENTRAL INDIANA  AMG SPECIALTY HOSPITAL LLC"
"152026","18141","RIVERCREST SPECIALTY HOSPITAL"
"152027","18003","VIBRA HOSPITAL OF FORT WAYNE"
"152028","18089","NW INDIANA-AMG SPECIALTY HOSPITAL"
"153025","18173","ENCOMPASS HEALTH DEACONESS REHABILITATION HOSPITAL"
"153026","18097","LIFELINES CHILDREN'S REHAB HOSPITAL"
"153027","18067","HEALTHSOUTH REHABILITATION HOSP OF KOK"
"153028","18097","REHABILITATION HOSPITAL OF INDIANA INC"
"153029","18167","HEALTHSOUTH REHABILITATION HOSPITAL"
"153030","18003","SELECT MEDICAL REHABILITATION HOSPITAL AT LUTHERAN"
"153031","18043","SOUTHERN INDIANA REHABILITATION HOSP"
"153032","18089","INTENSIVA HOSPITAL OF NORTHWEST INDIAN"
"153033","18097","INTENSIVA HOSPITAL OF INDIANAPOLIS"
"153034","18163","INTENSIVA HOSPITAL OF EVANSVILLE"
"153035","18003","INTENSIVE HOSPITAL OF FORT WAYNE INC"
"153036","18067","HOWARD REGIONAL HEALTH SYSTEM WEST CAMPUS"
"153037","18043","SOUTHERN INDIANA REHABILITATION HOSPITAL"
"153038","18097","REHABILITATION HOSPITAL OF INDIANA AT ST VINCENT"
"153039","18067","COMMUNITY HOWARD SPECIALTY HOSPITAL"
"153040","18099","DOCTORS NEUROMEDICAL HOSPITAL & BRAIN INSTITUTE"
"153041","18141","RIVERCREST SPECIALTY HOSPITAL"
"153042","18157","LAFAYETTE REGIONAL REHABILITATION HOSPITAL"
"153043","18097","COMMUNITY HEALTH NETWORK REHABILITATION HOSPITAL"
"153044","18081","COMMUNITY HEALTH NETWORK REHABILITATION HOSP SO"
"153045","18089","POWERS HEALTH REHABILITATION CENTER"
"153046","18019","PAM HEALTH REHABILITATION HOSPITAL OF GREATER INDI"
"153047","18141","REHABILITATION HOSPITAL OF NORTHERN INDIANA, LLC"
"153048","18057","INDIANAPOLIS REHABILITATION HOSPITAL, LLC"
"153049","18105","BLOOMINGTON REGIONAL REHABILITATION HOSPITAL LLC"
"153050","18063","COMMUNITY REHABILITATION HOSPITAL WEST"
"153300","18097","ST VINCENT PEDIATRIC REHABILTATION CENTER INC"
"154005","18157","RIVER BEND HOSPITAL"
"154008","18097","NEURODIAGNOSTIC INSTITUTE"
"154009","18167","HAMILTON CENTER INC"
"154010","18019","LIFESPRING MENTAL HEALTH CENTER"
"154011","18029","INCOMPASS HEALTHCARE"
"154012","18127","VALE PARK PSYCHIATRIC HOSPITAL"
"154013","18089","GARY COMMUNITY MENTAL HEALTH CNTR INC"
"154014","18085","OTIS R BOWEN CENTER FOR HUMAN SERVICES INC"
"154015","18003","PARK CENTER INC"
"154017","18005","QUINCO CONSULTING CENTER"
"154018","18177","RICHMOND STATE HOSPITAL"
"154019","18077","MADISON STATE HOSPITAL"
"154020","18089","REGIONAL MENTAL HEALTH CENTER"
"154021","18053","GRANT-BLACKFORD MENTAL HEALTH, INC"
"154022","18097","ST VINCENT STRESS CENTER INC"
"154023","18097","TRI COUNTY CENTER, INC"
"154024","18081","VALLE VISTA HEALTH SYSTEM"
"154025","18095","ANDERSON CENTER OF ST JOHNS"
"154026","18003","CHARTER BEACON BEHARIORAL HELATH SYSTE"
"154027","18011","KOALA HOSPITAL & COUNSELING CENTERS"
"154028","18157","CHARTER LAFAYETTE BEHAVIORAL HLTH SYS"
"154029","18019","CHARTER BEHAVIORAL HLTH SYS JFFRSN INC"
"154030","18163","EVANSVILLE STATE HOSPITAL"
"154031","18039","OAKLAWN PSYCHIATRIC CENTER INC"
"154032","18167","CHARTER TERRE HAUTE BEHAV HELTH SYSTEM"
"154033","18091","CHARTER BEHAVIORAL HLTH SYS OF INDIANA"
"154034","18097","FAIRBANKS HOSPITAL INC"
"154035","18017","4C HEALTH"
"154036","18097","CHARTER HOSPITAL OF INDIANAPOLIS"
"154037","18141","CHARTER SOUTH BEND BEHAVIORAL HEALTH"
"154038","18089","CHARTER BEHAVIORAL HEALTH SYS OF NW IN"
"154039","18057","CHARTER AVBOR INDY BEHAVIORAL HLTH SYS"
"154040","18141","MADISON HOSPITAL CORPORATION"
"154041","18105","BLOOMINGTON MEADOWS HOSPITAL"
"154042","18163","DEACONESS CROSS POINTE CENTER LLC"
"154043","18005","KOALA HOSPITAL & COUNSELING CENTER"
"154044","18099","KOALA HOSPITAL & COUNSELING CTRS PLYMO"
"154045","18097","KOALA HOSPITAL OF INDIANAPOLIS"
"154046","18011","BEHAVIORAL HEALTHCARE OF LEBANON"
"154047","18099","MICHIANA BEHAVIORAL HEALTH CENTER"
"154048","18005","BEHAVIORAL HEALTHCARE COLUMBUS"
"154049","18141","RIVERSIDE HOSPITAL CORPORATION"
"154050","18033","NORTHEASTERN CENTER"
"154051","18019","WELLSTONE REGIONAL HOSPITAL"
"154052","18127","PORTER-STARKE SERVICES INC"
"154053","18035","MERIDIAN SERVICES CORP"
"154054","18167","HARSHA BEHAVIORAL CENTER INC"
"154055","18173","BRENTWOOD SPRINGS"
"154056","18163","EVANSVILLE STATE HOSPITAL"
"154057","18097","OPTIONS BEHAVIORAL HEALTH SYSTEM"
"154058","18099","DOCTORS NEUROPSYCHIATRIC HOSPITAL"
"154059","18157","SYCAMORE SPRINGS HOSPITAL LLC"
"154060","18003","PARK CENTER, INC"
"154061","18141","MEDICAL BEHAVIORAL HOSPITAL - MISHAWAKA"
"154062","18095","ASSURANCE HEALTH PSYCHIATRIC HOSPITAL"
"154063","18097","NEUROPSYCHIATRIC HOSPITAL OF INDIANAPOLIS, LLC"
"154064","18097","ASSURANCE HEALTH PSYCHIATRIC HOSPITAL"
"154065","18089","NEURO BEHAVIORAL HOSPITAL"
"154066","18019","BRIGHTWELL BEHAVIORAL HEALTH"
"154067","18063","HENDRICKS BEHAVIORAL HOSPITAL"
"154068","18081","MEDICAL BEHAVIORAL HOSPITAL OF INDIANAPOLIS"
"154070","18003","MAPLE HEIGHTS BEHAVIORAL HEALTH"
"154071","18097","ETHAN CROSSING ADDICTION CAMPUS OF INDIANAPOLIS"
"154072","18037","MISSION BEHAVIORAL HEALTH HOSPITAL"
"159801","18003","LUTHERAN HOSPITAL OF INDIANA TH"
"159802","18097","ST VINCENT HOSPITAL"
"159803","18097","INDIANA UNIVERSITY HEALTH TRANSPLANT"
"15J200","18163","EVANSVILLE PSYCHIATRIC CHILDREN'S CENTER"
"160001","19127","UNITYPOINT HEALTH - MARSHALLTOWN"
"160002","19063","AVERA HOLY FAMILY HOSPITAL"
"160003","19035","SIOUX VALLEY MEMORIAL HOSPITAL"
"160004","19179","ST JOSEPH HEALTH & REHABILITATION CTR"
"160005","19027","ST ANTHONY REGIONAL HOSPITAL & NURSING HOME"
"160007","19197","BELMOND COMMUNITY HOSPITAL"
"160008","19111","BLESSING HEALTH KEOKUK"
"160009","19055","REGIONAL MED CTR FOR NE IA & DELAWARE"
"160012","19183","WASHINGTON COUNTY HOSPITAL"
"160013","19139","TRINITY MUSCATINE"
"160014","19047","CRAWFORD COUNTY MEMORIAL HOSPITAL"
"160016","19187","TRINITY REGIONAL MEDICAL CENTER"
"160018","19077","GUTHRIE COUNTY HOSPITAL"
"160020","19007","MERCY MEDICAL CENTER-CENTERVILLE"
"160021","19073","GREENE COUNTY MEDICAL CENTER"
"160023","19005","VETERANS MEMORIAL HOSPITAL"
"160024","19153","UNITYPOINT HEALTH - DES MOINES IOWA LUTHERAN"
"160025","19163","ST LUKES HOSPITAL"
"160026","19015","BOONE COUNTY HOSPITAL"
"160027","19037","MERCY MEDICAL CENTER - NEW HAMPTON"
"160028","19155","CHI HEALTH MERCY COUNCIL BLUFFS"
"160029","19103","UNIVERSITY OF IOWA HEALTH CARE MEDICAL CENTER DOWN"
"160030","19169","MARY GREELEY MEDICAL CENTER"
"160031","19165","SHELBY COUNTY MYRTUE MEMORIAL HOSPITAL"
"160032","19099","MERCYONE NEWTON MEDICAL CENTER"
"160033","19163","MERCYONE GENESIS"
"160034","19083","ELLSWORTH MUNICIPAL HOSPITAL"
"160035","19075","GRUNDY COUNTY MEMORIAL HOSPITAL"
"160036","19069","FRANKLIN GENERAL HOSPITAL"
"160037","19067","FLOYD COUNTY MEMORIAL HOSPITAL"
"160038","19013","COVENANT MEDICAL CENTER-SCHOITZ"
"160039","19029","CASS COUNTY MEMORIAL HOSPITAL"
"16003F","19153","VA HOSP"
"160040","19013","MERCYONE CEDAR FALLS MEDICAL CENTER"
"160041","19003","ALEGENT HEALTH MERCY HOSPITAL"
"160043","19145","CLARINDA REGIONAL HEALTH CENTER"
"160044","19125","PELLA REGIONAL HEALTH CENTER"
"160045","19113","ST LUKES HOSPITAL"
"160046","19197","COMMUNITY MEMORIAL HOSPITAL"
"160047","19155","METHODIST JENNIE EDMUNDSON"
"160048","19159","RINGGOLD COUNTY HOSPITAL"
"160049","19039","CLARKE COUNTY PUBLIC HOSPITAL"
"16004F","19103","VA HOSP"
"160050","19123","MAHASKA COUNTY HOSPITAL"
"160051","19119","MERRILL PIONEER COMMUNITY HOSPITAL"
"160052","19121","MADISON COUNTY MEMORIAL HOSPITAL"
"160053","19045","SAMARITAN HOSPITAL NORTH"
"160054","19177","VAN BUREN COUNTY MEMORIAL HOSPITAL"
"160055","19053","DECATUR COUNTY HOSPITAL"
"160056","19097","JACKSON COUNTY PUBLIC HOSPITAL"
"160057","19057","SOUTHEAST IOWA REGIONAL MEDICAL CENTER"
"160058","19103","UNIVERSITY OF IOWA HEALTH CARE MEDICAL CENTER"
"160059","19033","NORTH IOWA MEDICAL CENTER"
"16005F","19125","VA HOSP"
"160060","19051","DAVIS COUNTY HOSPITAL"
"160061","19117","LUCAS COUNTY HEALTH CENTER"
"160062","19045","DEWITT COMMUNITY HOSPITAL"
"160063","19043","CENTRAL COMMUNITY HOSPITAL"
"160064","19033","MERCYONE NORTH IOWA MEDICAL CENTER"
"160065","19085","ALEGENT HEALTH COMMUNITY MEMORIAL HOSP"
"160066","19021","BUENA VISTA REGIONAL MEDICAL CENTER"
"160067","19013","MERCYONE WATERLOO MEDICAL CENTER"
"160068","19089","REGIONAL HEALTH SERVICES OF HOWARD CO"
"160069","19061","MERCYONE DUBUQUE MEDICAL CENTER"
"160070","19001","ADAIR COUNTY MEMORIAL HOSPITAL"
"160071","19141","COMMUNITY MEMORIAL HOSPITAL"
"160072","19025","STEWART MEMORIAL COMMUNITY HOSPITAL"
"160073","19095","MARENGO MEMORIAL HOSPITAL"
"160074","19167","ORANGE CITY MUNICIPAL HOSPITAL"
"160075","19049","DALLAS COUNTY HOSPITAL"
"160076","19079","HAMILTON COUNTY PUBLIC HOSPITAL"
"160077","19135","MONROE COUNTY HOSPITAL"
"160079","19113","MERCY MEDICAL CENTER - CEDAR RAPIDS"
"160080","19045","MERCYONE CLINTON MEDICAL CENTER"
"160081","19191","WINNESHIEK COUNTY MEMORIAL HOSPITAL"
"160082","19153","UNITYPOINT HEALTH - DES MOINES IOWA METHODIST MEDI"
"160083","19153","MERCYONE DES MOINES MEDICAL CENTER"
"160085","19083","ELDORA REGIONAL MEDICAL CENTER"
"160086","19019","PEOPLES MEMORIAL HOSPITAL OF BUCHANAN"
"160088","19169","STORY COUNTY HOSPITAL"
"160089","19179","OTTUMWA REGIONAL HEALTH CENTER"
"160090","19137","MONTGOMERY COUNTY MEMORIAL HOSPITAL"
"160091","19161","LORING HOSPITAL"
"160092","19145","SHENANDOAH MEMORIAL HOSPITAL"
"160093","19011","VIRGINIA GAY HOSPITAL"
"160094","19017","WAVERLY MUNICIPAL HOSPITAL"
"160095","19081","HANCOCK COUNTY HEALTH SERVICES"
"160097","19043","GUTTENBERG MUNICIPAL HOSPITAL"
"160098","19009","AUDUBON COUNTY MEMORIAL HOSPITAL"
"160099","19071","GRAPE COMMUNITY HOSPITAL"
"160101","19153","BROADLAWNS MEDICAL CENTER"
"160102","19153","METROPOLITAN MEDICAL CENTER"
"160103","19105","ST LUKE'S/JONES REGIONAL MEDICAL CENTE"
"160104","19163","TRINITY BETTENDORF"
"160106","19087","HENRY COUNTY HEALTH CENTER"
"160107","19133","BURGESS HEALTH CENTER"
"160108","19131","MITCHELL COUNTY REGIONAL HEALTH CENTER"
"160109","19167","SIOUX CTR COMM HOSPITAL & HEALTH CTR"
"160110","19013","ALLEN HOSPITAL"
"160111","19027","MANNING REGIONAL HEALTHCARE CENTER"
"160112","19041","SPENCER MUNICIPAL HOSPITAL"
"160113","19185","WAYNE COUNTY HOSPITAL"
"160114","19125","KNOXVILLE AREA COMMUNITY HOSPITAL"
"160115","19101","JEFFERSON COUNTY HOSPITAL"
"160116","19175","GREATER COMMUNITY HOSPITAL"
"160117","19061","FINLEY HOSPITAL"
"160118","19147","PALO ALTO COUNTY HOSPITAL"
"160119","19105","JOHN MCDONALD HOSPITAL"
"160120","19107","KEOKUK COUNTY HEALTH CENTER"
"160122","19111","FORT MADISON COMMUNITY HOSPITAL"
"160123","19169","STORY CITY MEMORIAL HOSPITAL"
"160124","19059","LAKES REGIONAL HEALTHCARE"
"160126","19141","NORTHWEST IOWA HEALTH CENTER"
"160129","19065","PALMER LUTHERAN HEALTH CENTER"
"160130","19143","OSCEOLA COMMUNITY HOSPITAL"
"160131","19093","HORN MEMORIAL HOSPITAL"
"160132","19005","COMMUNITY MEMORIAL HOSPITAL"
"160133","19153","CHARTER COMMUNITY HOSPITAL"
"160134","19167","HAWARDEN COMMUNITY HOSPITAL"
"160135","19065","MERCY HOSPITAL OF FRANCISCAN SISTERS"
"160136","19149","AKRON CITY HOSPITAL"
"160138","19017","COMMUNITY MEMORIAL HOSPITAL"
"160139","19021","ALTA MEMORIAL HOSP"
"160140","19149","FLOYD VALLEY HOSPITAL"
"160141","19189","FOREST CITY COMMUNITY HOSPITAL"
"160142","19151","POCAHONTAS COMMUNITY HOSPITAL"
"160143","19109","KOSSUTH REGIONAL HEALTH CENTER"
"160145","19167","HEGG MEMORIAL HEALTH CENTER"
"160146","19193","ST LUKES REGIONAL MEDICAL CENTER"
"160147","19157","GRINNELL REGIONAL MEDICAL CENTER"
"160151","19141","BAUM HARMON MEMORIAL HOSPITAL"
"160152","19091","HUMBOLDT COUNTY MEMORIAL HOSPITAL"
"160153","19193","MERCYONE SIOUXLAND MEDICAL CENTER"
"160154","19061","MERCY MEDICAL CENTER-DYERSVILLE"
"160155","19163","SELECT SPECIALTY HOSPITAL-QUAD CITIES"
"160156","19113","CONTINUING CARE HOSPITAL AT ST LUKE'S"
"160157","19153","SELECT SPECIALTY HOSPITAL- DES MOINES"
"16016E","19105","IOWA MEDICAL AND CLASSIFICATION CENTER"
"161300","19141","MERCYONE PRIMGHAR MEDICAL CENTER"
"161301","19197","IOWA SPECIALTY HOSPITAL - BELMOND"
"161302","19197","IOWA SPECIALTY HOSPITAL - CLARION"
"161303","19075","GRUNDY COUNTY MEMORIAL HOSPITAL"
"161304","19003","CHI HEALTH - MERCY CORNING"
"161305","19151","POCAHONTAS COMMUNITY HOSPITAL"
"161306","19105","JONES REGIONAL MEDICAL CENTER"
"161307","19081","HANCOCK COUNTY HEALTH SYSTEM"
"161308","19069","FRANKLIN GENERAL HOSPITAL"
"161309","19085","CHI HEALTH MISSOURI VALLEY"
"161310","19001","ADAIR COUNTY MEMORIAL HOSPITAL"
"161311","19167","HAWARDEN REGIONAL HEALTHCARE"
"161312","19043","GUTTENBERG MUNICIPAL HOSPITAL"
"161313","19045","MERCYONE GENESIS DEWITT MEDICAL CENTER"
"161314","19077","GUTHRIE COUNTY HOSPITAL"
"161315","19107","KEOKUK COUNTY HEALTH CENTER"
"161316","19065","GUNDERSEN PALMER LUTHERAN HOSPITAL AND CLINICS"
"161317","19095","COMPASS MEMORIAL HEALTHCARE"
"161318","19005","VETERANS MEMORIAL HOSPITAL"
"161319","19043","MERCYONE ELKADER MEDICAL CENTER"
"161320","19017","COMMUNITY MEMORIAL HOSPITAL MEDICAL CENTER"
"161321","19119","AVERA MERRILL PIONEER HOSPITAL"
"161322","19049","DALLAS COUNTY HOSPITAL"
"161323","19131","MITCHELL COUNTY REGIONAL HEALTH"
"161324","19071","GEORGE C GRAPE COMMUNITY HOSPITAL"
"161325","19073","GREENE COUNTY MEDICAL CENTER"
"161326","19121","MADISON COUNTY HEALTH CARE SYSTEM"
"161327","19051","DAVIS COUNTY HOSPITAL"
"161328","19089","REGIONAL HEALTH SERVICES OF HOWARD COUNTY"
"161329","19097","JACKSON COUNTY REGIONAL HEALTH CENTER"
"161330","19009","AUDUBON COUNTY MEMORIAL HOSPITAL"
"161331","19037","MERCYONE NEW HAMPTON MEDICAL CENTER"
"161332","19027","MANNING REGIONAL HEALTHCARE CENTER"
"161333","19169","STORY COUNTY HOSPITAL"
"161334","19091","HUMBOLDT COUNTY MEMORIAL HOSPITAL"
"161335","19019","BUCHANAN COUNTY HEALTH CENTER"
"161336","19167","HEGG MEMORIAL HEALTH CENTER"
"161337","19177","VAN BUREN COUNTY HOSPITAL"
"161338","19065","MERCYONE OELWEIN MEDICAL CENTER"
"161339","19017","WAVERLY HEALTH CENTER"
"161340","19053","DECATUR COUNTY HOSPITAL"
"161341","19117","LUCAS COUNTY HEALTH CENTER"
"161342","19135","MONROE COUNTY HOSPITAL"
"161343","19055","REGIONAL MEDICAL CENTER"
"161344","19183","WASHINGTON COUNTY HOSPITAL AND CLINICS"
"161345","19143","OSCEOLA COMMUNITY HOSPITAL"
"161346","19167","SIOUX CENTER HEALTH"
"161347","19067","FLOYD COUNTY MEDICAL CENTER"
"161348","19039","CLARKE COUNTY HOSPITAL"
"161349","19011","VIRGINIA GAY HOSPITAL"
"161350","19025","STEWART MEMORIAL COMMUNITY HOSPITAL"
"161351","19063","AVERA HOLY FAMILY HOSPITAL"
"161352","19145","CLARINDA REGIONAL HEALTH CENTER"
"161353","19109","KOSSUTH REGIONAL HEALTH CENTER"
"161354","19093","HORN MEMORIAL HOSPITAL"
"161355","19125","KNOXVILLE HOSPITAL & CLINICS"
"161356","19087","HENRY COUNTY HEALTH CENTER"
"161357","19147","PALO ALTO COUNTY HOSPITAL"
"161358","19185","WAYNE COUNTY HOSPITAL"
"161359","19133","BURGESS HEALTH CENTER"
"161360","19167","ORANGE CITY AREA HEALTH SYSTEM"
"161361","19079","VAN DIEST MEDICAL CENTER"
"161362","19035","CHEROKEE REGIONAL MEDICAL CENTER"
"161363","19137","MONTGOMERY COUNTY MEMORIAL HOSPITAL"
"161364","19101","JEFFERSON COUNTY HEALTH CENTER"
"161365","19175","GREATER REGIONAL MEDICAL CENTER"
"161366","19145","SHENANDOAH MEDICAL CENTER"
"161367","19125","PELLA REGIONAL HEALTH CENTER"
"161368","19149","FLOYD VALLEY HEALTHCARE"
"161369","19047","CRAWFORD COUNTY MEMORIAL HOSPITAL"
"161370","19161","LORING HOSPITAL"
"161371","19191","WINNMED"
"161372","19015","BOONE COUNTY HOSPITAL"
"161373","19159","RINGGOLD COUNTY HOSPITAL"
"161374","19165","MYRTUE MEDICAL CENTER"
"161375","19021","BUENA VISTA REGIONAL MEDICAL CENTER"
"161376","19029","CASS COUNTY MEMORIAL HOSPITAL"
"161377","19007","MERCYONE CENTERVILLE MEDICAL CENTER"
"161378","19061","MERCYONE DYERSVILLE MEDICAL CENTER"
"161379","19123","MAHASKA  HEALTH PARTNERSHIP"
"161380","19083","HANSEN FAMILY HOSPITAL"
"161381","19141","SANFORD SHELDON MEDICAL CENTER"
"161382","19027","ST ANTHONY REGIONAL HOSPITAL & NURSING HOME"
"162001","19163","SELECT SPECIALTY HOSPITAL - QUAD CITIES"
"162002","19113","CONTINUING CARE HOSPITAL"
"162003","19153","SELECT SPECIALTY HOSPITAL - DES MOINES"
"163025","19049","MERCY REHABILITATION HOSPITAL, LLC"
"163026","19103","EASTERN IOWA REHABILITATION HOSPITAL LLC"
"163027","19103","IOWA HEALTH NETWORK REHABILITATION HOSPITAL"
"164002","19035","MENTAL HEALTH INSTITUTE"
"164003","19019","MENTAL HEALTH INSTITUTE"
"164004","19087","MENTAL HEALTH INSTITUTE"
"164005","19145","MENTAL HEALTH INSTITUTE"
"164006","19163","EAGLE VIEW BEHAVIORAL HEALTH"
"164007","19049","CLIVE BEHAVIORAL HEALTH"
"169800","19153","IOWA METHODIST MEDICAL CENTER TRANSPLANT CENTER"
"169801","19153","MERCYONE DES MOINES TRANSPLANT CARE"
"169802","19103","THE UNIVERSITY OF IOWA HOSPITALS AND CLINICS"
"170001","20111","NEWMAN REGIONAL HEALTH"
"170002","20079","AXTELL CHRISTIAN HOSPITAL"
"170003","20051","ST ANTHONY HOSPITAL"
"170004","20013","HIAWATHA COMMUNITY HOSPITAL"
"170005","20145","ST JOSEPH MEMORIAL HOSPITAL"
"170006","20037","MERCY HOSPITAL PITTSBURG, INC"
"170007","20111","ST MARYS HEALTH CENTER OF EMPORIA"
"170008","20193","CITIZENS MEDICAL CENTER"
"170009","20103","SAINT JOHN HOSPITAL"
"170010","20125","MERCY HOSPITAL INDEPENDENCE"
"170011","20169","ST JOHNS REGIONAL HEALTH CENTER"
"170012","20169","SALINA REGIONAL HEALTH CENTER"
"170013","20051","HAYS MEDICAL CENTER"
"170014","20059","ADVENTHEALTH OTTAWA"
"170015","20123","MITCHELL COUNTY HOSPITAL"
"170016","20177","UNIVERSITY OF KANSAS HLTH SYSTEM ST FRANCIS CAMPUS"
"170017","20015","SUSAN B ALLEN MEMORIAL HOSPITAL"
"170018","20205","FREDONIA REGIONAL HOSPITAL"
"170019","20035","WILLIAM NEWTON HOSPITAL"
"17001F","20103","MUNSON ARMY HOSP"
"170020","20155","HUTCHINSON REGIONAL MEDICAL CENTER INC"
"170021","20021","BAXTER MEMORIAL HOSPITAL"
"170022","20005","ATCHISON HOSPITAL"
"170023","20055","ST. CATHERINE HOSPITAL - GARDEN CITY"
"170024","20157","REPUBLIC COUNTY HOSPITAL"
"170025","20115","ST LUKE HOSPITAL"
"170026","20115","HILLSBORO COMMUNITY MEDICAL CENTER"
"170027","20151","PRATT REGIONAL MEDICAL CENTER"
"17002F","20061","US ARMY HOSP"
"170030","20167","RUSSELL REGIONAL HOSPITAL"
"170031","20065","GRAHAM COUNTY HOSPITAL"
"170032","20073","GREENWOOD COUNTY HOSPITAL"
"170033","20009","CENTRAL KANSAS MEDICAL CENTER"
"170034","20025","MINNEOLA DISTRICT HOSPITAL"
"170035","20003","ANDERSON COUNTY HOSPITAL"
"170036","20033","COMANCHE COUNTY HOSPITAL"
"170037","20161","MEMORIAL HOSPITAL"
"170038","20185","STAFFORD DISTRICT HOSPITAL #4"
"170039","20191","SUMNER COMMUNITY HOSPITAL"
"17003F","20103","US PENITENTIARY HOSP"
"170040","20209","UNIVERSITY OF KANSAS HOSPITAL"
"170041","20141","OSBORNE COUNTY MEMORIAL HOSPITAL"
"170043","20021","MAUDE NORTON MEMORIAL CITY HOSPITAL"
"170044","20149","DECHAIRO HOSPITAL"
"170045","20149","COMMUNITY HOSPITAL ONAGA INC"
"170046","20125","CANEY MUNICIPAL HOSPITAL"
"170049","20091","UNIVERSITY OF KANSAS HEALTH SYSTEM OLATHE HOSPITAL"
"17004F","20177","US AIR FORCE HOSP"
"170050","20025","ASHLAND DISTRICT HOSPITAL"
"170051","20159","HOSPITAL DISTRICT #1 OF RICE COUNTY"
"170052","20095","KINGMAN COMMUNITY HOSPITAL"
"170053","20097","KIOWA COUNTY HOSPITAL"
"170054","20027","CLAY COUNTY MEDICAL CENTER"
"170055","20119","MEADE DISTRICT HOSPITAL"
"170056","20105","LINCOLN COUNTY HOSPITAL"
"170057","20131","NEMAHA VALLEY COMMUNITY HOSPITAL"
"170058","20011","MERCY HOSPITAL-FORT SCOTT"
"17005F","20177","VA HOSP"
"170060","20039","DECATUR COUNTY HOSPITAL"
"170061","20147","PHILLIPS COUNTY HOSPITAL"
"170062","20009","ELLINWOOD DISTRICT HOSPITAL"
"170063","20179","SHERIDAN COUNTY HOSPITAL"
"170064","20023","CHEYENNE COUNTY HOSPITAL"
"170066","20135","NESS CO HOSPITAL DISTRICT #2"
"170067","20013","HORTON COMMUNITY HOSPITAL"
"170068","20175","SOUTHWEST MEDICAL CENTER"
"170069","20153","RAWLINS COUNTY HEALTH CENTER"
"17006F","20103","VA HOSP WADSWORTH"
"170070","20127","MORRIS COUNTY HOSPITAL"
"170072","20047","EDWARDS COUNTY HOSPITAL"
"170073","20205","WILSON COUNTY HOSPITAL"
"170074","20061","STORMONT VAIL HEALTH FLINT HILLS, LLC"
"170075","20113","MERCY HOSPITAL, INC"
"170076","20201","WASHINGTON COUNTY HOSPITAL"
"170077","20195","TREGO COUNTY-LEMKE MEMORIAL HOSPITAL"
"170079","20075","HAMILTON COUNTY HOSPITAL"
"17007F","20173","US AIR FORCE HOSP"
"170080","20063","GOVE COUNTY HOSPITAL"
"170081","20007","KIOWA DISTRICT HOSPITAL"
"170082","20071","GREAT PLAINS OF GREELEY CO"
"170084","20137","NORTON COUNTY HOSPITAL"
"170085","20171","SCOTT COUNTY HOSPITAL"
"170086","20177","STORMONT VAIL HOSPITAL"
"170087","20173","ST JOSEPH MEDICAL CENTER"
"170088","20053","ELLSWORTH COUNTY HOSPITAL"
"170089","20189","STEVENS COUNTY HOSPITAL"
"17008F","20173","VA HOSP"
"170090","20083","HODGEMAN COUNTY HEALTH CENTER"
"170091","20099","KATY MEMORIAL HOSP"
"170092","20163","PLAINVILLE RURAL HOSPITAL"
"170093","20183","SMITH COUNTY MEMORIAL HOSPITAL"
"170094","20031","COFFEY COUNTY HOSPITAL"
"170095","20029","CLOUD COUNTY HEALTH CENTER"
"170097","20181","GOODLAND REGIONAL MEDICAL CENTER"
"170098","20037","HOSPITAL DISTRICT #1 OF CRAWFORD COUNTY"
"170099","20201","HANOVER HOSPITAL"
"170100","20093","KEARNY COUNTY HOSPITAL"
"170101","20113","LINDSBORG COMMUNITY HOSPITAL"
"170102","20007","MEDICINE LODGE MEMORIAL HOSPITAL"
"170103","20079","NMC HEALTH"
"170104","20091","ADVENTHEALTH SHAWNEE MISSION"
"170105","20113","MCPHERSON HOSPITAL INC"
"170106","20019","SEDAN CITY HOSPITAL"
"170108","20101","LANE COUNTY HOSPITAL"
"170109","20121","THE UNIV OF KS HEALTH SYSTEM PAOLA HOSPITAL"
"170110","20067","BOB WILSON MEMORIAL GRANT COUNTY HOSPITAL"
"170112","20009","CLARA BARTON HOSPITAL"
"170113","20117","COMMUNITY MEMORIAL HEALTHCARE INC"
"170114","20041","MEMORIAL HOSPITAL"
"170115","20041","HERINGTON MUNICIPAL HOSPITAL"
"170116","20001","ALLEN COUNTY HOSPITAL"
"170117","20187","STANTON COUNTY HOSPITAL"
"170119","20165","RUSH COUNTY MEMORIAL HOSPITAL"
"170120","20099","LABETTE HEALTH"
"170121","20135","GRISELL MEMORIAL HOSPITAL DISTRICT #1"
"170122","20173","ASCENSION VIA CHRISTI HOSPITALS WICHITA, INC."
"170123","20173","WESLEY MEDICAL CENTER"
"170124","20077","HOSPITAL DISTRICT #6 OF HARPER COUNTY"
"170125","20185","ST JOHN PRIMARY CARE HOSPITAL"
"170126","20143","OTTAWA COUNTY HOSPITAL"
"170128","20149","WAMEGO CITY HOSPITAL"
"170130","20091","GARDNER COMM MED CTR INC"
"170131","20087","JEFFERSON COUNTY MEMORIAL HOSPITAL"
"170133","20103","SAINT LUKE'S CUSHING HOSPITAL"
"170134","20109","LOGAN COUNTY HOSPITAL"
"170137","20045","LMH"
"170138","20177","MEMORIAL HOSPITAL CORPORATION TOPEKA"
"170139","20081","SATANTA DISTRICT HOSPITAL"
"170140","20191","WELLINGTON HOSPITAL"
"170142","20161","ASCENSION VIA CHRISTI HOSPITAL MANHATTAN, INC"
"170143","20133","NEOSHO MEMORIAL REGIONAL MEDICAL CENTER"
"170144","20079","HERTZLER REGIONAL MEDICAL CENTER"
"170145","20125","COFFEYVILLE REGIONAL MEDICAL CENTER, INC"
"170146","20209","PROVIDENCE MEDICAL CENTER"
"170147","20173","VIA CHRISTI RIVERSIDE MEDICAL CENTER"
"170148","20209","BETHANY MEDICAL CENTER"
"170150","20035","SOUTH CENTRAL KS  MED CENTER"
"170151","20077","HARPER HOSPITAL DISTRICT 5"
"170152","20191","HOSPITAL DIST #1 OF SUMNER CO"
"170159","20099","OSWEGO CITY HOSPITAL"
"170160","20085","HOLTON CITY HOSPITAL"
"170164","20131","GREAT PLAINS OF SABETHA INC"
"170166","20129","MORTON COUNTY HOSPITAL"
"170168","20089","JEWELL COUNTY HOSPITAL"
"170170","20077","ATTICA HOSPITAL DISTRICT #1"
"170171","20015","AUGUSTA MEDICAL COMPLEX INC"
"170172","20019","CEDAR VALE COMMUNITY HOSPITAL"
"170173","20057","SPEARVILLE DISTRICT HOSPITAL"
"170174","20203","WICHITA COUNTY HOSPITAL"
"170175","20057","ST CATHERINE HOSPITAL - DODGE CITY"
"170176","20091","OVERLAND PARK REG MED CTR"
"170177","20057","BUCKLIN DISTRICT HOSP"
"170178","20099","BEHAVIORAL MEDICINE CENTER"
"170180","20091","MEADOWBROOK REHABILITATION HOSPITAL"
"170181","20057","MEDICAL HEIGHTS HOSPITELE"
"170182","20091","MENORAH MEDICAL CENTER"
"170183","20173","KANSAS SURGERY & RECOVERY CENTER"
"170185","20091","SAINT LUKE'S SOUTH HOSPITAL"
"170186","20173","KANSAS HEART HOSPITAL"
"170187","20169","SALINA SURGICAL HOSPITAL"
"170188","20091","KANSAS CITY ORTHOPAEDIC INSTITUTE"
"170189","20173","SELECT SPECIALTY HOSPITAL WICHITA"
"170190","20161","MANHATTAN SURGICAL HOSPITAL LLC"
"170191","20009","UNIVERSITY  OF KS HLTH SYSTEM GREAT BEND CAMPUS"
"170192","20173","GALICHIA HEART HOSPITAL LLC"
"170193","20111","EMPORIA SURGICAL HOSPITAL"
"170194","20091","ASCENTIST HOSPITAL LLC"
"170195","20091","HEARTLAND SURGICAL SPEC HOSPITAL"
"170196","20173","KANSAS SPINE & SPECIALTY HOSPITAL, LLC"
"170197","20015","KANSAS MEDICAL CENTER LLC"
"170198","20155","SUMMIT SURGICAL, LLC"
"170199","20091","MINIMALLY INVASIVE SURGERY HOSPITAL"
"170200","20173","ASCENSION VIA CHRISTI HOSPITAL ST. TERESA, INC."
"170201","20091","PINNACLE REGIONAL HOSPITAL, INC"
"170203","20021","MERCY SPECIALTY HOSPITAL SOUTHEAST KANSAS"
"170204","20173","ROCK REGIONAL HOSPITAL, LLC"
"170205","20161","MANHATTAN SPECIALISTS CENTER, LLC"
"170206","20173","CYPRESS SURGERY CENTER"
"170207","20091","MAO LEAWOOD SURGERY CENTER, LLC"
"170208","20091","ADVENTHEALTH SOUTH OVERLAND PARK, INC"
"170779","20035","SCK HEALTH"
"170780","20113","MERCY HOSPITAL, INC"
"170781","20165","RUSH COUNTY MEMORIAL HOSPITAL"
"171300","20135","GRISELL MEMORIAL HOSPITAL"
"171301","20009","ELLINWOOD DISTRICT HOSPITAL"
"171302","20099","OSWEGO COMMUNITY HOSPITAL"
"171303","20101","LANE COUNTY HOSPITAL"
"171304","20025","ASHLAND HEALTH CENTER"
"171305","20019","CEDAR VALE COMMUNITY HOSPITAL"
"171306","20203","WICHITA COUNTY HEALTH CENTER"
"171307","20153","RAWLINS COUNTY HEALTH CENTER"
"171308","20021","MERCY HOSPITAL COLUMBUS"
"171309","20089","JEWELL COUNTY HOSPITAL"
"171310","20023","CHEYENNE COUNTY HOSPITAL"
"171311","20163","ROOKS COUNTY HEALTH CENTER"
"171312","20033","COMANCHE COUNTY HOSPITAL"
"171313","20093","KEARNY COUNTY HOSPITAL"
"171314","20087","F W HUSTON MEDICAL CENTER"
"171315","20131","NEMAHA VALLEY COMMUNITY HOSPITAL"
"171316","20003","ANDERSON COUNTY HOSPITAL"
"171317","20047","EDWARDS COUNTY MEDICAL CENTER"
"171318","20019","SEDAN CITY HOSPITAL"
"171319","20085","HOLTON COMMUNITY HOSPITAL"
"171320","20013","HORTON COMMUNITY HOSPITAL"
"171321","20119","MEADE DISTRICT HOSPITAL"
"171322","20075","HAMILTON COUNTY HOSPITAL"
"171323","20185","STAFFORD COUNTY HOSPITAL"
"171324","20081","SATANTA DISTRICT HOSPITAL, CLINICS, & LTCU"
"171325","20065","GRAHAM COUNTY HOSPITAL"
"171326","20109","LOGAN COUNTY HOSPITAL"
"171327","20053","ELLSWORTH COUNTY MEDICAL CENTER"
"171328","20143","OTTAWA COUNTY HEALTH CENTER"
"171329","20191","CALDWELL REGIONAL MEDICAL CENTER"
"171330","20159","HOSPITAL DISTRICT #1 OF RICE COUNTY"
"171331","20007","KIOWA DISTRICT HOSPITAL"
"171332","20097","KIOWA COUNTY MEMORIAL HOSPITAL"
"171333","20009","CLARA BARTON HOSPITAL"
"171334","20007","MEDICINE LODGE MEMORIAL HOSPITAL"
"171335","20189","STEVENS COUNTY HOSPITAL"
"171336","20135","NESS COUNTY HOSPITAL DISTRICT #2"
"171337","20149","WAMEGO HEALTH CENTER"
"171338","20131","SABETHA COMMUNITY HOSPITAL"
"171339","20073","GREENWOOD COUNTY HOSPITAL"
"171340","20041","HERINGTON HOSPITAL"
"171341","20013","AMBERWELL HIAWATHA"
"171342","20165","RUSH COUNTY MEMORIAL HOSPITAL"
"171343","20187","STANTON COUNTY HOSPITAL"
"171344","20205","WILSON MEDICAL CENTER"
"171345","20145","PAWNEE VALLEY COMMUNITY HOSPITAL"
"171346","20077","PATTERSON HEALTH CENTER"
"171347","20179","SHERIDAN COUNTY HOSPITAL"
"171348","20137","NORTON COUNTY HOSPITAL"
"171349","20029","NORTH CENTRAL KANSAS MEDICAL CENTER"
"171350","20167","RUSSELL REGIONAL HOSPITAL"
"171351","20201","WASHINGTON COUNTY HOSPITAL"
"171352","20039","DECATUR HEALTH"
"171353","20147","PHILLIPS COUNTY HEALTH SYSTEMS"
"171354","20149","COMMUNITY HOSPITAL, ONAGA AND ST MARYS CAMPUS"
"171355","20195","TREGO COUNTY LEMKE MEMORIAL HOSPITAL"
"171356","20115","ST LUKE HOSPITAL & LIVING CENTER"
"171357","20115","HILLSBORO COMMUNITY HOSPITAL"
"171358","20113","LINDSBORG COMMUNITY HOSPITAL"
"171359","20071","GREELEY COUNTY HEALTH SERVICES"
"171360","20105","LINCOLN COUNTY HOSPITAL"
"171361","20157","REPUBLIC COUNTY HOSPITAL"
"171362","20193","CITIZENS MEDICAL CENTER"
"171363","20117","COMMUNITY MEMORIAL HEALTHCARE, INC"
"171364","20141","OSBORNE COUNTY MEMORIAL HOSPITAL"
"171365","20201","HANOVER HOSPITAL"
"171366","20077","HARPER HOSPITAL"
"171367","20063","GOVE COUNTY MEDICAL CENTER"
"171368","20025","MINNEOLA DISTRICT HOSPITAL NBR 2"
"171369","20083","HODGEMAN COUNTY HEALTH CENTER"
"171370","20181","GOODLAND REGIONAL MEDICAL CENTER"
"171371","20027","CLAY COUNTY MEDICAL CENTER"
"171372","20171","SCOTT COUNTY HOSPITAL"
"171373","20001","ALLEN COUNTY REGIONAL HOSPITAL"
"171374","20205","FREDONIA REGIONAL HOSPITAL"
"171375","20123","MITCHELL COUNTY HOSPITAL HEALTH SYSTEMS"
"171376","20037","GIRARD MEDICAL CENTER"
"171377","20183","SMITH COUNTY MEMORIAL HOSPITAL"
"171378","20095","KINGMAN HEALTHCARE  CENTER"
"171379","20127","MORRIS COUNTY HOSPITAL"
"171380","20133","NEOSHO MEMORIAL REGIONAL MEDICAL CENTER"
"171381","20041","MEMORIAL HOSPITAL"
"171382","20005","AMBERWELL ATCHISON ASSOCIATION"
"171383","20035","WILLIAM NEWTON MEMORIAL HOSPITAL"
"171384","20111","NEWMAN REGIONAL HEALTH"
"171385","20031","COFFEY COUNTY HOSPITAL"
"171386","20129","MORTON COUNTY HOSPITAL"
"171387","20125","COFFEYVILLE REGIONAL MEDICAL CENTER, INC"
"171388","20067","BOB WILSON MEMORIAL HOSPITAL"
"172003","20173","WICHITA-AMG SPECIALTY HOSPITAL"
"172004","20091","HIGHCREST HOSPITAL OF OVERLAND PARK"
"172005","20209","SELECT SPECIALTY HOSPITAL OF KS CITY"
"172006","20177","SELECT SPECIALTY HOSPITAL OF TOPEKA"
"172007","20173","SELECT SPECIALTY HOSPITAL WICHITA"
"173025","20177","KANSAS REHABILITATION HOSPITAL, A JOINT VENTURE OF"
"173026","20091","MIDAMERICA REHABILITATION HOSPITAL"
"173027","20173","WESLEY REHABILITATION HOSPITAL, AN AFFILIATE OF EN"
"173028","20173","ASCENSION VIA CHRISTI REHABILITATION HOSPITAL, INC"
"173029","20173","HORIZON SPECIALTY HOSPITAL WICHITA"
"173030","20091","HORIZON SPECIALTY HOSPITAL"
"173031","20177","INTENSIVA HOSPITAL OF TOPEKA"
"173032","20091","REHABILITATION HOSPITAL OF OVERLAND PARK"
"173033","20091","MEADOWBROOK REHABILITATION HOSPITAL"
"173034","20091","JOHNSON COUNTY REHABILITATION HOSPITAL, LLC"
"173035","20043","CLEARSKY REHABILITATION HOSPITAL OF ELWOOD ST JOS"
"173300","20091","CHILDREN'S MERCY HOSPITAL KANSAS"
"174001","20177","TOPEKA STATE HOSP PSYCHIATRIC"
"174002","20079","PRAIRIE VIEW HOSP"
"174003","20177","MENNINGER CF MEM HOSP"
"174004","20121","OSAWATOMIE STATE HOSPITAL PSYCHIATRIC"
"174006","20145","LARNED STATE HOSPITAL"
"174009","20091","KANSAS INSTITUTE"
"174010","20209","RAINBOW MENTAL HLTH FACILITY"
"174011","20099","BEHAVIORAL MEDICINE CENTER"
"174012","20173","CHARTER WICHITA BEHAVIORAL HEALTH SYS"
"174013","20173","CPC GREAT PLAINS HOSPITAL"
"174014","20091","COLLEGE MEADOWS HOSPITAL"
"174015","20091","CHARTER BEHAVIORAL HEALTH SYSTEM OF KC"
"174016","20079","PRAIRIE VIEW INC"
"174017","20177","TOPEKA STATE HOSPITAL"
"174018","20177","PARKVIEW HOSPITAL OF TOPEKA"
"174019","20091","CEDAR RIDGE HOSPITAL"
"174020","20091","COTTONWOOD SPRINGS LLC"
"174021","20177","FREEDOM BEHAVIORAL HOSPITAL OF TOPEKA, LLC"
"174022","20121","ADAIR ACUTE CARE AT OSAWATOMIE STATE HOSPITAL"
"174023","20173","ST ANTHONY'S SENIOR CARE HOSPITAL, LLC"
"174024","20091","ST ANTHONY'S SENIOR CARE HOSPITAL OLATHE, LLC"
"174025","20091","ANEW HEALTH LLC"
"174026","20173","CORTERRA OF WICHITA LLC"
"174027","20173","ST VERONICA"
"179800","20173","VIA CHRISTI REG MED CTR-TRANSPLANT UNIT"
"179801","20209","UNIVERSITY OF KANSAS HOSPITAL TRANSPLANT CENTER"
"180001","21037","ST ELIZABETH FT THOMAS"
"180002","21133","WHITESBURG ARH HOSPITAL"
"180004","21177","OWENSBORO HEALTH MUHLENBERG COMMUNITY HOSPITAL"
"180005","21071","HIGHLANDS ARH REGIONAL MEDICAL CENTER"
"180006","21133","JENKINS COMMUNITY HOSPITAL"
"180007","21067","SAMARITAN HOSPITAL"
"180009","21019","KING'S DAUGHTERS' MEDICAL CENTER"
"180010","21067","SAINT JOSEPH HOSPITAL"
"180011","21125","CHI SAINT JOSEPH LONDON"
"180012","21093","BAPTIST HEALTH HARDIN"
"180013","21227","THE MEDICAL CENTER AT BOWLING GREEN"
"180014","21111","NORTON AUDUBON HOSPITAL"
"180015","21059","OWENSBORO MERCY HEALTH SYSTEM FORD"
"180016","21211","UOFL HEALTH - SHELBYVILLE HOSPITAL"
"180017","21009","T J SAMSON COMMUNITY HOSPITAL"
"180018","21205","ST CLAIRE REGIONAL MEDICAL CENTER"
"180019","21161","MEADOWVIEW REGIONAL MEDICAL CENTER"
"180020","21013","MIDDLESBORO APPALACHIAN REGIONAL HEALTHCARE HOSPIT"
"180021","21013","PINEVILLE COMMUNITY HEALTH CENTER, INC"
"180023","21081","ST ELIZABETH MEDICAL CTR GRANT COUNTY"
"180024","21155","SPRING VIEW HOSPITAL"
"180025","21179","FLAGET MEMORIAL HOSPITAL"
"180026","21157","MARSHALL COUNTY HOSPITAL"
"180027","21035","MURRAY-CALLOWAY COUNTY HOSPITAL"
"180028","21071","MCDOWELL APPALACHIAN REGIONAL HEALTHCARE"
"180029","21193","HAZARD ARH REGIONAL MEDICAL CENTER"
"180030","21167","JAMES B HAGGIN MEMORIAL HOSP"
"180031","21079","GARRARD CO MEMORIAL HOSP"
"180032","21071","OUR LADY OF THE WAY HOSP"
"180033","21221","TRIGG CO HOSP"
"180034","21001","WESTLAKE REGIONAL HOSPITAL"
"180035","21117","ST ELIZABETH MEDICAL CENTER NORTH"
"180036","21019","OUR LADY OF BELLEFONTE HOSPITAL"
"180037","21111","STS MARY & ELIZABETH MEDICAL CENTER"
"180038","21059","OWENSBORO HEALTH REGIONAL HOSPITAL"
"180040","21111","UOFL HEALTH - JEWISH HOSPITAL"
"180041","21183","OHIO COUNTY HOSPITAL"
"180042","21041","CARROLL COUNTY HOSPITAL"
"180043","21051","ADVENTHEALTH MANCHESTER"
"180044","21195","PIKEVILLE MEDICAL CENTER"
"180045","21015","ST ELIZABETH FLORENCE"
"180046","21017","CENTERPOINT HEALTH - PARIS"
"180047","21087","JANE TODD CRAWFORD HOSPITAL"
"180048","21021","EPHRAIM MCDOWELL REGIONAL MEDICAL CENTER"
"180049","21151","BAPTIST HEALTH RICHMOND"
"180050","21095","HARLAN ARH HOSPITAL"
"180051","21047","JENNIE STUART MEDICAL CENTER"
"180053","21069","FLEMING COUNTY HOSPITAL"
"180054","21033","CALDWELL CO HOSP"
"180055","21151","BEREA HOSPITAL CHI"
"180056","21101","DEACONESS HENDERSON HOSPITAL"
"180058","21065","MARCUM & WALLACE MEMORIAL HOSP"
"180059","21181","NICHOLAS CO HOSP"
"180060","21149","MCLEAN CO GENERAL HOSP INC"
"180062","21045","CASEY CO WAR MEMORIAL HOSP"
"180063","21121","KNOX COUNTY HOSPITAL"
"180064","21173","CHI SAINT JOSEPH MOUNT STERLING"
"180065","21187","NEW HORIZONS HEALTH SYSTEMS INC"
"180066","21141","THE MEDICAL CENTER AT RUSSELLVILLE"
"180067","21067","UNIVERSITY OF KENTUCKY HOSPITAL"
"180069","21195","TUG VALLEY ARH REGIONAL MEDICAL CENTER"
"18006F","21111","LOUISVILLE VA MEDICAL CENTER"
"180070","21085","OWENSBORO HEALTH TWIN LAKES MEDICAL CENTER"
"180072","21239","WOODFORD MEMORIAL HOSP"
"180075","21003","MEDICAL CENTER AT SCOTTSVILLE,THE"
"180078","21115","PAINTSVILLE ARH HOSPITAL"
"180079","21097","HARRISON MEMORIAL HOSPITAL"
"18007F","21067","LEXINGTON VA MEDICAL CENTER"
"180080","21121","BAPTIST HEALTH CORBIN"
"180081","21111","METHODIST EVANGELICAL HOSP"
"180085","21111","VENCOR HOSPITAL LOUISVILLE"
"180087","21217","TAYLOR REGIONAL HOSPITAL"
"180088","21111","NORTON HOSPITAL / NORTON HEALTHCARE PAVILION / NOR"
"180092","21049","CLARK REGIONAL MEDICAL CENTER"
"180093","21107","BAPTIST HEALTH DEACONESS MADISONVILLE"
"180094","21027","BRECKINRIDGE MEMORIAL HOSP"
"180095","21055","CRITTENDEN COMMUNITY HOSPITAL"
"180099","21137","FORT LOGAN HOSP"
"180100","21111","BAPTIST HOSPITAL HIGHLANDS"
"180101","21209","CENTERPOINT HEALTH - GEORGETOWN"
"180102","21145","MERCY HEALTH LOURDES HOSPITAL"
"180103","21067","BAPTIST HEALTH LEXINGTON"
"180104","21145","BAPTIST HEALTH PADUCAH"
"180105","21171","MONROE COUNTY MEDICAL CENTER"
"180106","21053","THE MEDICAL CENTER AT ALBANY"
"180108","21057","CUMBERLAND CO HOSP"
"180112","21105","CLINTON-HICKMAN CO HOSP"
"180114","21013","RED BIRD MISSION HOSP-"
"180115","21203","ROCKCASTLE REGIONAL HOSPITAL & RESPIRATORY CARE CT"
"180116","21083","JACKSON PURCHASE MEDICAL CENTER"
"180117","21075","PARKWAY REGIONAL HOSPITAL"
"180118","21099","CAVERNA MEMORIAL HOSP"
"180120","21213","MEDICAL CENTER AT FRANKLIN,THE"
"180121","21139","LIVINGSTON HOSP AND HEALTHCARE SER INC"
"180122","21225","METHODIST HOSPITAL UNION COUNTY"
"180123","21111","NORTON SUBURBAN HOSPITAL"
"180124","21227","TRISTAR GREENVIEW REGIONAL HOSPITAL"
"180125","21175","MORGAN COUNTY ARH HOSPITAL"
"180126","21231","WAYNE COUNTY HOSPITAL, INCORPORATED"
"180127","21073","FRANKFORT REGIONAL MEDICAL CENTER"
"180128","21127","THREE RIVERS MEDICAL CENTER"
"180129","21131","MARY BRECKINRIDGE HOSPITAL"
"180130","21111","BAPTIST HEALTH LOUISVILLE"
"180132","21199","LAKE CUMBERLAND REGIONAL HOSPITAL"
"180133","21111","NORTON SOUTHWEST HOSPITAL"
"180134","21207","RUSSELL COUNTY HOSPITAL"
"180136","21067","HUMANA HOSP LEXINGTON"
"180137","21111","UNIVERSITY OF LOUISVILLE HOSPITAL"
"180138","21185","BAPTIST HEALTH LA GRANGE"
"180139","21025","KENTUCKY RIVER MEDICAL CENTER"
"180140","21045","CASEY COUNTY HOSPITAL"
"180141","21111","UNIVERSITY OF LOUISVILLE HOSPITAL"
"180142","21067","JEWISH HOSPITAL LEXINGTON"
"180143","21067","CHI SAINT JOSEPH EAST"
"180144","21067","SELECT SPECIALTY HOSPITAL LEXINGTON"
"180145","21067","CONTINUING CARE HOSPITAL AT ST JOSEPH EAST"
"180146","21037","CARDINAL HILL SPECIALTY HOSPITAL"
"180147","21227","COMMONWEALTH REGIONAL SPECIALTY HOSPITAL"
"180148","21121","OAK TREE HOSPITAL AT BAPTIST REGIONAL MEDICAL CTR"
"180149","21001","T J HEALTH COLUMBIA"
"180150","21185","OAK TREE HOSPITAL AT BAPTIST HOSPITAL NORTHEAST"
"180151","21067","UKHEALTHCARE GOOD SAMARITAN HOSPITAL"
"180152","21107","CONTINUECARE HOSPITAL AT BAPTIST HEALTH MADISONVIL"
"180153","21145","CONTINUECARE HOSPITAL AT BAPTIST HEALTH PADUCAH"
"180154","21013","PINEVILLE COMMUNITY HEALTH CENTER, INC"
"180155","21195","ARH ADVANCED CARE - BIG SANDY"
"180156","21193","ARH ADVANCED CARE - KY RIVER"
"18026E","21067","SHRINERS HOSPITAL FOR CHILDREN"
"180779","21055","CRITTENDEN COMMUNITY HOSPITAL"
"180780","21069","FLEMING COUNTY HOSPITAL"
"181300","21079","GARRARD COUNTY MEMORIAL HOSPITAL"
"181301","21065","MARCUM & WALLACE MEMORIAL HOSPITAL"
"181302","21167","THE JAMES B HAGGIN MEMORIAL HOSPITAL"
"181303","21181","NICHOLAS COUNTY HOSPITAL"
"181304","21221","TRIGG COUNTY HOSPITAL"
"181305","21071","ARH OUR LADY OF THE WAY"
"181306","21225","DEACONESS UNION COUNTY HOSPITAL"
"181307","21175","MORGAN COUNTY ARH HOSPITAL"
"181308","21239","CENTERPOINT HEALTH - VERSAILLES"
"181309","21045","CASEY COUNTY HOSPITAL"
"181310","21041","CARROLL COUNTY MEMORIAL HOSPITAL"
"181311","21081","ST ELIZABETH GRANT"
"181312","21187","ST ELIZABETH OWEN"
"181313","21001","WESTLAKE REGIONAL HOSPITAL"
"181314","21099","THE MEDICAL CENTER AT CAVERNA"
"181315","21137","EPHRAIM MCDOWELL FORT LOGAN HOSPITAL"
"181316","21131","MARY BRECKINRIDGE ARH HOSPITAL"
"181317","21057","CUMBERLAND COUNTY HOSPITAL"
"181318","21213","THE MEDICAL CENTER AT FRANKLIN"
"181319","21027","BRECKINRIDGE MEMORIAL HOSPITAL"
"181320","21139","LIVINGSTON HOSPITAL AND HEALTHCARE SERVICES, INC"
"181321","21231","WAYNE COUNTY HOSPITAL"
"181322","21033","CALDWELL MEDICAL CENTER"
"181323","21183","OHIO COUNTY HOSPITAL"
"181324","21003","THE MEDICAL CENTER AT SCOTTSVILLE"
"181325","21087","JANE TODD CRAWFORD HOSPITAL"
"181326","21133","JENKINS COMMUNITY HOSPITAL"
"181327","21157","MARSHALL COUNTY HOSPITAL"
"181328","21121","BARBOURVILLE ARH HOSPITAL"
"181329","21151","CHI SAINT JOSEPH BEREA NF"
"181330","21207","RUSSELL COUNTY HOSPITAL"
"181331","21071","MCDOWELL ARH HOSPITAL"
"181332","21069","FLEMING COUNTY HOSPITAL"
"181333","21053","THE MEDICAL CENTER AT ALBANY"
"181334","21025","KENTUCKY RIVER MEDICAL CENTER"
"182001","21111","KINDRED HOSPITAL LOUISVILLE"
"182002","21067","CONTINUING CARE HOSPITAL, INC"
"182003","21021","SELECT SPECIALTY HOSPITAL - CENTRAL KENTUCKY"
"182004","21037","SELECT SPECIALTY HOSPITAL-NORTHERN KENTUCKY"
"182005","21227","COMMONWEALTH REGIONAL SPECIALTY HOSPITAL"
"182006","21121","CONTINUECARE HOSPITAL AT BAPTIST HEALTH CORBIN"
"182007","21185","OAK TREE HOSPITAL AT BAPTIST HOSPITAL NORTHEAST"
"182008","21145","CONTINUECARE HOSPITAL AT BAPTIST HEALTH PADUCAH"
"182009","21107","CONTINUECARE HOSPITAL AT BAPTIST HLTH MADISONVILLE"
"182010","21195","ARH ADVANCED CARE - BIG SANDY"
"182011","21193","ARH ADVANCED CARE - KY RIVER"
"183025","21111","FRAZIER REHAB CENTER"
"183026","21067","CARDINAL HILL REHABILITATION HOSPITAL"
"183027","21117","ENCOMPASS HEALTH REHABILITATION HOSPITAL OF NORTHE"
"183028","21093","ENCOMPASS HEALTH REHABILITATION HOSPITAL OF LAKEVI"
"183029","21227","SMR SOUTHERN KENTUCKY, LLC DBA SOUTHERN KENTUCKY R"
"183030","21015","GATEWAY REHABILITATION HOSPITAL"
"183031","21111","GATEWAY REHAB HOSPITAL AT NORTON HEALTHCARE PAVILI"
"183032","21111","UOFLHEALTH,FRAZIERREHABILITATIONHOSPITAL-BROWNSBOR"
"183033","21111","BAPTIST HEALTH REHABILITATION HOSPITAL"
"183300","21067","SHRINERS HOSPITAL FOR CHILDREN"
"184000","21111","CARITAS PEACE CENTER"
"184002","21047","WESTERN STATE HOSPITAL"
"184004","21067","EASTERN STATE HOSPITAL"
"184005","21111","CENTRAL STATE HOSP"
"184006","21117","SUN BEHAVIORAL HEALTH"
"184007","21111","THE BROOK HOSPITAL - DUPONT"
"184008","21111","THE BROOK HOSPITAL - KMI"
"184009","21067","THE RIDGE BEHAVIORAL HEALTH SYSTEM"
"184011","21145","CHARTER BEHAVIORAL HEALTH SYS PADUCAH"
"184012","21093","LINCOLN TRAIL BEHAVIORAL HEALTH SYSTEM"
"184013","21059","RIVERVALLEY BEHAVIORAL HEALTH HOSPITAL"
"184014","21047","CUMBERLAND HALL"
"184015","21111","CENTRAL STATE HOSPITAL"
"184016","21227","RIVENDELL PSYCHIATRIC CENTER"
"184017","21227","RIVENDELL BEHAVIORAL HEALTH SERVICES"
"184018","21019","BELLEFONTE HOSPITAL AND RECOVERY CENTER"
"189800","21111","JEWISH HOSPITAL AND ST MARY'S HEALTHCARE"
"189801","21111","NORTON CHILDREN'S HOSPITAL"
"189802","21067","UNIVERSITY OF KENTUCKY CHANDLER HOSPITAL"
"190001","22117","WASHINGTON ST TAMMANY  REGIONAL MEDICAL CENTER"
"190002","22055","OCHSNER LAFAYETTE GENERAL MEDICAL CENTER"
"190003","22045","DAUTERIVE HOSPITAL"
"190004","22057","THIBODAUX REGIONAL MEDICAL CENTER"
"190005","22071","UNIVERSITY MEDICAL CENTER NEW ORLEANS"
"190006","22055","OCHSNER UNIVERSITY HOSPITAL AND CLINICS"
"190007","22069","NATCHITOCHES REGIONAL MEDICAL CENTER"
"190008","22109","TERREBONNE GENERAL HEALTH SYSTEM"
"190009","22079","HUEY P LONG MEDICAL CENTER"
"190010","22105","LALLIE KEMP REGIONAL MEDICAL CENTER"
"190011","22073","OCHSNER LSU HEALTH MONROE"
"190012","22001","RAYNE BRANCH HOSPITAL"
"190013","22019","WEST CALCASIEU CAMERON HOSPITAL"
"190014","22101","OCHSNER ST MARY"
"190015","22105","NORTH OAKS MEDICAL CENTER, L L C"
"190016","22071","FLINT GOODRIDGE HOSPITAL"
"190017","22097","OPELOUSAS GENERAL HEALTH SYSTEM"
"190018","22101","FRANKLIN FOUNDATION HOSPITAL"
"190019","22079","CHRISTUS ST FRANCES CABRINI HOSPITAL"
"190020","22033","LANE REGIONAL MEDICAL CENTER"
"190023","22105","E S PIKE MEMORIAL HOSPITAL"
"190025","22039","SAVOY MEDICAL CENTER"
"190026","22079","RAPIDES REGIONAL MEDICAL CENTER"
"190027","22019","CHRISTUS OCHSNER ST PATRICK HOSPITAL"
"190029","22093","ST JAMES PARISH HOSPITAL"
"190033","22053","WELSH GENERAL HOSPITAL"
"190034","22113","ABBEVILLE GENERAL HOSPITAL"
"190035","22071","UNIVERSITY HOSPITAL"
"190036","22051","OCHSNER MEDICAL CENTER"
"190037","22023","SOUTH CAMERON MEMORIAL HOSPITAL"
"190039","22051","WEST JEFFERSON MEDICAL CENTER"
"190040","22103","SLIDELL MEMORIAL HOSPITAL"
"190041","22017","CHRISTUS SHREVEPORT-BOSSIER HEALTH SYSTEM"
"190043","22113","ABROM KAPLAN MEMORIAL HOSPITAL"
"190044","22001","OCHSNER ACADIA GENERAL HOSPITAL"
"190045","22103","ST TAMMANY PARISH HOSPITAL"
"190046","22071","TOURO INFIRMARY"
"190047","22085","SABINE MEDICAL CENTER"
"190048","22057","LADY OF THE SEA GENERAL HOSPITAL"
"190049","22117","RIVERSIDE MEDICAL CENTER"
"190050","22011","BEAUREGARD MEMORIAL HOSPITAL"
"190053","22053","OCHSNER AMERICAN LEGION HOSPITAL"
"190054","22045","IBERIA MEDICAL CENTER"
"190058","22063","DIXON MEMORIAL HOSPITAL"
"190059","22077","POINTE COUPEE GENERAL HOSPITAL"
"190060","22019","LAKE CHARLES MEMORIAL HOSPITAL"
"190064","22033","FMOL HEALTH | OUR LADY OF THE LAKE"
"190065","22033","BATON ROUGE GENERAL MEDICAL CENTER"
"190067","22037","REGENT HOSP FELICIANA MED CTR INC"
"190071","22017","NORTH CADDO MEMORIAL HOSPITAL"
"190073","22035","REGENT HOSPITAL EAST CARROLL INC"
"190075","22071","MERCY HOSPITAL"
"190077","22111","TRI WARD GENERAL HOSPITAL"
"190078","22097","ACADIAN MEDICAL CENTER"
"190079","22089","ST CHARLES PARISH HOSPITAL"
"190081","22123","WEST CARROLL MEMORIAL HOSPITAL"
"190083","22049","JACKSON PARISH HOSPITAL"
"190086","22061","NORTHERN LOUISIANA MEDICAL CENTER"
"190088","22119","SPRINGHILL MEDICAL CENTER"
"190089","22029","RIVERLAND MEDICAL CENTER"
"190090","22127","WINN PARISH MEDICAL CENTER"
"190092","22051","COLUMBIA JEFFERSON MEDICAL CENTER"
"190095","22117","BOGALUSA COMMUNITY MEDICAL CENTER"
"190098","22017","OCHSNER LSU HEALTH SHREVEPORT"
"190099","22009","AVOYELLES HOSPITAL"
"190101","22107","TENSAS MEMORIAL HOSPITAL"
"190102","22055","OUR LADY OF LOURDES REGIONAL MEDICAL CENTER, INC"
"190103","22091","ST HELENA PARISH HOSPITAL"
"190106","22003","OAKDALE COMMUNITY HOSPITAL"
"190109","22057","ST ANNE GENERAL HOSPITAL"
"190110","22001","ACADIA ST LANDRY PARISH HOSPITAL"
"190111","22017","WILLIS KNIGHTON MEDICAL CENTER, INC"
"190112","22017","COLUMBIA HIGHLAND HOSPITAL"
"190113","22015","BOSSIER MEDICAL CENTER"
"190114","22027","CLAIBORNE MEMORIAL MEDICAL CENTER"
"190115","22017","DOCTORS HOSPITAL OF SHREVEPORT"
"190116","22067","MOREHOUSE GENERAL HOSPITAL"
"190117","22005","ASCENSION HOSPITAL"
"190118","22031","DESOTO REGIONAL HEALTH SYSTEM"
"190119","22097","ST LUKE GENERAL HOSPITAL"
"190120","22005","PREVOST MEMORIAL HOSPITAL"
"190122","22033","EARL K LONG MEDICAL CENTER"
"190124","22071","METHODIST HOSPITAL"
"190125","22073","FMOL HEALTH ST FRANCIS"
"190127","22017","PHYSICIANS AND SURGEONS HOSPITAL INC"
"190128","22033","WOMANS HOSPITAL"
"190130","22059","HARDTNER MEDICAL CENTER"
"190131","22047","RIVER WEST MEDICAL CENTER"
"190132","22027","NORTH CLAIBORNE HOSPITAL"
"190133","22003","ALLEN PARISH HOSPITAL"
"190134","22081","CHRISTUS COUSHATTA HEALTH CARE"
"190135","22071","OCHSNER BAPTIST MEDICAL CENTER LLC"
"190136","22099","ST MARTIN HOSPITAL"
"190137","22085","PLEASANT HILL GENERAL HOSPITAL"
"190138","22071","EYE EAR NOSE AND THROAT HOSPITAL"
"190139","22113","REGENT HOSPITAL ACADIANA INC"
"190140","22041","FRANKLIN MEDICAL CENTER"
"190141","22025","CATAHOULA PARISH HOSPITAL"
"190142","22125","WEST FELICIANA PARISH HOSPITAL"
"190144","22119","MINDEN MEDICAL CENTER"
"190145","22059","LASALLE GENERAL HOSPITAL"
"190146","22051","EAST JEFFERSON GENERAL HOSPITAL"
"190147","22105","HOOD MEMORIAL HOSPITAL"
"190148","22009","BUNKIE GENERAL HOSPITAL"
"190149","22083","RICHLAND PARISH HOSPITAL DELHI"
"190151","22083","RICHARDSON MEDICAL CENTER"
"190152","22051","MEADOWCREST HOSPITAL"
"190155","22007","ASSUMPTION GENERAL HOSPITAL"
"190156","22065","MADISON PARISH HOSPITAL"
"190157","22101","FAIRVIEW HOSPITAL"
"190158","22071","ST CHARLES SPECIALTY  HOSPITAL"
"190160","22073","GLENWOOD REGIONAL MEDICAL CENTER"
"190161","22019","W O MOSS REGIONAL MEDICAL CENTER"
"190162","22071","ST CLAUDE MEDICAL CENTER"
"190163","22115","LEESVILLE GENERAL HOSPITAL"
"190164","22115","BYRD REGIONAL HOSPITAL"
"190165","22013","BIENVILLE GENERAL HOSPITAL"
"190166","22011","MERRYVILLE GENERAL HOSPITAL"
"190167","22039","MERCY REGIONAL MEDICAL CENTER"
"190169","22113","GUEYDAN MEMORIAL HOSPITAL"
"190170","22111","UNION GENERAL HOSPITAL"
"190173","22071","JO ELLEN SMITH MEMORIAL HOSPITAL"
"190175","22095","RIVER PARISHES HOSPITAL"
"190176","22051","EAST JEFFERSON GENERAL HOSPITAL"
"190177","22103","LAKEVIEW REGIONAL MEDICAL CENTER"
"190178","22073","STERLINGTON HOSPITAL INC"
"190179","22079","RIVER NORTH TREATMENT CENTER"
"190180","22071","MONTELEPRE MEMORIAL HOSPITAL"
"190182","22051","LAKESIDE HOSPITAL"
"190183","22109","LEONARD J CHABERT MEDICAL CENTER"
"190184","22021","CITIZENS MEDICAL CENTER"
"190185","22087","CHALMETTE MEDICAL CENTER"
"190186","22019","DEQUINCY MEMORIAL HOSPITAL"
"190187","22071","NEW ORLEANS GENERAL HOSPITAL"
"190188","22075","PLAQUEMINES PARISH GENERAL HOSPITAL"
"190189","22015","SOUTHWEST MEDICAL CENTER, INC"
"190190","22021","CALDWELL MEMORIAL HOSPITAL, INC"
"190191","22097","DOCTORS HOSPITAL OF OPELOUSAS"
"190193","22095","RIVER PARISHES HOSPITAL"
"190194","22017","WILLIS KNIGHTON SOUTH HOSP"
"190195","22099","OUR LADY OF LOURDES ST MARTIN"
"190196","22055","WOMEN'S AND CHILDREN'S HOSPITAL"
"190197","22073","ST FRANCIS NORTH HOSPITAL, INC"
"190198","22105","NORTH OAKS MEDICAL CTR NORTH CAMPUS"
"190199","22037","VILLA FELICIANA MEDICAL COMPLEX"
"190200","22071","LAKELAND MEDICAL CENTER"
"190201","22019","CHRISTUS OCHSNER LAKE AREA HOSPITAL"
"190202","22033","OCHSNER MEDICAL CENTER - BATON ROUGE"
"190203","22051","DOCTORS HOSPITAL OF JEFFERSON"
"190204","22103","OCHSNER MEDICAL CENTER - NORTHSHORE, L L C"
"190205","22055","WOMEN'S AND CHILDREN'S HOSPITAL"
"190206","22051","KENNER REGIONAL MEDICAL CENTER"
"190207","22005","RIVERVIEW MEDICAL CENTER"
"190208","22035","EAST CARROLL PARISH HOSPITAL"
"190209","22025","CATAHOULA PARISH HOSP"
"19020E","22071","ST CLAUDE HOSP"
"190210","22107","TENSAS MEMORIAL HOSPITAL"
"190211","22079","BAYOU RAPIDES MEDICAL CTR"
"190212","22017","CADDO OAKS HOSP AFFILIATED HLTH"
"190213","22063","DIXON MED CTR"
"190214","22073","OUACHITA MEDICAL CENTER"
"190215","22051","LONG TERM ACUTE CARE CENTER INC"
"190216","22051","SHORELINE MEDICAL CENTER"
"190217","22017","HIGHLAND HILLS HOSPITAL"
"190218","22085","SABINE MEDICAL CENTER"
"190219","22033","PARKLAND MEDICAL CENTER"
"190220","22071","T H C NEW ORLEANS"
"190221","22017","NORTH LOUISIANA REGIONAL HOSP"
"190222","22017","LAGNIAPPE HOSPITAL"
"190223","22093","IHS RIVER REGION HOSP OF VACHERIE"
"190224","22047","CARING INC"
"190225","22085","AMALGAM HOSP"
"190226","22055","VERMILION HOSPITAL"
"190227","22033","CONCORD HOSPITAL"
"190228","22119","MEADOWBROOK HOSPITAL"
"190229","22079","DUBUIS HOSP FOR CONTINUNING CARE,THE"
"190230","22079","RAPIDES WOMEN'S HOSPITAL"
"190231","22033","BATON ROUGE GEN HOSP CTR"
"190232","22021","RIVERBEND REHAB HOSP"
"190233","22099","SPECTRUM HOSP OF BREAUX BRIDGE"
"190234","22019","EXTENDED CARE OF SOUTHWEST LA"
"190235","22055","ST BRENDAN REHAB & SPECIALTY HOSPITAL"
"190236","22015","WILLIS KNIGHTON BOSSIER HEALTH CENTER"
"190237","22071","SPECIALTY HOSPITAL OF NEW ORLEANS"
"190238","22019","DUBUIS H CONTINUING CARE LAKE CHARLES"
"190239","22017","DUBUIS HOSP CONTINUING CARE SHREVEPORT"
"190240","22081","CHRISTUS COUSHATTA HEALTH CARE CENTER"
"190241","22109","PHYSICIANS MEDICAL CENTER"
"190242","22005","ST ELIZABETH HOSPITAL"
"190243","22051","SELECT SPECIALTY HOSPITAL"
"190245","22073","MONROE SURGICAL HOSPITAL"
"190246","22073","P & S SURGICAL HOSPITAL"
"190247","22033","SEMPER CARE HOSPITAL OF BATON ROUGE"
"190248","22079","HEALTHSOUTH RIVERSIDE HOSPITAL"
"190249","22033","VISTA SURGICAL HOSPITAL"
"190250","22103","LOUISIANA HEART HOSPITAL"
"190251","22033","SURGICAL SPECIALTY CENTER OF BATON ROUGE"
"190252","22033","CYPRESS REHABILITATION HOSPITAL"
"190253","22071","BYWATER HOSPITAL"
"190254","22033","BATON ROUGE SPECIALTY MEDICAL CENTER"
"190255","22055","PARK PLACE SURGICAL HOSPITAL"
"190256","22103","STERLING SURGICAL HOSPITAL"
"190257","22061","GREEN CLINIC SURGICAL HOSPITAL"
"190258","22015","BOSSIER SPECIALTY HOSPITAL"
"190259","22055","LAFAYETTE SURGICAL SPECIALTY HOSPITAL"
"190260","22071","LINDY BOGGS MEDICAL CENTER"
"190261","22073","OUACHITA COMMUNITY HOSPITAL"
"190262","22103","REGENCY HOSPITAL OF COVINGTON"
"190263","22055","HEART HOSPITAL OF LAFAYETTE"
"190264","22127","SPECIALITY HOSPITAL OF WINNFIELD"
"190265","22073","LOUISIANA EXTENDED CARE HOSP WEST MONROE"
"190266","22033","THE SPINE HOSPITAL OF LOUISIANA"
"190267","22103","AVALA"
"190268","22055","LAFAYETTE GENERAL SURGICAL HOSPITAL"
"190270","22103","OUR LADY OF THE LAKE SURGICAL HOSPITAL"
"190271","22071","EAST SIDE HOSPITAL"
"190272","22055","SOUTHPARK COMMUNITY HOSPITAL"
"190273","22033","GREATER BATON ROUGE SURGICAL HOSPITAL"
"190274","22051","OCHSNER MEDICAL CENTER-KENNER"
"190275","22051","OCHSNER MEDICAL CENTER-WESTBANK LLC"
"190276","22017","ST LUKE'S REHABILITATION HOSPITAL OF SHREVEPORT"
"190277","22119","COMMUNITY SPECIALTY HOSPITAL OF NORTH LOUISIANA"
"190278","22017","SPECIALISTS HOSPITAL SHREVEPORT"
"190297","22115","DOCTORS HOSPITAL AT DEER CREEK L L C"
"190298","22079","CHRISTUS CENTRAL LOUISIANA SURGICAL HOSPITAL"
"190299","22103","LTAC OF SLIDELL"
"190300","22071","ST CHARLES SURGICAL HOSPITAL, LLC"
"190302","22051","OMEGA HOSPITAL, LLC"
"190303","22105","CYPRESS POINTE SURGICAL HOSPITAL"
"190304","22045","IBERIA REHABILITATION HOSPITAL"
"190307","22023","SOUTH CAMERON MEMORIAL HOSPITAL"
"190308","22087","ST BERNARD PARISH HOSPITAL"
"190310","22089","SPECIALTY REHABILITATION HOSPITAL OF LULING"
"190312","22117","FMOL HEALTH OUR LADY OF THE ANGELS"
"190313","22071","NEW ORLEANS EAST HOSPITAL"
"190314","22105","SOUTHEAST REGIONAL MEDICAL CENTER"
"190315","22019","AVAIL HOSPITAL LAKE CHARLES"
"190316","22033","THE GENERAL"
"190317","22017","OCHSNER LSU HEALTH SHREVEPORT-ST MARY MEDICAL CENT"
"190318","22097","ACADIAN MEDICAL CENTER"
"190319","22079","ALEXANDRIA HOSPITAL"
"190320","22005","RISE COMMUNITY HOSPITAL"
"19036E","22071","EAR EYE NOSE & THROAT HOSPITAL"
"19038E","22017","SHRINERS HOSP FOR CRIPPLED CHILDREN"
"19042F","22079","US AIR FORCE HOSP"
"19043F","22079","VA HOSP"
"19044F","22015","US AIR FORCE HOSP"
"19045F","22047","US PUBLIC HEALTH SERVICE HOSP"
"19046F","22071","US PUBLIC HEALTH SERVICE HOSP"
"19047F","22071","VA HOSP"
"19048F","22017","VA HOSP"
"19050F","22115","BAYNE JONES ARMY COMMUNITY HOSPITAL"
"19066E","22079","FUQUA HOSP"
"19071E","22071","MONTELEPRE MEM HOSP"
"19072E","22081","L HERISSON-HANNA CLINIC & HOSP"
"19073E","22113","ABBEVILLE CLINIC"
"190779","22007","FMOL HEALTH OUR LADY OF THE LAKE ASSUMPTION COMMU"
"19080E","22055","ST ANN INFIRMARY"
"19089E","22097","ST LANDRY CLINIC"
"19092E","22075","PLAQUEMINES PARISH GEN HOSP"
"19096E","22117","MCGEHEE CLINIC & HOSP"
"19100E","22085","SABINE CLINIC & HOSP"
"19107E","22047","WHITE CASTLE HOSP"
"19113E","22065","MADISON PARISH HOSP"
"19115E","22073","STERLINGTON HOSPITAL"
"19117E","22115","BROYLES CLINIC & HOSP"
"19119E","22011","MERRYVILLE GENERAL HOSP"
"191300","22091","ST HELENA PARISH HOSPITAL"
"191301","22111","UNION GENERAL HOSPITAL"
"191302","22099","OCHSNER ST MARTIN HOSPITAL"
"191303","22007","ASSUMPTION COMMUNITY HOSPITAL"
"191304","22017","NORTH CADDO MEDICAL CENTER"
"191305","22093","ST JAMES PARISH HOSPITAL"
"191306","22125","WEST FELICIANA PARISH HOSPITAL"
"191307","22019","DEQUINCY MEMORIAL HOSPITAL"
"191308","22005","PREVOST MEMORIAL HOSPITAL"
"191309","22105","HOOD MEMORIAL HOSPITAL"
"191310","22101","BAYOU BEND HEALTH SYSTEM"
"191311","22009","BUNKIE GENERAL HOSPITAL"
"191312","22081","CHRISTUS COUSHATTA HEALTH CARE CENTER"
"191313","22117","RIVERSIDE MEDICAL CENTER"
"191314","22065","MADISON PARISH HOSPITAL"
"191315","22059","HARDTNER MEDICAL CENTER"
"191316","22077","POINTE COUPEE GENERAL HOSPITAL"
"191317","22049","JACKSON PARISH HOSPITAL"
"191318","22029","TRINITY MEDICAL"
"191319","22001","ACADIA ST LANDRY"
"191320","22013","BIENVILLE MEDICAL CENTER"
"191321","22105","LALLIE KEMP MEDICAL CENTER"
"191322","22113","OCHSNER ABROM KAPLAN MEMORIAL HOSPITAL"
"191323","22083","RICHLAND PARISH HOSPITAL-DELHI"
"191324","22057","OCHSNER ST ANNE GENERAL HOSPITAL"
"191325","22057","LADY OF THE SEA GENERAL HOSPITAL"
"191326","22111","REEVES MEMORIAL MEDICAL CENTER"
"191327","22123","WEST CARROLL MEMORIAL HOSPITAL"
"192003","22033","GREENWELL SPRINGS HOSPITAL"
"192004","22033","BATON ROUGE SPECIALTY HOSPITAL"
"192005","22071","PHYSICIANS HOSPITAL OF NEW ORLEANS"
"192006","22015","CORNERSTONE POST ACUTE CARE OF BOSSIER"
"192007","22051","BRIDGEPOINT CONTINUING CARE HOSPITAL"
"192008","22063","SAGE SPECIALTY HOSPITAL"
"192009","22071","PAM HEALTH SPECIALTY HOSPITAL OF NEW ORLEANS"
"192010","22017","INTENSIVE SPECIALTY HOSPITAL"
"192011","22017","PAM HEALTH SPECIALTY HOSPITAL OF SHREVEPORT"
"192012","22079","RIVERSIDE HOSPITAL-EAST"
"192013","22019","SAGE SPECIALTY HOSPITAL OF LAKE CHARLES"
"192014","22051","CRESCENT CITY SPECIALTY HOSPITAL"
"192015","22051","OCHSNER EXTENDED CARE HOSPITAL"
"192016","22073","SPECIALTY HOSPITAL"
"192017","22099","SPECTRUM HOSPITAL OF BREAUX BRIDGE"
"192018","22017","WINWARD HOSP"
"192019","22019","MEMORIAL SPECIALTY HOSPITAL"
"192020","22055","COMMUNITY REHABILITATION HOSPITAL OF LAFAYETTE"
"192021","22055","ST BRENDAN REHAB & SPECIALTY HOSPITAL"
"192022","22061","RUSTON REGIONAL SPECIALTY HOSPITAL"
"192023","22103","NORTHSHORE EXTENDED CARE HOSPITAL"
"192024","22019","DUBUIS HOSPITAL OF LAKE CHARLES"
"192025","22017","DUBUIS HOSPITAL OF SHREVEPORT"
"192026","22119","COMMUNITY SPECIALTY HOSPITAL OF NORTH LOUISIANA"
"192027","22033","OASIS REHABILITATION HOSPITAL"
"192028","22029","RIVERBRIDGE SPECIALTY HOSPITAL"
"192029","22055","LAFAYETTE - A M G SPECIALTY HOSPITAL"
"192030","22071","BLIANT SPECIALTY HOSPITAL, LLC"
"192031","22073","CORNERSTONE SPECIALTY HOSPITALS WEST MONROE"
"192032","22055","LOUISIANA EXTENDED CARE HOSPITAL OF LAFAYETTE"
"192033","22055","P A M SPECIALTY HOSPITAL OF LAFAYETTE"
"192034","22097","ST LANDRY EXTENDED CARE HOSPITAL"
"192035","22069","LOUISIANA EXTENDED CARE HOSPITAL OF NATCHITOCHES"
"192036","22105","P A M SPECIALTY HOSPITAL OF HAMMOND"
"192037","22109","HOUMA - AMG SPECIALTY HOSPITAL"
"192038","22051","LIFE CARE HOSPITAL OF NEW ORLEANS KENNER REGIONAL"
"192039","22033","PARAGON LONG TERM ACUTE CARE HOSPITAL"
"192040","22105","HOLY SPIRIT COMFORT & HEALING CENTERS INC"
"192041","22033","ZACHARY - A M G SPECIALTY HOSPITAL"
"192042","22013","LOUISIANA EXTENDED CARE HOSP"
"192043","22079","RIVERSIDE HOSPITAL OF LOUISIANA"
"192044","22033","SELECT SPECIALTY HOSPITAL - BATON ROUGE"
"192045","22005","SEASIDE HEALTH SYSTEM"
"192046","22103","SLIDELL - A M G SPECIALTY HOSPITAL"
"192047","22071","HEALTHSOUTH SPECIALTY HOSPITAL OF NEW ORLEANS"
"192048","22103","P A M SPECIALTY HOSPITAL OF COVINGTON"
"192049","22033","PROMISE HOSPITAL OF BATON ROUGE, INC"
"192050","22001","KAILO L T A C HOSPITAL, L  L C"
"192051","22103","COVINGTON - A M G SPECIALTY HOSPITAL"
"192052","22127","SPECIALTY HOSPITAL OF WINNFIELD, INC"
"192053","22055","ST LUKE'S SPECIALTY HOSPITAL OF SUNSET, LLC"
"192054","22071","ST CHARLES SPECIALTY HOSPITAL"
"192055","22073","LOUISIANA EXTENDED CARE HOSPITAL OF WEST MONROE"
"192056","22057","GULF STATES LTAC OF LAFOURCHE"
"192057","22055","SAGE SPECIALTY AND REHABILITATION CENTER OF LAFAYE"
"192058","22105","SOUTHEAST REGIONAL MEDICAL CENTER"
"193026","22033","HEALTHSOUTH REHAB HOSPITAL OF SOUTH LA"
"193027","22061","NORTH LOUISIANA REHAB HOSPITAL"
"193028","22033","BATON ROUGE REHAB HOSPITAL"
"193029","22071","MONTELEPRE EXTENDED CARE HOSP INC"
"193030","22015","SUMMIT INST OF PULMONARY MED AND REHAB"
"193031","22079","ENCOMPASS HEALTH REHABILITATION HOSPITAL OF ALEXAN"
"193032","22017","LIFECARE HOSPITAL INC"
"193033","22017","LAGNIAPPE HOSPITAL"
"193034","22071","TOURO REHABILITATION CENTER"
"193035","22019","SUMMITT INSTITUTE OF SW LOUISIANA"
"193036","22097","REHABILITATION HOSPITAL OF ACADIANA"
"193037","22013","SATELLITE REHAB"
"193038","22055","REHABILITATION HOSPITAL OF LAFAYETTE"
"193039","22073","ST FRANCIS SPECIALITY HOSPITAL"
"193040","22111","COMM REHAB HOSP"
"193041","22103","RIVERBEND REHABILITATION HOSPITAL"
"193042","22087","LIFE CARE HOSP OF NEW ORLEANS"
"193043","22017","WINWARD HOSP"
"193044","22105","NORTH OAKS REHABILITATION HOSPITAL, L L C"
"193045","22029","PROFESSIONAL REHABILITATION HOSPITAL"
"193046","22111","BERNICE COMMUNITY REHAB HOSPITAL"
"193047","22113","VERMILION REHABILITATION HOSPITAL"
"193048","22071","WINWARD HOSPITAL EAST LAKE"
"193049","22113","REHABILITATION HOSPITAL OF KAPLAN"
"193050","22115","TITAN REHABILITATION HOSPITAL OF ROSEPINE"
"193051","22033","OASIS REHABILITATION HOSPITAL"
"193052","22117","BOGALUSA COMMUNITY REHABILITATION HOSPITAL"
"193053","22005","COMMUNITY REHABILITATION HOSPITAL BATON ROUGE"
"193054","22073","MONROE REGIONAL ACUTE REHAB HOSPITAL"
"193055","22021","RIVERBEND REHABILITATION HOSPITAL"
"193056","22033","LAKEWOOD QUARTERS REHABILITATION"
"193057","22055","GRAND OAKS REHAB HOSPITAL"
"193058","22073","RIVERBEND REHABILITATION HOSPITAL"
"193059","22071","PREFERRED REHABILITATION HOSPITAL"
"193060","22089","ST CHARLES SPECIALTY REHABILITATION HOSPITAL LLC"
"193061","22051","ST JOHN'S SPECIALTY HOSPITAL"
"193062","22055","OASIS HOSPITAL OF LAFAYETTE"
"193063","22105","HAMMOND REHABILITATION HOSPITAL LLC"
"193064","22089","SPECIALTY REHABILITATION HOSPITAL OF LULING"
"193065","22103","MANDEVILLE REHABILITATION HOSPITAL"
"193066","22111","MARION REHAB HOSPITAL"
"193067","22053","REHABILITATION HOSPITAL OF JENNINGS"
"193068","22105","SOUTHEAST REGIONAL MEDICAL CENTER"
"193069","22067","STERLINGTON REHABILITATION HOSPITAL"
"193070","22047","ACCORD REHABILITATION HOSPITAL"
"193071","22037","CLINTON REHABILITATION HOSPITAL"
"193072","22071","OASIS REHABILITATION HOSPITAL"
"193073","22097","ST LANDRY EXTENDED CARE HOSPITAL"
"193074","22051","UNITED MEDICAL HEALTHWEST-NEW ORLEANS"
"193075","22083","RICHLAND PARISH REHABILITATION HOSPITA"
"193076","22103","PREMIER PHYSICAL REHABILITATION HOSPIT"
"193077","22057","ST ANNE REHABILITATION HOSPITAL"
"193078","22033","SAGE REHABILITATION HOSPITAL"
"193079","22105","OASIS POINT REHABILITATION HOSPITAL"
"193080","22081","SPECIALTY REHABILITATION HOSPITAL"
"193081","22001","LOUISIANA EXTENDED CARE HOSPITAL"
"193082","22073","PREMIER REHABILITATION HOSPITAL"
"193083","22017","ST LUKE'S REHABILITATION HOSPITAL OF SHREVEPORT"
"193084","22101","LOUISIANA EXTENDED CARE HOSPITAL OF MORGAN CITY"
"193085","22071","HEALTHSOUTH SPECIALTY HOSPITAL"
"193086","22115","LEESVILLE REHABILITATION HOSPITAL"
"193087","22055","ST LUKE'S REHABILITATION HOSPITAL OF LAFAYETTE"
"193088","22001","CROWLEY REHAB HOSP, LLC"
"193089","22005","ASCENSION GONZALES REHABILITATION HOSPITAL"
"193090","22033","THE NEUROMEDICAL CENTER REHABILITATION HOSPITAL, L"
"193091","22045","TECHE SPECIALTY HOSPITAL"
"193092","22033","BETHESDA REHABILITATION HOSPITAL"
"193093","22055","LAFAYETTE-AMG PHYSICAL REHABILITATION HOSPITAL"
"193094","22015","PATHWAY REHABILITATION HOSPITAL OF BOSSIER"
"193095","22071","PELICAN REHABILITATION HOSPITAL, LLC"
"193096","22055","ACADIANA REHABILITATION"
"193097","22103","COVINGTON - A M G PHYSICAL REHABILITATION HOSPITAL"
"193098","22071","COBALT REHABILITATION HOSPITAL NEW ORLEANS"
"193099","22051","OCHSNER REHABILITATION HOSPITAL"
"193300","22071","MANNING FAMILY CHILDRENS"
"193301","22017","SHRINERS HOSPITALS FOR CHILDREN"
"194000","22071","DE PAUL HOSP"
"194002","22079","CENTRAL LOUISIANA STATE HOSP"
"194004","22017","CPC BRENTWOOD HOSP"
"194006","22071","CPC COLISEUM MEDICAL CENTER"
"194007","22103","NORTHLAKE BEHAVIORAL HEALTH SYSTEM"
"194008","22037","EASTERN LA MENTAL HEALTH SYSTEM"
"194009","22033","GREENWELL SPRINGS HOSPITAL"
"194010","22055","CYPRESS HOSPITAL"
"194011","22073","WOODLAND HILLS HOSPITAL"
"194012","22071","NEW ORLEANS ADOLESCENT HOSPITAL"
"194013","22033","PARKLAND HOSPITAL"
"194014","22103","HSA GREENBRIER HOSP"
"194015","22103","DEPAUL COVINGTON HOSPITAL"
"194016","22071","JO ELLEN SMITH PSYCHIATRIC HOSPITAL"
"194018","22019","CHARTER HOSP OF LAKE CHARLES"
"194019","22103","NORTHSHORE PSYCHIATRIC HOSPITAL"
"194020","22017","BRENTWOOD HOSPITAL"
"194021","22033","CHARIS HOSPITAL"
"194022","22079","LONGLEAF HOSPITAL"
"194023","22071","NEUROLOGICAL & BEHAVIORAL INSTITUTE OF"
"194024","22109","BAYOU OAKS HOSPITAL"
"194025","22079","CENTRAL LOUISIANA STATE HOSPITAL"
"194026","22093","RIVER REGION HOSPITAL"
"194027","22071","EAST LAKE HOSPITAL"
"194028","22055","CHARTER CYPRESS BEHAVIORAL HEALTH SYS"
"194029","22079","RIVER NORTH HOSPITAL"
"194030","22051","RIVER BEND HOSP"
"194031","22051","RIVER OAKS HOSPITAL"
"194032","22073","NORTH MONROE PAVILION"
"194033","22097","TECHE RECOVERY CTR"
"194035","22103","THREE RIVERS HOSPITAL"
"194036","22017","BRENTWOOD BEHAVIORAL HEALTHCARE"
"194037","22047","CARING INC"
"194038","22033","PARKLAND MEDICAL CENTER"
"194039","22017","HIGHLAND HILLS HOSPITAL"
"194040","22025","CATAHOULA CARING CENTER LCC"
"194041","22085","AMALGAM HOSP"
"194042","22051","RIVER OAKS CHILD & ADOLESCENT HOSPITAL"
"194043","22071","ORLEANS REGIONAL HOSPITAL"
"194044","22055","VERMILION BEHAVIORAL HEALTH SYSTEMS"
"194045","22073","OUACHITA MED CTR"
"194047","22119","MEADOWBROOK HOSPITAL"
"194048","22079","BAYOU RAPIDES HOSP"
"194049","22017","CADDO OAKS HOSP"
"194050","22051","SHORELINE MEDICAL CTR"
"194051","22095","LA PLACE ADOLESCENT PSYCHIATRIC HOSP"
"194052","22059","LOUISIANA YOUTH ACADEMY"
"194053","22027","MADISON PARISH ADOLESCENT"
"194054","22055","NORTHSIDE TREATMENT CTR"
"194055","22017","FAIRFIELD HOSP"
"194056","22071","COMMUNITY CARE HOSPITAL"
"194057","22069","CANE RIVER ADOLESCENT HOSP"
"194058","22073","LAKEVIEW REGIONAL HOSPITAL"
"194059","22031","STONEWALL MEDICAL CENTER"
"194060","22073","ST PATRICKS PSYCHIATRIC HOSPITAL"
"194062","22031","FOREST VIEW HOSPITAL"
"194063","22051","BEHAVIORAL HOSPITAL OF KENNER"
"194064","22031","GREEN HILL HOSPITAL"
"194065","22061","HEALTH PARADIGM MEDICAL CENTER"
"194066","22033","BEHAVIORAL HOSPITAL OF BATON ROUGE"
"194067","22111","EDGEWOOD HOSPITAL"
"194068","22031","GREEN HILL HOSPITAL"
"194069","22103","COVINGTON BEHAVIORAL HEALTH"
"194070","22073","GOLDEN AGE SENIOR CARE HOSPITAL"
"194071","22033","CYPRESS PSYCHIATRIC HOSPITAL"
"194072","22017","BEHAVIORAL HOSPITAL OF SHREVEPORT"
"194073","22055","OCEANS HOSPITAL OF BROUSSARD"
"194074","22061","SERENITY SPRINGS SPECIALTY HOSPITAL"
"194075","22053","WESTEND HOSPITAL"
"194076","22127","OCEANS BEHAVIORAL HOSPITAL OF WINNFIELD"
"194077","22061","HEALTH PARADIGM HOSPITAL"
"194078","22055","OPTIMA SPECIALTY HOSPITAL"
"194079","22015","RED RIVER BEHAVIORAL CENTER, LLC"
"194080","22103","BEACON BEHAVIORAL HOSPITAL - NORTHSHORE, LLC"
"194081","22011","OCEANS BEHAVIORAL HOSPITAL OF DERIDDER"
"194082","22053","COMPASS SENIOR CARE HOSPITAL"
"194083","22067","FREEDOM BEHAVIORAL HOSPITAL OF BASTROP"
"194084","22071","BEACON BEHAVIORAL HOSPITAL- NEW ORLEANS, LLC"
"194085","22055","COMPASS BEHAVIORAL CENTER OF LAFAYETTE"
"194086","22033","OCEANS BEHAVIORAL HOSPITAL OF BATON ROUGE"
"194087","22073","FREEDOM BEHAVIORAL HOSPITAL OF MONROE"
"194088","22005","ST JAMES BEHAVIORAL HEALTH HOSPITAL, INC"
"194089","22099","GENESIS BEHAVIORAL HOSPITAL"
"194090","22019","OCEANS BEHAVIORAL HOSPITAL OF LAKE CHARLES"
"194091","22105","OCEANS BEHAVIORAL HOSPITAL OF HAMMOND"
"194092","22041","ENDEAVOR SENIORCARE HOSPITAL"
"194093","22031","STONEWALL HOSPITAL"
"194094","22017","PHYSICIANS BEHAVIORAL HOSPITAL"
"194095","22097","OCEANS BEHAVIORAL HOSPITAL OF OPELOUSAS"
"194096","22079","OCEANS BEHAVIORAL HOSPITAL OF ALEXANDRIA"
"194097","22001","PHOENIX BEHAVIORAL HOSPITAL"
"194098","22051","OCEANS BEHAVIORAL HOSPITAL OF GREATER NEW ORLEANS"
"194099","22033","FOCUS BEHAVIORAL HOSPITAL"
"194100","22071","SEASIDE BEHAVIORAL CENTER"
"194101","22033","BEHAVIOR HOSPITAL OF SOUTHEAST LA, LLC"
"194102","22093","BEACON BEHAVIORAL HOSPITAL, LLC"
"194103","22033","SEASIDE HEALTH SYSTEM"
"194105","22033","APOLLO BEHAVIORAL HEALTH HOSPITAL, L L C"
"194106","22079","COMPASS BEHAVIORAL CENTER OF ALEXANDRIA, INC"
"194107","22033","BATON ROUGE BEHAVIORAL HOSPITAL"
"194109","22109","COMPASS BEHAVIORAL CENTER OF HOUMA, LLC"
"194110","22031","OCEANS BEHAVIORAL HOSPITAL OF DESOTO"
"194111","22097","KAILO BEHAVIORAL HOSPITAL, L L C"
"194112","22009","BEACON BEHAVIORAL HOSPITAL - CENTRAL"
"194113","22051","PERIMETER BEHAVIORAL HOSPITAL OF NEW ORLEANS"
"194114","22095","RIVER PLACE BEHAVIORAL HEALTH"
"194115","22033","REGIONS BEHAVIORAL HOSPITAL"
"194116","22017","LOUISIANA BEHAVIORAL HEALTH"
"194117","22105","UNIVERSAL BEHAVIORAL HEALTH HOSPITAL"
"194118","22079","MERCY BEHAVIORAL HOSPITAL"
"194119","22029","FREEDOM BEHAVIORAL HOSPITAL OF FERRIDAY"
"194120","22019","FREEDOM BEHAVIORAL HOSPITAL OF LAKE CHARLES"
"194121","22115","FREEDOM BEHAVIORAL HOSPITAL OF LEESVILLE"
"194122","22073","GBC BEHAVIORAL HEALTH"
"199801","22051","EAST JEFFERSON GENERAL HOSPITAL"
"199802","22051","OCHSNER FOUNDATION HOSPITAL"
"199803","22071","THE CRIPPLED CHILDREN'S HOSPITAL, INC"
"199804","22017","WILLIS-KNIGHTON MEDICAL CENTER"
"200001","23019","ST JOSEPH HOSPITAL"
"200002","23015","MILES MEMORIAL HOSPITAL INC (LINCOLN COUNTY HC)"
"200003","23019","MILLINOCKET REGIONAL HOSPITAL"
"200005","23003","VAN BUREN COMMUNITY HOSPITAL"
"200006","23015","ST ANDREWS HOSPITAL"
"200007","23005","BRIDGTON HOSPITAL"
"200008","23005","NORTHERN LIGHT MERCY HOSPITAL"
"200009","23005","MAINEHEALTH MAINE MEDICAL CENTER"
"200012","23025","REDINGTON FAIRVIEW GENERAL HOSPITAL"
"200013","23027","WALDO COUNTY GENERAL HOSPITAL"
"200015","23011","KENNEBEC VALLEY MEDICAL CENTER"
"200016","23017","RUMFORD HOSPITAL"
"200017","23005","BRIGHTON MEDICAL CENTER"
"200018","23003","NORTHERN LIGHT A R GOULD HOSPITAL"
"200019","23031","SOUTHERN MAINE HEALTH CARE"
"20001F","23019","US AIR FORCE HOSP"
"200020","23031","YORK HOSPITAL"
"200021","23005","MAINEHEALTH MID COAST HOSPITAL"
"200023","23021","CHARLES A DEAN MEMORIAL HOSPITAL"
"200024","23001","CENTRAL MAINE MEDICAL CENTER"
"200025","23005","PARKVIEW ADVENTIST MEDICAL CENTER"
"200026","23003","HOULTON REGIONAL HOSPITAL"
"200027","23029","DOWN EAST COMMUNITY HOSPITAL"
"200028","23025","SEBASTICOOK VALLEY HOSPITAL"
"20002F","23003","US AIR FORCE HOSP"
"200031","23003","CARY MEDICAL CENTER"
"200032","23017","STEPHENS MEMORIAL HOSPITAL"
"200033","23019","NORTHERN LIGHT EASTERN MAINE MEDICAL CENTER"
"200034","23001","ST MARY'S REGIONAL MEDICAL CENTER"
"200037","23007","FRANKLIN MEMORIAL HOSPITAL"
"200038","23009","MT DESERT ISLAND HOSPITAL"
"200039","23011","MAINEGENERAL MEDICAL CENTER"
"20003F","23011","VA HOSP"
"200040","23031","HENRIETTA D GOODALL HOSPITAL"
"200041","23011","NORTHERN LIGHT INLAND HOSPITAL"
"200043","23005","WESTBROOK COMMUNITY HOSPITAL"
"200044","23005","REGIONAL MEMORIAL HOSPITAL"
"200047","23019","TAYLOR HOSPITAL"
"200049","23009","CASTINE COMMUNITY HOSPITAL"
"20004E","23019","UTTERBACK PRIVATE HOSP"
"200050","23009","NORTHERN LIGHT MAINE COAST HOSPITAL"
"200051","23009","BLUE HILL MEMORIAL HOSPITAL"
"200052","23003","NORTHERN MAINE MEDICAL CENTER"
"200055","23029","CALAIS REGIONAL HOSPITAL"
"200056","23005","PINELAND CTR HOSP-ACUTE UNIT"
"200058","23011","AUGUSTA MENTAL HEALTH INSTITUTE"
"20005E","23019","BANGOR STATE HOSP"
"200062","23019","PENOBSCOT VALLEY HOSPITAL"
"200063","23013","MAINEHEALTH PEN BAY HOSPITAL"
"200066","23021","MAYO REGIONAL HOSPITAL"
"20009E","23031","SACO OSTEOPATHIC HOSP"
"20011E","23021","MILO COMMUNITY HOSP"
"20012E","23019","PLUMMER MEMORIAL HOSPITAL"
"20013E","23005","JACKSON BROOK INSTITUTE"
"201300","23009","NORTHERN LIGHT BLUE HILL MEMORIAL HOSPITAL"
"201301","23021","NORTHERN LIGHT C A DEAN HOSPITAL"
"201302","23015","MAINEHEALTH LINCOLN HOSPITAL"
"201303","23019","PENOBSCOT VALLEY HOSPITAL"
"201304","23009","MOUNT DESERT ISLAND HOSPITAL"
"201305","23029","CALAIS COMMUNITY HOSPITAL"
"201306","23017","RUMFORD  HOSPITAL"
"201307","23019","MILLINOCKET REGIONAL HOSPITAL"
"201308","23003","HOULTON REGIONAL HOSPITAL"
"201309","23021","NORTHERN LIGHT MAYO HOSPITAL"
"201310","23005","BRIDGTON HOSPITAL"
"201311","23029","DOWN EAST COMMUNITY HOSPITAL"
"201312","23027","MAINEHEALTH WALDO HOSPITAL"
"201313","23025","NORTHERN LIGHT SEBASTICOOK VALLEY HOSPITAL"
"201314","23025","REDINGTON FAIRVIEW GENERAL HOSPITAL"
"201315","23017","MAINEHEALTH STEPHENS HOSPITAL"
"201316","23007","MAINEHEALTH FRANKLIN HOSPITAL"
"201317","23003","NORTHERN MAINE MEDICAL CENTER"
"203025","23005","NEW ENGLAND REHABILITATION HOSPITAL OF PORTLAND, A"
"204002","23011","AUGUSTA MENTAL HLTH INST"
"204004","23019","DOROTHEA DIX PSYCHIATRIC CENTER"
"204005","23005","MAINEHEALTH BEHAVIORAL HEALTH AT SPRING HARBOR"
"204006","23019","NORTHERN LIGHT ACADIA HOSPITAL"
"204007","23011","RIVERVIEW PSYCHIATRIC CENTER"
"204008","23011","RIVERVIEW PSYCHIATRIC CENTER"
"209801","23005","MAINE MEDICAL CENTER -TRANSPLANT CENTER"
"210001","24043","MERITUS MEDICAL CENTER"
"210002","24510","UNIVERSITY OF MARYLAND MEDICAL CENTER"
"210003","24033","UNIVERSITY OF MD CAPITAL REGION MEDICAL CENTER"
"210004","24031","HOLY CROSS HOSPITAL"
"210005","24021","FREDERICK HEALTH HOSPITAL"
"210006","24025","UNIVERSITY OF MD HARFORD MEMORIAL HOSPITAL"
"210007","24005","SAINT JOSEPH MEDICAL CENTER"
"210008","24510","MERCY MEDICAL CENTER INC"
"210009","24510","JOHNS HOPKINS HOSPITAL, THE"
"210010","24019","DORCHESTER GENL HOSP"
"210011","24510","SAINT AGNES HOSPITAL"
"210012","24510","SINAI HOSPITAL OF BALTIMORE"
"210013","24510","GRACE MEDICAL CENTER, INC"
"210015","24005","MEDSTAR FRANKLIN SQUARE MEDICAL CENTER"
"210016","24031","ADVENTIST HEALTHCARE WHITE OAK MEDICAL CENTER"
"210017","24023","GARRETT REGIONAL MEDICAL CENTER"
"210018","24031","MEDSTAR MONTGOMERY MEDICAL CENTER"
"210019","24045","TIDALHEALTH PENINSULA REGIONAL, INC"
"21001F","24025","US ARMY HOSP"
"210021","24510","HOMEWOOD HOSP CNTR SOUTH"
"210022","24031","SUBURBAN HOSPITAL"
"210023","24003","LUMINIS HEALTH ANNE ARUNDEL MEDICAL CENTER, INC"
"210024","24510","MEDSTAR UNION MEMORIAL HOSPITAL"
"210025","24001","MEMORIAL HOSPITAL & MEDICAL CENTER OF CUMBERLAND"
"210026","24510","CHURCH HOSPITAL CORPORATION"
"210027","24001","U P M C WESTERN MARYLAND"
"210028","24037","MEDSTAR SAINT MARY'S HOSPITAL"
"210029","24510","JOHNS HOPKINS BAYVIEW MEDICAL CENTER"
"21002F","24003","US NAVAL HOSP"
"210030","24029","UMD SHORE MEDICAL CTR AT CHESTERTOWN"
"210031","24510","CHILDRENS HOSPITAL INC"
"210032","24015","UNION HOSPITAL OF CECIL COUNTY"
"210033","24013","CARROLL HOSPITAL CENTER"
"210034","24510","MEDSTAR HARBOR HOSPITAL"
"210035","24017","UNIVERSITY OF MD CHARLES REGIONAL  MEDICAL CENTER"
"210036","24033","EUGENE LELAND MEM HOSP"
"210037","24041","UNIVERSITY OF MD SHORE MEDICAL CENTER AT EASTON"
"210038","24510","UNIVERSITY OF MD MEDICAL CENTER MIDTOWN CAMPUS"
"210039","24009","CALVERTHEALTH MEDICAL CENTER"
"21003F","     ","US NAVAL HOSP"
"210040","24005","NORTHWEST HOSPITAL CENTER"
"210041","24510","PROVIDENT HOSP"
"210042","24510","NEW HOSPITAL INC LUTHERAN HOSP"
"210043","24003","UMD BALTIMORE WASHINGTON  MEDICAL CENTER"
"210044","24005","GREATER BALTIMORE MEDICAL CENTER"
"210045","24039","EDWARD MCCREADY MEMORIAL HOSPITAL"
"210046","24001","FROSTBURG HOSPITAL INC"
"210047","24033","PARKWOOD HOSPITAL"
"210048","24027","JOHNS HOPKINS HOWARD COUNTY MEDICAL CENTER"
"210049","24025","UNIVERSITY OF MD UPPER CHESAPEAKE MEDICAL CENTER"
"210050","24510","WYMAN PARK HLTH SYS"
"210051","24033","LUMINIS HEALTH DOCTORS COMMUNITY MEDICAL CTR, INC"
"210052","24510","JOHN F KENNEDY INSTI"
"210054","24033","SOUTHERN MARYLAND HOSPITAL CENTER"
"210055","24033","UNIVERSITY OF MD LAUREL REGIONAL HOSPITAL"
"210056","24510","MEDSTAR GOOD SAMARITAN HOSPITAL"
"210057","24031","ADVENTIST HEALTHCARE SHADY GROVE MEDICAL CENTER"
"210058","24510","UMD REHABILITATION &  ORTHOPAEDIC INSTITUTE"
"210059","24510","LIBERTY MED CENTER"
"21005F","24510","BALTIMORE VA REHAB & EXTENDED CARE CENTER (BRECC)"
"210060","24033","ADVENTIST HEALTHCARE FORT WASHINGTON MEDICAL CTR"
"210061","24047","ATLANTIC GENERAL HOSPITAL"
"210062","24033","MEDSTAR SOUTHERN MARYLAND HOSPITAL CENTER"
"210063","24005","UNIVERSITY OF MD ST JOSEPH MEDICAL CENTER"
"210064","24510","LEVINDALE HEBREW GERIATRIC CENTER AND HOSPITAL"
"210065","24031","HOLY CROSS GERMANTOWN HOSPITAL"
"210066","24033","HARBORSIDE SURGERY CENTER"
"210067","24003","SURGCENTER OF GLEN BURNIE, LLC"
"210068","24510","BALTIMORE CONVENTION CENTER ALTERNATE CARE SITE"
"21006F","     ","CLINICAL CENTER-NATL INST OF HEALTH"
"21007F","     ","WALTER REED NATIONAL MILITARY MEDICAL CENTER"
"21008F","24003","FORT MEADE KIMBROUGH AMBULATORY CARE CENTER"
"21009F","24005","FORT HOWARD VA OUTPATIENT CLINIC"
"21010F","24015","PERRY POINT VA MEDICAL CENTER"
"21012F","24037","US NAVAL AIR STATION HOSP"
"21013E","24031","HESTNUT LODGE HOSP"
"21014E","24045","PINE BLUFF STATE HOSP"
"21015E","24510","MARYLAND PENITENTIARY HOSP"
"21017E","24033","CHILDRENS CENTER HOSP"
"21018E","24027","TAYLOR MANOR HOSP"
"21019E","24013","HENRYTON STATE HOSP"
"21020F","24510","BALTIMORE VA MEDICAL CENTER"
"212000","24510","MONTEBELLO CENTER"
"212002","24043","WESTERN MARYLAND HOSPITAL CENTER"
"212003","24045","DEER'S HEAD CENTER"
"212005","24510","LEVINDALE HEBREW GERIATRIC CENTER & HOSPITAL"
"212006","24510","KESWICK HOME FOR INCURABLES OF BALTO"
"212007","24510","UNIVERSITY SPECIALTY HOSPITAL"
"213025","24510","MARYLAND REHAB CNTR"
"213026","24510","MONTEBELLO REHAB CENTER INC"
"213027","24031","EASTERN NEURO REHABILITATION HOSPITAL"
"213028","24045","ENCOMPASS HEALTH REHAB HOSPITAL OF SALISBURY"
"213029","24031","ADVENTIST HEALTHCARE  REHABILITATION AT ROCKVILLE"
"213030","24033","REHABILITATION HOSPITAL OF BOWIE"
"213300","24510","MOUNT WASHINGTON PEDIATRIC HOSPITAL"
"213301","24510","KENNEDY KRIEGER INSTITUTE"
"214000","24005","SHEPPARD AND ENOCH PRATT HOSPITAL, THE"
"214001","24003","CROWNSVILLE HOSPITAL CENTER"
"214002","24019","EASTERN SHORE HOSPITAL CENTER"
"214003","24043","BROOK LANE HEALTH SERVICES"
"214004","24013","SPRINGFIELD HOSPITAL CENTER"
"214006","24005","SPRING GROVE HOSP CENTER"
"214010","24510","GUNDRY/GLASS HOSPITAL"
"214011","24510","WALTER P CARTER CENTER"
"214012","24001","THOMAS B FINAN CENTER"
"214013","24031","ADVENTIST HEALTHCARE BEHAVIORAL HEALTH & WELLNESS"
"214014","24510","HIGHLAND HEALTH FACILITY AT CARTER CTR"
"214015","24027","TAYLOR MANOR HOSPITAL"
"214017","24031","CHESTNUT LODGE HOSPITAL"
"214018","24005","SPRING GROVE HOSPITAL CENTER"
"214019","24029","UPPER SHORE COMMUNITY MENTAL HEALTH CENTER"
"214020","24003","LUMINIS HEALTH J KENT MCNEW FAMILY MEDICAL CENTER"
"214022","24025","UM UPPER CHESAPEAKE BEHAVIORAL HEALTH PAVILION AT"
"219800","24510","JOHNS HOPKINS HOSPITAL, THE"
"219801","24510","UNIVERSITY OF MARYLAND MEDICAL CENTER"
"220001","25027","HEALTH ALLIANCE - CLINTON HOSPITAL"
"220002","25017","MOUNT AUBURN HOSPITAL"
"220003","25027","ATHOL MEMORIAL HOSPITAL"
"220004","25017","SOMERVILLE HOSPITAL"
"220005","25009","ATLANTICARE MEDICAL CENTER INC UNION"
"220006","25009","SALEM HOSPITAL CORPORATION,THE"
"220008","25005","STURDY MEMORIAL HOSPITAL"
"220009","25021","BROOKLINE HOSPITAL"
"220010","25009","MERRIMACK HEALTH LAWRENCE HOSPITAL"
"220011","25017","CAMBRIDGE HEALTH ALLIANCE"
"220012","25001","CAPE COD HOSPITAL"
"220015","25015","COOLEY DICKINSON HOSPITAL INC,THE"
"220016","25011","BAYSTATE FRANKLIN MEDICAL CENTER"
"220017","25025","CARNEY HOSPITAL"
"220019","25027","UMASS MEMORIAL HEALH - HARRINGTON HOSPITAL"
"22001F","25017","VA HOSP"
"220020","25005","BROWN UNIVERSITY HEALTH SAINT ANNE'S HOSPITAL"
"220021","25005","ST LUKE'S HOSPITAL OF NEW BEDFORD, INC"
"220022","25011","FARREN MEMORIAL HOSPITAL"
"220023","25013","PROVIDENCE HOSPITAL INC,THE"
"220024","25013","HOLYOKE MEDICAL CENTER"
"220025","25027","HUBBARD REGIONAL HOSPITAL"
"220026","25027","MED CTR CENTRAL MASS-WORCESTER,THE"
"220028","25027","ST VINCENT HOSPITAL"
"220029","25009","ANNA JAQUES HOSPITAL"
"22002F","25025","U S PUB HLTH SERV HOSP"
"220030","25013","BAYSTATE WING HOSPITAL AND MEDICAL CENTERS"
"220031","25025","BOSTON MEDICAL CENTER CORPORATION-"
"220033","25009","BEVERLY HOSPITAL CORPORATION"
"220034","25027","MEDICAL CTR OF CENTRAL MASS-HOLDEN"
"220035","25009","NORTH SHORE MEDICAL CENTER -"
"220036","25025","BOSTON MEDICAL CENTER-BRIGHTON"
"220038","25003","FAIRVIEW HOSPITAL"
"22003F","25025","VA HOSP"
"220040","25009","HUNT HOSPITAL,THE"
"220041","25009","HAVERHILL MUNICIPAL HOSPITAL"
"220042","25017","WHIDDEN MEMORIAL HOSPITAL"
"220045","25017","ST JOSEPHS HOSPITAL"
"220046","25003","BERKSHIRE MEDICAL CENTER INC - 1"
"220048","25017","LEONARD MORSE HOSPITAL"
"220049","25017","MARLBOROUGH HOSPITAL"
"22004F","25023","VA HOSP"
"220050","25015","BAYSTATE MARY LANE HOSPITAL"
"220051","25003","NORTH ADAMS REGIONAL HOSPITAL"
"220052","25023","SIGNATURE HEALTHCARE BROCKTON HOSPITAL"
"220053","25017","MEDICAL CENTER AT SYMMES,THE"
"220055","25005","CHARLTON MEMORIAL HOSPITAL"
"220057","25027","UMASS MEMORIAL MED CTR-MEMORIAL CAMP"
"220058","25027","CLINTON HOSPITAL ASSOCIATION"
"22005F","25025","US NAVAL HOSP"
"220060","25023","BETH ISRAEL DEACONESS HOSPITAL - PLYMOUTH"
"220061","25017","SANCTA MARIA HOSPITAL"
"220062","25027","ADCARE HOSPITAL OF WORCESTER INC"
"220063","25017","LOWELL GENERAL HOSPITAL"
"220064","25017","BOSTON REGIONAL MEDICAL CENTER, INC"
"220065","25013","BAYSTATE NOBLE HOSPITAL"
"220066","25013","MERCY MEDICAL CTR"
"220067","25021","QUINCY MEDICAL CENTER"
"220068","25017","HERITAGE HOSPITAL"
"220069","25025","HCHP"
"22006F","25013","US AIR FORCE HOSP"
"220070","25017","MELROSEWAKEFIELD HEALTHCARE"
"220071","25025","MASSACHUSETTS GENERAL HOSPITAL"
"220072","25027","FAIRLAWN HOSPITAL INC"
"220073","25005","BROWN UNIVERSITY HEALTH MORTON HOSPITAL"
"220074","25005","SOUTHCOAST HOSPITAL GROUP, INC"
"220075","25025","MASSACHUSETTS EYE AND EAR INFIRMARY -"
"220076","25017","WALTHAM HOSPITAL"
"220077","25013","BAYSTATE MEDICAL CENTER"
"220079","25021","CARITAS SOUTHWOOD HOSPITAL"
"22007F","25001","US AIR FORCE HOSP"
"220080","25009","MERRIMACK HEALTH METHUEN HOSPITAL"
"220081","25019","NANTUCKET COTTAGE HOSPITAL"
"220082","25017","SAINTS  MEDICAL CENTER INC"
"220083","25021","BETH ISRAEL DEACONESS HOSPITAL - NEEDHAM"
"220084","25017","EMERSON HOSPITAL -"
"220086","25025","BETH ISRAEL DEACONESS MEDICAL CENTER"
"220087","25009","MARY A ALLEY HOSP"
"220088","25025","NEW ENGLAND BAPTIST HOSPITAL"
"220089","25017","METROWEST MEDICAL CENTER"
"22008F","25017","US ARMY HOSP"
"220090","25027","UMASS MEMORIAL HEALTH-MILFORD REGIONAL MEDICAL CTR"
"220092","25017","MALDEN HOSPITAL,THE"
"220094","25027","HEALTH ALLIANCE HOSP LEOMINSTER CAMPUS"
"220095","25027","HEYWOOD HOSPITAL -"
"220097","25025","WINTHROP COMMUNITY HOSPITAL"
"220098","25017","NASHOBA VALLEY MEDICAL CENTER"
"220099","25013","LUDLOW HOSPITAL"
"22009F","25015","VA HOSP"
"220100","25021","SOUTH SHORE HOSPITAL"
"220101","25017","NEWTON-WELLESLEY HOSPITAL"
"220102","25025","ST MARGARETS HOSPITAL FOR WOMEN"
"220104","25025","BOSTON MED CTR CORP/BOSTON CITY CAMPUS"
"220105","25017","WINCHESTER HOSPITAL"
"220106","25017","MELROSE-WAKEFIELD HOSPITAL"
"220107","25003","HILLCREST HOSPITAL"
"220108","25021","BETH ISRAEL DEACONESS HOSPITAL-MILTON INC"
"22010F","25025","VA HOSP"
"220110","25025","BRIGHAM AND WOMEN'S HOSPITAL"
"220111","25023","BOSTON MEDICAL CENTER-SOUTH"
"220114","25009","THC BOSTON"
"220115","25027","WORCESTER CITY HOSPITAL"
"220116","25025","TUFTS MEDICAL CENTER"
"220117","25025","MA OSTEO HOSPITAL & MEDICAL CENTER"
"220118","25025","NEW ENGLAND DEACONESS CAMPUS"
"220119","25025","BRIGHAM AND WOMEN'S FAULKNER HOSPITAL"
"22011E","25021","WESTWOOD LODGE HOSP"
"220120","25025","VENCOR HOSPITAL - BOSTON"
"220121","25005","PARKWOOD HOSPITAL , INC"
"220122","25025","CHILDRENS HOSP MED CENTER"
"220123","25007","MARTHA'S VINEYARD HOSPITAL"
"220126","25021","NORWOOD HOSPITAL"
"220128","25009","ADDISON GILBERT HOSPITAL"
"220129","25023","ST LUKES HOSPITAL OF MIDDLEBOROUGH"
"22012E","25005","FULLER MEM SANATORIUM"
"220131","25009","AMESBURY HOSPITAL"
"220133","25017","HARVARD UNIVERSITY HEALTH SERV-STILLMAN INFIRMARY"
"220135","25001","FALMOUTH HOSPITAL"
"22013E","25009","HEALTH DEPARTMENT HOSP"
"22014E","25009","VILLA ATLANTA HOSP"
"220153","25013","SOLDIERS HOME OF HOLYOKE"
"220154","25025","SOLDIERS HOME IN MASSACHUSETTS"
"220156","25023","GODDARD MEM & CARDINAL CUSHING MED CTR"
"22015E","25009","MT PLEASANT HOSP"
"220162","25025","DANA-FARBER CANCER INSTITUTE"
"220163","25027","UMASS MEMORIAL MEDICAL CENTER INC"
"220167","25009","NORTH SHORE CHILDRENS HOSP"
"22016E","25009","BESSIE BURKE HOSP"
"220171","25017","LAHEY HOSPITAL & MEDICAL CENTER, BURLINGTON"
"220172","25015","UNIVERSITY HEALTH SERVICES"
"220173","25027","NAUKEAG HOSPITAL CORPORATION"
"220174","25009","MERRIMACK VALLEY HOSPITAL"
"220175","25017","METROWEST MEDICAL CENTER"
"220176","25027","ST VINCENT HOSPITAL"
"220177","25019","NANTUCKET COTTAGE HOSPITAL"
"22018E","25009","BALDPATE HOSP"
"22019E","25025","WASHINGTONIAN HOSP"
"22020E","25017","WOODSIDE COTTAGES HOSP"
"22021E","25025","AUDUBON HOSP"
"22022E","25027","ST CAMILLUS CHRONIC DISEASE HOSP"
"22023E","25023","HANOVER HOUSE"
"22024E","25027","NAUKEAG HOSP"
"221300","25007","MARTHA'S VINEYARD HOSPITAL INC"
"221301","25019","NANTUCKET COTTAGE HOSPITAL"
"221302","25003","FAIRVIEW HOSPITAL"
"221303","25027","ATHOL MEMORIAL HOSPITAL"
"221304","25003","NORTH ADAMS REGIONAL HOSPITAL"
"221990","25017","CHESTNUT HILL BENEVOLENT ASSOCIATION"
"222000","25017","SPAULDING HOSPITAL FOR CONTINUING MED CARE-CAMB"
"222001","25001","BARNSTABLE COUNTY HOSPITAL"
"222002","25021","PAM HEALTH SPECIALTY HOSPITAL OF STOUGHTON"
"222003","25017","TEWKSBURY HOSPITAL"
"222004","25023","LAKEVILLE HOSPITAL"
"222006","25025","LEMUEL SHATTUCK HOSPITAL"
"222007","25025","HEBREW REHABILITATION CENTER"
"222008","25025","CARITAS REHABILITATION CENTER,THE"
"222010","25025","RADIUS SPECIALTY HOSPITAL-BOSTON"
"222012","25027","RUTLAND HEIGHTS HOSP"
"222013","25017","BETHANY HOSP"
"222014","25025","BOSTON MED CTR CORP/BOSTON SPEC CAMPUS"
"222015","25013","SPRINGFIELD MUN HOSP"
"222018","25017","CUSHING HOSP"
"222021","25025","LONG ISLAND HOSP"
"222022","25027","WORCESTER CO HOSP"
"222023","25013","WESTERN MASSACHUSETTS HOSPITAL"
"222024","25017","OLYMPUS SPECIALTY HOSPITAL"
"222025","25021","PAPPAS REHABILITATION HOSPITAL FOR CHILDREN"
"222026","25009","SPAULDING HOSPITAL FOR CONTINUING MC - NORTH SHORE"
"222027","25021","NEW ENGLAND SINAI HOSPITAL"
"222028","25021","BRAINTREE HOSP"
"222029","25021","MASSACHUSETTS RESPIRATORY HOSPITAL"
"222031","25027","ST CAMILLUS HOSPITAL"
"222032","25005","FRANCES P MEMORIAL HOSPITAL"
"222033","25017","OTIS HOSPITAL"
"222034","25009","WHITTIER REHABILITATION HOSPITAL"
"222035","25025","SPAULDING REHABILITATION HOSPITAL"
"222036","25025","GROVER MANOR HOSP"
"222041","25013","OLYMPUS SPECIALTY HOSPITAL SPRINGFIELD"
"222042","25027","WORCESTER COUNTY HOSPITAL"
"222043","25005","VIBRA HOSPITAL OF SOUTHEASTERN MASSACHUSETTS"
"222044","25009","CURAHEALTH BOSTON NORTH SHORE"
"222045","25025","CURAHEALTH BOSTON"
"222046","25027","VIBRA HOSPITAL OF WESTERN MASS - CENTRAL CAMPUS"
"222047","25009","WHITTIER REHABILITATION HOSPITAL - BRADFORD"
"222048","25027","WHITTIER REHABILITATION HOSPITAL"
"223026","25017","ENCOMPASS HEALTH REHABILITATION HOSP OF NEW ENGLAN"
"223027","25021","ENCOMPASS HEALTH BRAINTREE HOSPITAL OF BRAINTREE"
"223028","25009","WHITTIER REHABILITATION HOSPITAL"
"223029","25027","FAIRLAWN REHAB HOSP, AN AFFILIATE OF ENCOMPASS HLT"
"223030","25013","ENCOMPASS HEALTH REHAB HOSPITAL OF WESTERN MASS"
"223031","25005","MEDIPLEX REHABILITATION HOSPITAL"
"223032","25001","SPAULDING REHABILITATION HOSPITAL - CAPE COD"
"223033","25027","WHITTIER REHABILTATION HOSPITAL"
"223034","25025","SPAULDING REHABILITATION HOSPITAL"
"223300","25025","FRANCISCAN HOSPITAL FOR CHILDREN"
"223301","25009","NORTH SHORE CHILDRENS HOSPITAL"
"223302","25025","BOSTON CHILDREN'S HOSPITAL"
"223303","25013","SHRINERS' HOSPITAL FOR CHILDREN (THE)"
"223304","25025","SHRINERS' HOSPITAL FOR CHILDREN - BOSTON, THE"
"224001","25005","TAUNTON STATE HOSPITAL"
"224004","25025","MASSACHUSETTS MENTAL HEALTH CENTER"
"224007","25017","MCLEAN HOSPITAL CORPORATION"
"224012","25027","WESTBOROUGH STATE HOSP"
"224013","25025","ARBOUR HOSPITAL, THE"
"224017","25017","DR HARRY SOLOMON MHC"
"224018","25021","ARBOUR HUMAN RESOURCE INSTITUTE"
"224019","25001","CAPE COD ISLANDS COMM HLTH RETRDN CTR"
"224021","25005","ARBOUR-FULLER HOSPITAL"
"224022","25017","BOURNEWOOD HOSPITAL"
"224023","25021","WESTWOOD PEMBROKE HEALTH SYSTEMS"
"224025","25021","QUINCY MENTAL HEALTH CENTER"
"224026","25027","WESTBOROUGH STATE HOSPTIAL"
"224027","25023","PEMBROKE HOSPITAL"
"224028","25005","DR JOHN C CORRIGAN MENTAL HEALTH CENTER"
"224029","25017","CAULFIELD CENTER"
"224030","25021","MEDFIELD STATE HOSPITAL"
"224031","25001","CAPE COD & ISLANDS COMMUNITY MENTAL HEALTH CENTER"
"224032","25027","WORCESTER RECOVERY CENTER AND HOSPITAL"
"224033","25009","BALDPATE HOSPITAL"
"224034","25013","CHARLES RIVER HOSPITAL WEST"
"224035","25021","CHARLES RIVER HOSPITAL"
"224036","25025","DR SOLOMON CARTER FULLER MENTAL HEALTH CENTER"
"224037","25025","ERICH LINDEMANN MENTAL HEALTH CENTER"
"224038","25021","WALDEN BEHAVIORAL CARE, LLC"
"224039","25009","WHITTIER PAVILION"
"224040","25025","DR SOLOMON CARTER FULLER MENTAL HEALTH CENTER"
"224041","25005","SOUTHCOAST BEHAVIORAL HEALTH"
"224042","25023","HIGH POINT TREATMENT CENTER"
"224043","25027","TARAVISTA BEHAVIORAL HEALTH CENTER"
"224044","25027","WESTBOROUGH BEHAVIORAL HEALTHCARE HOSPITAL LLC"
"224045","25027","HOSPITAL FOR BEHAVIORAL MEDICINE"
"224046","25013","MIRAVISTA BEHAVIORAL HEALTH CENTER"
"224047","25013","VALLEY SPRINGS BEHAVIORAL HEALTH HOSPITAL"
"224048","25017","ACADIA-TUFTS MEDICINE JV, LLC"
"229801","25025","BRIGHAM AND WOMEN'S HOSPITAL -  TRANSPLANT CENTER"
"229802","25017","LAHEY CLINIC - TRANSPLANT CENTER"
"229803","25025","BETH ISRAEL DEACONESS MED CTR -  TRANSPLANT CENTER"
"229804","25025","BOSTON MEDICAL CENTER - TRANSPLANT CENTER"
"229805","25027","UNIVERSITY OF MASS MEMORIAL MED CTR - TRANSPLANT"
"229806","25025","BOSTON CHILDREN'S HOSPITAL - TRANSPLANT CENTER"
"229807","25025","TUFTS MEDICAL CENTER - TRANSPLANT"
"229808","25025","MASSACHUSETTS GENERAL HOSPITAL - TRANSPLANT CENTER"
"229809","25013","BAYSTATE MEDICAL CENTER - TRANSPLANT CENTER"
"230001","26103","BELL MEMORIAL HOSPITAL"
"230002","26163","TRINITY HEALTH LIVONIA HOSPITAL"
"230003","26139","COREWELL HEALTH ZEELAND HOSPITAL"
"230004","26121","MERCY HEALTH MUSKEGON"
"230005","26091","PROMEDICA CHARLES AND VIRGINIA HICKMAN HOSPITAL"
"230006","26045","HAYES GREEN BEACH MEMORIAL HOSPITAL"
"230007","26163","OAKWOOD DOWNRIVER MEDICAL CENTER"
"230008","26005","COMMUNITY HOSP"
"230011","26163","METROPOLITAN HOSPITAL"
"230012","26163","RENAISSANCE HOSP AND MED CENTERS"
"230013","26125","PONTIAC GENERAL HOSPITAL"
"230014","26141","HURON SHORES HEALTH CENTER"
"230015","26149","THREE RIVERS HEALTH"
"230017","26077","BRONSON METHODIST HOSPITAL"
"230019","26125","HENRY FORD HEALTH PROVIDENCE SOUTHFIELD HOSPITAL"
"230020","26163","COREWELL HEALTH DEARBORN HOSPITAL"
"230021","26021","COREWELL HEALTH LAKELAND HOSPITALS ST JOSEPH HOSPI"
"230022","26023","INSIGHT HOSPITAL AND MEDICAL CENTER COLDWATER"
"230024","26163","SINAI-GRACE HOSPITAL"
"230027","26067","IONIA COUNTY MEMORIAL HOSPITAL"
"230029","26125","TRINITY HEALTH OAKLAND HOSPITAL"
"230030","26057","MYMICHIGAN MEDICAL CENTER ALMA"
"230031","26147","LAKE HURON MEDICAL CENTER"
"230032","26081","SPECTRUM HEALTH-EAST CAMPUS"
"230034","26031","CHEBOYGAN MEMORIAL HOSPITAL"
"230035","26117","COREWELL HEALTH UNITED HOSPITAL"
"230036","26007","MYMICHIGAN MEDICAL CENTER ALPENA"
"230037","26059","HILLSDALE HOSPITAL"
"230038","26081","COREWELL HEALTH GRAND RAPIDS HOSPITALS BUTTERWORTH"
"230039","26163","MT CARMEL MERCY HOSP & MED CENTER"
"230040","26015","SPECTRUM HEALTH PENNOCK"
"230041","26017","MCLAREN BAY REGION"
"230042","26005","ALLEGAN GENERAL HOSPITAL"
"230043","26025","FIELDSTONE CTR OF BATTLE CRK HLTH SYS"
"230046","26161","UNIVERSITY OF MICHIGAN HEALTH"
"230047","26099","HENRY FORD HEALTH MACOMB HOSPITAL"
"230051","26127","OCEANA HOSPITAL"
"230053","26163","HENRY FORD HEALTH HOSPITAL"
"230054","26103","UP HEALTH SYSTEM - MARQUETTE"
"230055","26043","MARSHFIELD MEDICAL CENTER"
"230056","26013","BARAGA COUNTY MEMORIAL HOSPITAL"
"230057","26163","SPRINGWELLS HEALTH CENTER"
"230058","26039","MUNSON HEALTHCARE GRAYLING HOSPITAL"
"230059","26081","TRINITY HEALTH GRAND RAPIDS HOSPITAL"
"23005F","26043","IRON MOUNTAIN VA MEDICAL CENTER"
"230060","26101","WEST SHORE MEDICAL CENTER"
"230062","26019","PAUL OLIVER MEMORIAL HOSPITAL"
"230063","26163","SARATOGA COMMUNITY HOSPITAL"
"230065","26163","ST JOHN NORTHEAST CAMPUS"
"230066","26121","TRINITY HEALTH MUSKEGON HOSPITAL"
"230067","26163","BRENT GENERAL HOSPITAL"
"230068","26049","GENESYS REG MED CTR-ST JOSEPH CAMPUS"
"230069","26093","TRINITY HEALTH LIVINGSTON HOSPITAL"
"23006F","26115","FEDERAL CORRECTIONAL INSTITUTE HOSP"
"230070","26145","COVENANT MEDICAL CENTER"
"230071","26125","STRAITH HOSPITAL FOR SPECIAL SURGERY"
"230072","26139","HOLLAND HOSPITAL"
"230075","26025","BRONSON BATTLE CREEK HOSPITAL"
"230076","26163","HUTZEL HOSPITAL"
"230077","26145","MYMICHIGAN MEDICAL CENTER SAGINAW"
"230078","26021","COREWELL HEALTH WATERVLIET HOSPITAL"
"23007F","26099","US AIR FORCE HOSP"
"230080","26073","MCLAREN CENTRAL MICHIGAN"
"230081","26165","MUNSON HEALTHCARE CADILLAC HOSPITAL"
"230082","26151","MARLETTE COMMUNITY HOSPITAL"
"230084","26163","REDFORD COMMUNITY HOSPITAL"
"230085","26159","BRONSON SOUTH HAVEN HOSPITAL"
"230086","26133","SPECTRUM HLTH-REED CITY CAMPUS"
"230087","26025","TRILLIUM HOSPITAL"
"230089","26163","COREWELL HEALTH BEAUMONT GROSSE POINTE HOSPITAL"
"23008F","26069","US AIR FORCE HOSP"
"230090","26163","DOCTORS HOSPITAL"
"230092","26075","HENRY FORD HEALTH JACKSON HOSPITAL"
"230093","26107","COREWELL HEALTH BIG RAPIDS HOSPITAL"
"230095","26129","MYMICHIGAN MEDICAL CENTER WEST BRANCH"
"230096","26149","STURGIS HOSPITAL"
"230097","26055","MUNSON MEDICAL CENTER"
"230098","26163","WESTLAND MEDICAL CENTER"
"230099","26115","PROMEDICA MONROE REGIONAL HOSPITAL"
"23009F","26145","ALEDA E LUTZ VA MEDICAL CENTER"
"230100","26069","MYMICHIGAN MEDICAL CENTER TAWAS"
"230101","26041","ST FRANCIS HOSPITAL"
"230102","26025","WESTBROOK HOSPITAL"
"230103","26037","CLINTON MEMORIAL HOSPITAL"
"230104","26163","HARPER UNIVERSITY HOSPITAL"
"230105","26047","MCLAREN NORTHERN MICHIGAN"
"230106","26123","SPECTRUM HEALTH GERBER MEMORIAL"
"230107","26089","LEELANAU MEMORIAL HEALTH CENTER"
"230108","26061","UP HEALTH SYSTEM PORTAGE"
"23010F","26033","US AIR FORCE HOSP"
"230110","26105","COREWELL HEALTH LUDINGTON HOSPITAL"
"230111","26049","GENESYS REG MED CTR-WHEELOCK MEM CMPS"
"230113","26091","MORENCI AREA HOSPITAL"
"230114","26049","GENESYS REG MED CTR-GENESEE MEM CAMPUS"
"230115","26153","SCHOOLCRAFT MEMORIAL HOSPITAL"
"230116","26003","MUNISING MEMORIAL HOSPITAL"
"230117","26077","BEACON KALAMAZOO"
"230118","26063","MCLAREN THUMB REGION"
"230119","26163","ST JOHN DETROIT RIVERVIEW HOSPITAL"
"23011F","26161","VA ANN ARBOR HEALTHCARE SYSTEM"
"230120","26091","HERRICK MEMORIAL HOSPITAL"
"230121","26155","MEMORIAL HEALTHCARE"
"230122","26145","SAGINAW GENERAL HOSPITAL"
"230123","26163","MILTON COMMUNITY HOSPITAL"
"230124","26029","MUNSON HEALTHCARE CHARLEVOIX HOSPITAL"
"230125","26021","BERRIEN GENERAL HOSPITAL"
"230128","26163","GRACE HOSPITAL NORTHWESTERN UNIT"
"230129","26065","MICHIGAN CAPITAL MEDICAL CTR, GREENLAW"
"23012F","26025","BATTLE CREEK VA MEDICAL CENTER"
"230130","26125","COREWELL HEALTH WILLIAM BEAUMONT UNIVERSITY HOSPIT"
"230132","26049","HURLEY MEDICAL CENTER"
"230133","26137","MUNSON HEALTHCARE OTSEGO MEMORIAL HOSPITAL"
"230134","26005","PIPP COMMUNITY HOSPITAL"
"230135","26163","HENRY FORD COTTAGE HOSPITAL"
"230137","26021","LAKELAND MEDICAL CENTER, NILES"
"230138","26043","ANDERSON MEMORIAL HOSPITAL"
"230139","26025","LAKEVIEW GENERAL HOSPITAL"
"23013F","26163","VA HOSP"
"230140","26163","VENCOR HOSPITAL DETROIT"
"230141","26049","MCLAREN FLINT"
"230142","26163","COREWELL HEALTH WAYNE HOSPITAL"
"230143","26053","GRAND VIEW HOSPITAL"
"230144","26161","FOREST HEALTH MEDICAL CENTER"
"230145","26061","KEWEENAW MEMORIAL MEDICAL CENTER"
"230146","26163","WYANDOTTE HOSPITAL AND MEDICAL CENTER"
"230147","26163","MERCY HOSPITAL"
"230149","26071","IRON COUNTY GENERAL HOSPITAL"
"23014F","26103","US AIR FORCE HOSP"
"230150","26163","DETROIT OSTEOPATHIC HOSPITAL"
"230151","26125","COREWELL HEALTH FARMINGTON HILLS HOSPITAL"
"230153","26045","EATON RAPIDS MEDICAL CENTER"
"230154","26151","DECKERVILLE COMMUNITY HOSPITAL"
"230155","26117","KELSEY MEMORIAL HOSPITAL"
"230156","26161","TRINITY HEALTH ANN ARBOR HOSPITAL"
"230157","26065","ST LAWRENCE HOSPITAL"
"230158","26091","THORN HOSPITAL"
"230159","26121","MUSKEGON GENERAL HOSPITAL"
"230161","26021","REHAB INSTITUTE AT TRI-STATE HOSPITAL"
"230162","26097","MACKINAC STRAITS HOSP & HLTH CENTER"
"230163","26141","RUSSELL MEMORIAL HOSPITAL"
"230165","26163","HENRY FORD HEALTH -ST JOHN HOSPITAL"
"230167","26065","MCLAREN GREATER LANSING"
"230169","26163","RIVERSIDE OSTEOPATHIC HOSPITAL"
"23016E","26097","MACKINAC ISLAND MEDICAL CENTER"
"230171","26127","HACKLEY LAKESHORE HOSPITAL"
"230172","26159","LAKEVIEW COMMUNITY HOSPITAL"
"230173","26163","NORTH DETROIT GENERAL HOSPITAL"
"230174","26139","TRINITY HEALTH GRAND HAVEN HOSPITAL"
"230175","26091","ADDISON COMMUNITY HOSPITAL"
"230176","26163","COREWELL HEALTH TRENTON HOSPITAL"
"230177","26107","NORTHLAND MEDICAL CENTER"
"230178","26117","SHERIDAN COMMUNITY HOSPITAL"
"230179","26117","TRI COUNTY COMMUNITY HOSPITAL"
"23017E","26093","BRIGHTON HOSP"
"230180","26035","MYMICHIGAN MEDICAL CENTER CLARE"
"230181","26067","ORCHARD HILLS HOSPITAL"
"230183","26145","SAGINAW OSTEOPATHIC HOSPITAL"
"230184","26075","CARELINK OF JACKSON, A COMMUNITY-OWNED SPECIALTY H"
"230186","26125","MADISON COMMUNITY HOSPITAL"
"230188","26157","HILLS AND DALE GENERAL HOSPITAL"
"230189","26051","MIDMICHIGAN MEDICAL CENTER-GLADWIN"
"23018E","26163","WILLIAM BOOTH MEM HOSP"
"230190","26077","BRONSON VICKSBURG HOSPITAL"
"230191","26095","HELEN NEWBERRY JOY HOSPITAL"
"230193","26087","MCLAREN LAPEER REGION"
"230194","26071","CRYSTAL FALLS COMMUNITY HOSPITAL"
"230195","26099","HENRY FORD HEALTH WARREN HOSPITAL"
"230197","26049","HENRY FORD GENESYS HOSPITAL"
"230199","26027","LEE MEMORIAL HOSPITAL"
"23019E","26081","BURLESON HOSP"
"230201","26063","SCHEURER HOSPITAL"
"230203","26131","LACROIX HOSP"
"230204","26099","HENRY FORD MACOMB HOSPITAL-WARREN CAMPUS"
"230205","26011","STANDISH COMMUNITY HOSPITAL"
"230207","26125","MCLAREN OAKLAND"
"230208","26117","UNIVERSITY OF MICHIGAN HEALTH-SPARROW CARSON"
"23020E","26161","UNIVERSITY OF MICHIGAN INFIRMARY"
"230211","26079","KALKASKA MEMORIAL HEALTH CENTER"
"230212","26161","SAINT JOSEPH MERCY SALINE HOSPITAL"
"230213","26063","HARBOR BEACH COMMUNITY HOSPITAL"
"230216","26147","MCLAREN PORT HURON"
"230217","26025","OAKLAWN HOSPITAL"
"230219","26131","ONTONAGON MEMORIAL HOSPITAL"
"23021E","26127","CRANBROOK SCHOOL INFIRMARY"
"230221","26163","MICHIGAN HOSPITAL AND MEDICAL CENTER"
"230222","26111","MYMICHIGAN MEDICAL CENTER MIDLAND"
"230223","26125","ST JOHN MACOMB-OAKLAND HOSPITAL-OAKLAND CENTER"
"230224","26163","NORTHWEST GEN OSTEOPATHIC HOSPITAL"
"230225","26087","COMMUNITY HOSPITAL FOUNDATION"
"230227","26099","MCLAREN MACOMB"
"230228","26055","TRAVERSE CITY COMMUNITY HOSPITAL"
"230230","26065","UNIVERSITY OF MICHIGAN HEALTH-SPARROW LANSING"
"230231","26163","ALEXANDER BLAIN MEMORIAL HOSPITAL"
"230232","26147","YALE COMMUNITY HOSPITAL INC"
"230235","26157","CARO COMMUNITY HOSPITAL"
"230236","26081","UNIVERSITY OF MICHIGAN HEALTH - WEST"
"230237","26081","FERGUSON/BLODGETT HOSPITAL"
"230238","26163","KIRWOOD GENERAL HOSPITAL"
"230239","26033","MYMICHIGAN MEDICAL CENTER SAULT"
"23023E","26029","BEAVER ISLAND MEDICAL CENTER"
"230240","26163","CHILDRENS HOSP OF MICHIGAN"
"230241","26147","HENRY FORD HEALTH RIVER DISTRICT HOSPITAL"
"230244","26163","GARDEN CITY HOSPITAL"
"23024E","26061","MICHIGAN TECH UNIVERSITY INFIRMARY"
"230253","26151","MCKENZIE MEMORIAL HOSPITAL"
"230254","26125","HENRY FORD ROCHESTER HOSPITAL"
"230256","26017","BAY OSTEOPATHIC HOSPITAL"
"230257","26099","ST JOHN NORTH SHORES HOSPITAL"
"230258","26121","HERITAGE HOSPITAL"
"230259","26161","CHELSEA HOSPITAL"
"23025E","26077","WESTERN MICHIGAN UNIVERSITY INFIRMARY"
"230264","26099","INSIGHT SURGICAL HOSPITAL"
"230265","26109","BAY AREA MEDICAL CENTER MENOMNEE"
"230266","26163","SOUTHWEST DETROIT HOSPITAL"
"230269","26125","COREWELL HEALTH BEAUMONT TROY HOSPITAL"
"23026E","26099","GENERAL MOTORS TECHNICAL CENTER INF"
"230270","26163","COREWELL HEALTH TAYLOR HOSPITAL"
"230272","26163","LAKESHORE HOSPITAL"
"230273","26163","DETROIT RECEIVING HOSPITAL & UNIV HEALTH CENTER"
"230275","26145","HEALTHSOURCE SAGINAW"
"230276","26081","SPECTRUM HEALTH-KENT COMMUNITY CAMP"
"230277","26125","HURON VALLEY-SINAI HOSPITAL"
"230278","26091","THORN HOSPITAL"
"230279","26093","HENRY FORD HEALTH BRIGHTON CENTER FOR RECOVERY"
"23027E","26163","TOWNE HOSP"
"230280","26163","GREATER DETROIT HOSPITAL MED CTRS INC"
"230281","26017","LONG TERM CARE HOSPITAL (LTCH)"
"230283","26163","KINDRED HOSPITAL - METRO DETROIT"
"230284","26161","SELECT SPECIALTY HOSPITAL-ANN ARBOR"
"230285","26163","SCCI HOSPITAL - DETROIT"
"230286","26121","NEXTCARE HOSPITAL-MUSKEGON"
"230287","26021","LAKELAND SPECIALTY HOSP AT BERRIEN CTR"
"230288","26025","SELECT SPECIALTY HOSPITAL-BATTLE CREEK"
"230289","26163","SELECT SPECIALTY HOSPITAL WYANDOTTE"
"23028E","26163","WAYNE CO TRAINING SCHOOL"
"230290","26125","SELECT SPECIALTY HOSPITAL-PONTIAC"
"230291","26163","SELECT SPECIALTY HOSPITAL NW DETROIT"
"230292","26145","SELECT SPECIALTY HOSPITAL-SAGINAW"
"230293","26163","UNITED COMMUNITY HOSPITAL"
"230294","26077","SEMPERCARE HOSPITAL AT BRONSON"
"230295","26005","BORGESS-PIPP HEALTH CENTER"
"230296","26065","SPARROW SPECIALTY HOSPITAL"
"230297","26163","KARMANOS CANCER CENTER"
"230298","26163","DETROIT HOPE HOSPITAL"
"230299","26163","LTAC HOSPITAL DETROIT, LLC"
"23029E","26125","BEHAVIORAL CARE MANAGEMENT"
"230300","26163","SELECT SPECIALTY HOSPITAL-GROSSE POINTE"
"230301","26125","SURGEONS CHOICE MEDICAL CENTER"
"230302","26125","HENRY FORD HEALTH WEST BLOOMFIELD HOSPITAL"
"230303","26101","MUNSON HEALTHCARE MANISTEE HOSPITAL"
"230304","26125","PIONEER SPECIALTY HOSPITAL"
"230305","26049","THE SURGERY CENTER OF GENESEE COUNTY"
"23036F","26163","US PUBLIC HEALTH SERVICE HOSP"
"23037F","26163","JOHN D DINGELL VETERAN AFFAIRS MED CTR"
"230779","26149","STURGIS HOSPITAL"
"231300","26019","PAUL OLIVER MEMORIAL HOSPITAL"
"231301","26079","KALKASKA MEMORIAL HEALTH CENTER"
"231302","26089","LEELANAU MEMORIAL HEALTH CENTER"
"231303","26153","SCHOOLCRAFT MEMORIAL HOSPITAL"
"231304","26095","HELEN NEWBERRY JOY HOSPITAL"
"231305","26011","MYMICHIGAN MEDICAL CENTER STANDISH"
"231306","26097","MACKINAC STRAITS HOSPITAL AND HEALTH CENTER"
"231307","26013","BARAGA COUNTY MEMORIAL HOSPITAL"
"231308","26003","MUNISING MEMORIAL HOSPITAL"
"231309","26131","ASPIRUS ONTONAGON HOSPITAL, INC"
"231310","26063","SCHEURER HEALTH - PIGEON"
"231311","26151","DECKERVILLE COMMUNITY HOSPITAL"
"231312","26117","SHERIDAN COMMUNITY HOSPITAL"
"231313","26063","HARBOR BEACH COMMUNITY HOSPITAL"
"231314","26151","MCKENZIE HEALTH SYSTEM"
"231315","26027","BEACON DOWAGIAC"
"231316","26157","HILLS & DALES GENERAL HOSPITAL"
"231317","26117","SPECTRUM HEALTH KELSEY HOSPITAL"
"231318","26071","ASPIRUS IRON RIVER HOSPITAL & CLINICS, INC"
"231319","26061","ASPIRUS KEWEENAW HOSPITAL"
"231320","26127","TRINITY HEALTH SHELBY HOSPITAL"
"231321","26103","BELL HOSPITAL"
"231322","26029","MUNSON HEALTHCARE CHARLEVOIX HOSPITAL"
"231323","26133","COREWELL HEALTH REED CITY HOSPITAL"
"231324","26045","EATON RAPIDS MEDICAL CENTER"
"231325","26051","MYMICHIGAN MEDICAL CENTER GLADWIN"
"231326","26037","UNIVERSITY OF MICHIGAN HEALTH- SPARROW CLINTON"
"231327","26045","UNIVERSITY OF MICHIGAN HEALTH - SPARROW EATON"
"231328","26005","BEACON ALLEGAN"
"231329","26157","MCLAREN CARO REGION"
"231330","26151","MARLETTE REGIONAL HOSPITAL"
"231331","26067","UNIVERSITY OF MICHIGAN HEALTH-SPARROW IONIA"
"231332","26159","BRONSON LAKEVIEW HOSPITAL"
"231333","26053","ASPIRUS IRONWOOD HOSPITAL"
"231334","26091","PROMEDICA HERRICK HOSPITAL"
"231335","26101","WEST SHORE MEDICAL CENTER"
"231336","26031","CHEBOYGAN MEMORIAL HOSPITAL"
"231337","26041","OSF SAINT FRANCIS HOSPITAL"
"231338","26123","COREWELL HEALTH GERBER HOSPITAL"
"231339","26015","COREWELL HEALTH PENNOCK HOSPITAL"
"231340","26063","MCLAREN THUMB REGION"
"231341","26159","BRONSON SOUTH HAVEN HOSPITAL"
"231342","26043","MARSHFIELD MEDICAL CENTER"
"232009","26163","REHABILITATION INSTITUTE"
"232012","26049","SELECT SPECIALTY HOSPITAL-FLINT"
"232019","26163","VIBRA HOSPITAL OF SOUTHEASTERN MI-TAYLOR CAMPUS"
"232020","26017","MCLAREN BAY SPECIAL CARE"
"232021","26121","SELECT SPECIALTY HOSPITAL - MUSKEGON"
"232023","26099","SELECT SPECIALTY HOSPITAL-MACOMB COUNTY"
"232024","26161","SELECT SPECIALTY HOSPITAL-ANN ARBOR"
"232025","26021","LAKELAND SPECIALTY HOSPITAL AT BERRIEN CENTER"
"232026","26081","SELECT SPECIALTY HOSPITAL - GRAND RAPIDS"
"232027","26163","KINDRED HOSPITAL DETROIT"
"232028","26025","SELECT SPECIALTY HOSPITAL-BATTLE CREEK"
"232029","26081","SELECT SPECIALTY HOSPITAL - COREWELL HEALTH GR"
"232030","26125","SELECT SPECIALTY HOSPITAL-PONTIAC"
"232031","26163","SELECT SPECIALTY HOSPITAL-WYANDOTTE, LLC"
"232032","26163","SELECT SPECIALTY HOSPITAL-NORTHWEST DETROIT"
"232033","26145","SELECT SPECIALTY HOSPITAL-SAGINAW"
"232034","26005","BEACON PLAINWELL"
"232035","26025","SELECT SPECIALTY HOSPITAL- BATTLE CREEK"
"232036","26075","HENRY FORD ALLEGIANCE SPECIALTY HOSPITAL"
"232037","26065","UNIVERSITY OF MICHIGAN HEALTH-SPARROW SPECIALTY HO"
"232038","26163","SELECT SPECIALTY HOSPITAL-GROSSE POINTE"
"232039","26125","PIONEER SPECIALTY HOSPITAL"
"233025","26025","SOUTHWEST REGIONAL REHABILITATION CENTER"
"233026","26081","MARY FREE BED REHABILITATION HOSPITAL"
"233027","26163","REHABILITATION INSTITUTE OF MICHIGAN"
"233028","26125","OAKLAND REGIONAL HOSPITAL"
"233029","26141","ROGERS CITY REHABILITATION HOSPITAL"
"233030","26121","INTENSIVA HOSPITAL OF MUSKEGON"
"233031","26099","INTENSIVA HOSPITAL OF MACOMB"
"233032","26049","SELECT SPECIALTY HOSPITAL-FLINT"
"233300","26163","CHILDREN'S HOSPITAL OF MICHIGAN"
"234000","26161","MERCYWOOD NEURO-PHYCHIATRIC HOSP"
"234003","26163","LAFAYETTE CLINIC"
"234006","26081","PINE REST CHRISTIAN MENTAL HEALTH SERVICES"
"234008","26095","NEWBERRY STATE HOSPITAL"
"234011","26125","HENRY FORD HEALTH BEHAVIORAL HEALTH HOSPITAL"
"234019","26163","DETROIT PSYCHIATRIC INSTITUTE"
"234021","26099","HARBOR OAKS HOSPITAL"
"234023","26125","HAVENWYCK HOSPITAL"
"234024","26099","GLEN EDEN HOSPITAL"
"234025","26157","CARO PSYCHIATRIC HOSPITAL"
"234026","26077","KALAMAZOO REGIONAL PSYCHIATRIC HOSPITAL"
"234027","26163","MONTGOMERY HOSPITAL"
"234028","26163","HORIZON HEALTHCARE, INC"
"234029","26099","ARBORVIEW HOSPITAL"
"234030","26081","FOREST VIEW PSYCHIATRIC HOSPITAL"
"234031","26037","RIVENDELL CENTER FOR BEHAVIORAL HEALTH"
"234032","26023","COLDWATER REGIONAL MENTAL HEALTH CTR"
"234033","26163","ARDMORE CENTER"
"234034","26163","NORTHVILLE REGIONAL PSYCHIATRIC HOSP"
"234035","26163","WALTER P REUTHER PSYCHIATRIC HOSPITAL"
"234036","26125","CLINTON VALLEY CENTER"
"234037","26025","BEHAVIORAL HLTH CTR OF BATTLE CREEK"
"234038","26163","STONECREST CENTER"
"234039","26099","THE BEHAVIORAL CENTER OF MICHIGAN"
"234040","26163","SAMARITAN BEHAVIORAL CENTER"
"234041","26161","THE CENTER FOR FORENSIC PSYCHIATRY"
"234042","26099","THE BEHAVIORAL CENTER OF MICHIGAN"
"234043","26037","CEDAR CREEK HOSPITAL"
"234044","26037","BRIGHTWELL BEHAVIORAL HEALTH"
"234045","26163","METROPOLITAN BEHAVIORAL HEALTH"
"234046","26025","BRONSON BEHAVIORAL HEALTH HOSPITAL"
"234047","26077","KALAMAZOO BEHAVIORAL HEALTH HOSPITAL"
"234048","26125","PONTIAC GENERAL HOSPITAL"
"234049","26099","TRILLIUM BEHAVIORAL HEALTH"
"234052","26081","SOUTHRIDGE BEHAVIORAL HOSPITAL"
"239801","26163","HENRY FORD HOSPITAL"
"239802","26163","CHILDRENS OF MI TRANSPLANT"
"239803","26161","UNIVERSITY OF MICHIGAN MEDICAL CENTER"
"239804","26163","ST JOHN HOSPITAL - TRANSPLANT"
"239805","26163","HARPER UNIVERSITY HOSPITAL"
"239806","26125","BEAUMONT HEALTH SYSTEM"
"239807","26081","DEVOS CHILDRENS HOSPITAL - TRANSPLANT UNIT"
"239808","26081","SAINT MARY'S HEALTH CARE"
"239809","26081","SPECTRUM HEALTH ADULT SOLID ORGAN TRANSPLANT PROGR"
"240001","27053","NORTH MEMORIAL HEALTH - ROBBINSDALE HOSPITAL"
"240002","27137","ESSENTIA HEALTH ST MARY'S MEDICAL CENTER"
"240003","27037","DIVINE REDEEMER MEMORIAL HOSPITAL"
"240004","27053","HENNEPIN COUNTY MEDICAL CENTER"
"240005","27137","WHITE COMMUNITY HOSPITAL"
"240006","27109","OLMSTED MEDICAL CENTER"
"240007","27083","AVERA MARSHALL REGIONAL MEDICAL CTR"
"240008","27157","ST ELIZABETH HOSPITAL"
"240009","27083","TRACY MUNICIPAL HOSPITAL"
"240010","27109","MAYO CLINIC HOSPITAL ROCHESTER"
"240011","27085","GLENCOE AREA HEALTH CENTER"
"240013","27097","ST GABRIELS HOSPITAL"
"240014","27037","NORTHFIELD CITY HOSPITAL"
"240016","27057","ST JOSEPHS AREA HEALTH SERVICES"
"240017","27113","NORTHWEST MEDICAL CENTER"
"240018","27049","MAYO CLINIC HEALTH SYSTEM - RED WING"
"240019","27137","ESSENTIA HEALTH DULUTH"
"240020","27059","CAMBRIDGE MEDICAL CENTER"
"240021","27079","MINNESOTA VALLEY HEALTH CENTER, INC"
"240022","27105","SANFORD WORTHINGTON MEDICAL CENTER"
"240023","27103","ST PETER COMMUNITY HOSPITAL"
"240024","27123","SAMARITAN HOSPITAL"
"240025","27159","TRI COUNTY HOSPITAL"
"240026","27027","ST ANSGAR HOSPITAL"
"240027","27121","GLACIAL RIDGE HEALTH SYSTEM"
"240028","27025","FAIRVIEW HOSPITAL CHISAGO LAKES"
"240029","27167","ST FRANCIS MEDICAL CENTER"
"24002F","27145","VA HOSP"
"240030","27041","ALOMERE HEALTH"
"240031","27145","ST MICHAEL'S HOSPITAL"
"240033","27153","ST JOHNS HOSPITAL"
"240036","27145","CENTRACARE - ST. CLOUD HOSPITAL"
"240037","27079","QUEEN OF PEACE HOSPITAL"
"240038","27123","UNITED HOSPITAL"
"24003F","27053","VETERANS AFFAIRS MEDICAL CENTER"
"240040","27137","RANGE REGIONAL HEALTH SERVICES"
"240041","27119","RIVERVIEW HOSPITAL"
"240043","27047","MAYO CLINIC HEALTH SYSTEM ALBERT LEA AND AUSTIN"
"240044","27169","WINONA HEALTH SERVICES"
"240045","27017","COMMUNITY MEMORIAL HOSPITAL"
"240046","27123","BETHESDA LUTHERAN HOSPITAL"
"240047","27137","ASPIRUS ST LUKES HOSPITAL"
"240048","27123","MIDWAY HOSPITAL"
"240049","27053","UNIVERSITY OF MINNESOTA HOSP & CLINIC"
"240050","27025","M HEALTH FAIRVIEW LAKES MEDICAL CENTER"
"240051","27075","LAKEVIEW MEMORIAL HOSPITAL INC"
"240052","27111","LAKE REGION HEALTHCARE CORPORATION"
"240053","27053","PARK NICOLLET METHODIST HOSPITAL"
"240054","27053","EITEL HOSPITAL"
"240055","27123","MIDWAY HOSPITAL"
"240056","27019","RIDGEVIEW MEDICAL CENTER"
"240057","27053","ABBOTT NORTHWESTERN HOSPITAL"
"240058","27115","PINE MEDICAL CENTER"
"240059","27037","REGINA HOSPITAL"
"240061","27109","MAYO CLINIC METHODIST- HOSPITAL"
"240062","27053","METROPOLITAN MT SINAI MEDICAL CENTER"
"240063","27123","M HEALTH FAIRVIEW ST JOSEPH'S HOSPITAL"
"240064","27061","GRAND ITASCA CLINIC AND HOSPITAL"
"240065","27011","HOLY TRINITY HOSPITAL"
"240066","27163","LAKEVIEW MEMORIAL HOSPITAL"
"240069","27147","OWATONNA HOSPITAL"
"240071","27131","ALLINA HEALTH FARIBAULT MEDICAL CENTER"
"240072","27071","FALLS MEMORIAL HOSPITAL"
"240073","27101","MURRAY COUNTY MEMORIAL HOSPITAL"
"240074","27085","ST MARYS HOSPITAL"
"240075","27035","ESSENTIA HEALTH ST JOSEPH'S MEDICAL CENTER"
"240076","27171","BUFFALO HOSPITAL"
"240077","27173","SIOUX VALLEY CANBY CAMPUS"
"240078","27053","M HEALTH FAIRVIEW SOUTHDALE HOSPITAL"
"240079","27119","FIRST CARE MEDICAL SERVICES"
"240080","27053","FAIRVIEW HOSPITAL UNIVERSITY"
"240081","27053","ST MARYS HOSPITAL"
"240082","27023","CHIPPEWA COUNTY-MONTEVIDEO HOSPITAL"
"240083","27015","NEW ULM MEDICAL CENTER"
"240084","27137","ESSENTIA HEALTH VIRGINIA"
"240085","27089","NORTH VALLEY HEALTH CENTER"
"240086","27001","RIVERWOOD HEALTH CARE CENTER"
"240087","27149","STEVENS COMMUNITY MEDICAL CENTER"
"240088","27067","CENTRACARE- RICE MEMORIAL HOSPITAL"
"240089","27049","CANNON FALLS COMMUNITY HOSPITAL"
"240090","27049","LAKE CITY MEDICAL CTR MAYO HLTH SYSTEM"
"240091","27063","LAKEFIELD MUNICIPAL HOSPITAL"
"240093","27013","MAYO CLINIC HEALTH SYSTEM - MANKATO"
"240094","27171","MONTICELLO-BIG LAKE COMM HOSPITAL"
"240096","27029","CLEARWATER COUNTY MEMORIAL HOSPITAL"
"240097","27037","TRINITY HOSPITAL"
"240098","27077","LAKEWOOD HEALTH CENTER"
"240099","27081","HENDRICKS COMMUNITY HOSPITAL"
"240100","27007","SANFORD BEMIDJI MEDICAL CENTER"
"240101","27005","ESSENTIA HEALTH ST MARYS - DETROIT LAKES"
"240102","27063","JACKSON MUNICIPAL HOSPITAL"
"240103","27111","PERHAM MEMORIAL HOSPITAL AND HOME"
"240104","27139","ST FRANCIS REGIONAL MEDICAL CENTER"
"240105","27045","COMMUNITY MEMORIAL HOSPITAL"
"240106","27123","REGIONS HOSPITAL"
"240107","27151","SWIFT COUNTY-BENSON HOSPITAL"
"240108","27073","JOHNSON MEMORIAL HOSPITAL"
"240109","27051","ELEAH MEDICAL CENTER"
"240110","27145","MELROSE AREA HOSPITAL - CENTRACARE"
"240111","27011","ORTONVILLE MUNICIPAL HOSPITAL"
"240112","27155","WHEATON COMMUNITY HOSPITAL"
"240114","27107","BRIDGES MEDICAL SERVICES"
"240115","27003","MERCY HOSPITAL"
"240116","27151","APPLETON AREA HEALTH"
"240117","27099","MAYO CLINIC HEALTH SYSTEM - AUSTIN"
"240118","27055","CALEDONIA HEALTH CARE CENTER"
"240119","27031","COOK COUNTY NORTH SHORE HOSPITAL"
"240121","27017","MERCY HOSPITAL"
"240122","27145","PAYNESVILLE AREA HOSPITAL"
"240123","27117","PIPESTONE COUNTY MED CTR & ASHTON CC"
"240124","27127","REDWOOD AREA HOSPITAL"
"240125","27033","WESTBROOK HEALTH CENTER"
"240127","27105","ARNOLD MEMORIAL HEALTH CARE CENTER"
"240128","27133","SANFORD HOSPITAL LUVERNE"
"240129","27165","MADELIA COMMUNITY HOSPITAL"
"240130","27015","SLEEPY EYE MUNICIPAL HOSPITAL"
"240131","27123","ST JOHNS HOSPITAL"
"240132","27003","UNITY HOSPITAL"
"240133","27093","MEEKER COUNTY MEMORIAL HOSPITAL"
"240134","27033","MOUNTAIN LAKE COMMUNITY HOSPITAL"
"240135","27055","TWEETEN LUTHERAN HEALTH CARE CTR HOSP"
"240136","27043","WELLS HOSPITAL"
"240137","27035","CUYUNA REGIONAL MEDICAL CENTER"
"240138","27069","KITTSON MEMORIAL HOSPITAL"
"240139","27095","MILLE LACS HEALTH SYSTEM"
"240140","27111","PELICAN VALLEY HEALTH CENTER"
"240141","27141","M HEALTH FAIRVIEW NORTHLAND MEDICAL CENTER"
"240142","27153","LONG PRAIRIE MEMORIAL HOSPITAL"
"240143","27073","MADISON HOSPITAL"
"240144","27153","LAKEWOOD HEALTH SYSTEM"
"240145","27081","TYLER HEALTHCARE CENTER, INC"
"240146","27161","WASECA AREA MEMORIAL HOSPITAL"
"240148","27087","MAHNOMEN HEALTH CENTER"
"240150","27045","HARMONY COMMUNITY HOSPITAL"
"240152","27065","KANABEC HOSPITAL"
"240153","27135","ROSEAU AREA HOSPITAL DISTRICT"
"240154","27061","DEER RIVER HEALTHCARE CENTER"
"240155","27137","ELY BLOOMENSON COMMUNITY HOSPITAL"
"240156","27135","GREENBUSH COMMUNITY HOSPITAL"
"240157","27165","ST JAMES HEALTH SERVICES"
"240158","27091","TRIMONT COMMUNITY HOSPITAL"
"240160","27121","MINNEWASKA DISTRICT HOSPITAL"
"240161","27143","ARLINGTON MUNICIPAL HOSPITAL"
"240162","27043","UNITED HOSPITAL DISTRICT"
"240163","27061","NORTHERN ITASCA HOSPITAL"
"240165","27143","GAYLORD COMMUNITY HOSPITAL"
"240166","27091","MAYO CLINIC HEALTH SYSTEM - FAIRMONT"
"240167","27111","PARKERS PRAIRIE DISTRICT HOSPITAL"
"240169","27025","RUSH CITY HOSPITAL"
"240170","27173","GRANITE FALLS MUNICIPAL HOSPITAL"
"240171","27033","WINDOM AREA HOSPITAL"
"240172","27049","ZUMBROTA HOSPITAL"
"240173","27129","RENVILLE COUNTY HOSPITAL"
"240175","27053","GOLDEN VALLEY HEALTH CENTER"
"240176","27137","EVELETH HLTH SERV PARK-FITZGERALD HOSP"
"240177","27173","COMMUNITY MEMORIAL HOSPITAL"
"240179","27015","SPRINGFIELD MEDICAL CTR/MAYO HLTH SYS"
"240180","27069","KARLSTAD MEMORIAL HOSPITAL"
"240183","27095","FAIRVIEW MILACA HOSPITAL"
"240184","27081","DIVINE PROVIDENCE HEALTH CENTER"
"240187","27085","HUTCHINSON HEALTH"
"240192","27015","COMFREY HOSPITAL INC"
"240193","27145","ALBANY AREA HOSPITAL"
"240194","27071","LITTLEFORK MUNICIPAL HOSPITAL"
"240195","27125","ST JOHNS HOSP"
"240196","27053","PHILLIPS EYE INSTITUTE"
"240200","27137","COOK COMMUNITY HOSPITAL"
"240201","27063","HERON LAKE MUNICIPAL HOSPITAL"
"240205","27021","PHS INDIAN HOSPITAL"
"240206","27007","RED LAKE HOSPITAL"
"240207","27037","M HEALTH FAIRVIEW RIDGES HOSPITAL"
"240208","27153","BERTHA MEMORIAL COMMUNITY HOSPITAL"
"240209","27115","SANDSTONE AREA HOSTAL PINE CITY"
"240210","27123","M HEALTH FAIRVIEW ST JOHN'S HOSPITAL"
"240211","27115","LAKESIDE MEDICAL CENTER"
"240212","27053","THC MINNEAPOLIS"
"240213","27163","M HEALTH FAIRVIEW WOODWINDS HOSPITAL"
"240214","27053","MAPLE GROVE HOSPITAL"
"240215","27053","MAPLE GROVE CENTER RESTORATIVE"
"240216","27053","GREENWAY SURGERY CENTER"
"240779","27087","MAHNOMEN HEALTH CENTER"
"241300","27087","MAHNOMEN HEALTH CENTER"
"241301","27077","LAKEWOOD HEALTH CENTER"
"241302","27033","SANFORD WESTBROOK MEDICAL CENTER"
"241303","27083","SANFORD TRACY MEDICAL CENTER"
"241304","27155","SANFORD WHEATON MEDICAL CENTER"
"241305","27001","RIVERWOOD HEALTHCARE CENTER"
"241306","27129","OLIVIA HOSPITAL & CLINIC"
"241307","27049","ZUMBROTA HOSPITAL"
"241308","27075","ASPIRUS LAKE VIEW HOSPITAL"
"241309","27115","ESSENTIA HEALTH SANDSTONE"
"241310","27121","MINNEWASKA DISTRICT HOSPITAL"
"241311","27143","RIDGEVIEW SIBLEY MEDICAL CENTER"
"241312","27137","COOK COMMUNITY HOSPITAL"
"241313","27107","ESSENTIA HEALTH ADA"
"241314","27073","JOHNSON MEMORIAL HOSPITAL AND HOME"
"241315","27063","SANFORD JACKSON MEDICAL CENTER"
"241316","27061","BIGFORK VALLEY HOSPITAL"
"241317","27031","NORTH SHORE HEALTH"
"241318","27137","ELY - BLOOMENSON COMMUNITY HOSPITAL"
"241319","27101","MURRAY COUNTY MEMORIAL HOSPITAL"
"241320","27119","RIVERVIEW HOSPITAL"
"241321","27011","ESSENTIA HEALTH HOLY TRINITY HOSPITAL"
"241322","27071","RAINY LAKE MEDICAL CENTER"
"241323","27165","MADELIA HEALTH"
"241324","27081","DIVINE PROVIDENCE HEALTH CENTER"
"241325","27023","CCM HEALTH"
"241326","27153","CENTRACARE - LONG PRAIRIE HOSPITAL"
"241327","27015","SLEEPY EYE MEDICAL CENTER"
"241328","27029","SANFORD BAGLEY MEDICAL CENTER"
"241329","27153","LAKEWOOD HEALTH SYSTEM"
"241330","27145","CENTRACARE - MELROSE HOSPITAL"
"241331","27145","ALBANY AREA HOSPITAL"
"241332","27033","WINDOM AREA HEALTH"
"241333","27165","MAYO CLINIC HEALTH SYSTEM ST. JAMES"
"241334","27103","RIVER'S EDGE HOSPITAL & CLINIC"
"241335","27157","GUNDERSEN ST ELIZABETH'S HOSPITAL AND CLINICS"
"241336","27069","KITTSON HEALTHCARE"
"241337","27089","NORTH VALLEY HEALTH CENTER"
"241338","27049","MAYO CLINIC HEALTH SYSTEM - LAKE CITY"
"241339","27081","HENDRICKS COMMUNITY HOSPITAL"
"241340","27137","ESSENTIA HEALTH NORTHERN PINES MEDICAL CENTER"
"241341","27151","APPLETON AREA HEALTH"
"241342","27011","ORTONVILLE MUNICIPAL HOSPITAL"
"241343","27173","AVERA GRANITE FALLS"
"241344","27135","LIFECARE MEDICAL CENTER"
"241345","27161","MAYO CLINIC HEALTH SYSTEM-WASECA"
"241346","27049","MAYO CLINIC HEALTH SYSTEM-CANNON FALLS"
"241347","27173","SANFORD CANBY MEDICAL CENTER"
"241348","27081","AVERA TYLER HOSPITAL"
"241349","27145","CENTRACARE - PAYNESVILLE HOSPITAL"
"241350","27017","ESSENTIA HEALTH MOOSE LAKE"
"241351","27127","CENTRACARE - REDWOOD"
"241352","27015","MAYO CLINIC HEALTH SYSTEM-SPRINGFIELD"
"241353","27035","CUYUNA REGIONAL MEDICAL CENTER"
"241354","27111","ASTERA HEALTH"
"241355","27085","GLENCOE REGIONAL HEALTH"
"241356","27095","MILLE LACS HEALTH SYSTEM"
"241357","27119","ESSENTIA HEALTH FOSSTON"
"241358","27021","CASS LAKE INDIAN HEALTH SERVICES HOSPITAL"
"241359","27083","AVERA MARSHALL REGIONAL MEDICAL CENTER"
"241360","27061","DEER RIVER HEALTHCARE CENTER"
"241361","27139","MAYO CLINIC HEALTH SYSTEM NEW PRAGUE"
"241362","27171","CENTRACARE - MONTICELLO HOSPITAL"
"241363","27149","STEVENS COMMUNITY MEDICAL CENTER INC"
"241364","27017","COMMUNITY MEMORIAL HOSPITAL"
"241365","27151","CENTRACARE - BENSON"
"241366","27093","MEEKER MEMORIAL HOSPITAL"
"241367","27065","WELIA HEALTH"
"241368","27145","CENTRACARE-SAUK CENTRE HOSPITAL"
"241369","27043","UNITED HOSPITAL DISTRICT"
"241370","27097","ST GABRIELS HOSPITAL"
"241371","27133","SANFORD LUVERNE MEDICAL CENTER"
"241372","27073","MADISON HOSPITAL"
"241373","27111","PERHAM HEALTH"
"241374","27117","PIPESTONE COUNTY  MEDICAL CENTER"
"241375","27079","RIDGEVIEW LESUEUR MEDICAL CENTER"
"241376","27121","GLACIAL RIDGE HOSPITAL"
"241377","27167","ST FRANCIS MEDICAL CENTER"
"241378","27015","NEW ULM MEDICAL CENTER"
"241379","27051","LAKE REGION HEALTHCARE CORPORATION"
"241380","27057","ST JOSEPHS AREA  HEALTH SERVICES"
"241381","27113","SANFORD MEDICAL CENTER THIEF RIVER FALLS"
"241990","27053","CLIFTON HOUSE"
"241991","27123","BEACON HAVEN"
"242004","27123","M HEALTH FAIRVIEW BETHESDA HOSPITAL"
"242005","27053","REGENCY HOSPITAL OF MINNEAPOLIS LLC"
"243025","27035","MINNESOTA NEUROREHABILITATION HOSPITAL"
"243300","27123","GILLETTE CHILDRENS SPECIALTY HEALTHCARE"
"243301","27123","CHILDREN'S HOSPITAL/CLINIC ST PAUL"
"243302","27053","CHILDREN'S HOSPITAL AND CLINICS OF MINNESOTA"
"243303","27053","SHRINERS HOSPITALS FOR CHILDREN - TWIN CITIES"
"244002","27003","ANOKA METRO REGIONAL TREATMENT CENTER"
"244003","27111","FERGUS FALLS REGIONAL TREATMENT CENTER"
"244004","27103","ST PETER REGIONAL TREATMENT CENTER"
"244005","27067","CHILD AND ADOLESCENT BEHAVIORAL HEALTH HOSPITAL"
"244006","27137","EVELETH BEHAVIORAL HEALTH SOS"
"244008","27035","BRAINERD REGIONAL HUMAN SERVICES CTR"
"244009","27109","MAYO PSYCHIATRY & PSYCHOLOGY TRTMT CTR"
"244010","27103","COMM BEHAVIORAL HEALTH HOSP - ST PETER"
"244011","27171","COMMUNITY BEHAVIORAL HEALTH HOSPITAL ANNANDALE"
"244012","27041","COMMUNITY BEHAVIORAL HEALTH HOSPITAL ALEXANDRIA"
"244013","27111","COMMUNITY BEHAVIORAL HEALTH HOSPITAL FERGUS FALLS"
"244014","27007","COMMUNITY BEHAVIORAL HEALTH HOSPITAL - BEMIDJI"
"244015","27035","COMMUNITY BEHAVIORAL HEALTH HOSPITAL - BAXTER"
"244016","27053","PRAIRIECARE"
"244017","27109","COMMUNITY BEHAVIORAL HEALTH HOSPITAL ROCHESTER"
"244018","27113","SANFORD BEHAVIORAL HEALTH CENTER"
"244019","27123","CAPITOL PARK MENTAL HEALTH HOSPITAL"
"249801","27109","MAYO CLINIC HOSPITAL-ROCHESTER"
"249802","27053","ABBOTT NORTHWESTERN ORGAN TRANSPLANT HOSPITAL"
"249803","27109","MAYO CLINIC HOSPITAL-ROCHESTER"
"249804","27053","M HEALTH FAIRVIEW UNIVERSITY"
"249805","27053","HENNEPIN COUNTY MEDICAL CENTER"
"249806","27053","CHILDREN'S HOSPITALS OF MN ORGAN TRANSPLANT"
"250001","28049","UNIVERSITY OF MISSISSIPPI MED CENTER"
"250002","28141","TISHOMINGO HEALTH SERVICES INC"
"250003","28115","NORTH MS MEDICAL CTR PONTOTOC HOSPITAL"
"250004","28081","NORTH MISSISSIPPI MEDICAL CENTER"
"250005","28111","PERRY COUNTY GENERAL HOSPITAL"
"250006","28145","BAPTIST MEMORIAL HOSPITAL UNION COUNTY"
"250007","28047","MEMORIAL HOSPITAL BILOXI"
"250008","28095","PIONEER COMMUNITY HOSPITAL OF ABERDEEN"
"250009","28003","MAGNOLIA REGIONAL HEALTH CENTER"
"250010","28139","TIPPAH COUNTY HOSPITAL"
"250012","28093","ALLIANCE HEALTHCARE SYSTEM"
"250014","28075","PHYSICIANS HOSPITAL"
"250015","28043","GRENADA LAKE MEDICAL CENTER"
"250016","28013","COMMUNITY HOSPITAL OF CALHOUN COUNTY"
"250017","28017","PROGRESSIVE HEALTH GROUP OF HOUSTON"
"250018","28061","JASPER GENERAL HOSPITAL"
"250019","28047","MEMORIAL HOSPITAL AT GULFPORT"
"250020","28155","WEBSTER GENERAL HOSPITAL/ SWING BED"
"250021","28017","OKOLONA COMMUNITY HOSPITAL"
"250023","28109","PEARL RIVER COUNTY HOSPITAL"
"250024","28135","TALLAHATCHIE GENERAL HOSPITAL"
"250025","28095","NORTH MISSISSIPPI MEDICAL CENTER-GILMORE AMORY"
"250027","28159","WINSTON MEDICAL CENTER & SWINGBED"
"250029","28123","S E LACKEY MEMORIAL HOSPITAL"
"250030","28079","LEAKE COUNTY MEMORIAL HOSP"
"250031","28149","MERIT HEALTH RIVER REGION"
"250032","28149","PARKVIEW REGIONAL MEDICAL CENTER"
"250033","28101","LAIRD HOSPITAL"
"250034","28071","BAPTIST MEMORIAL HOSPITAL NORTH MS"
"250035","28037","FRANKLIN COUNTY MEMORIAL HOSPITAL"
"250036","28039","GEORGE REGIONAL HEALTH SYSTEM"
"250037","28065","PRENTISS CO REGIONAL HOSP"
"250038","28089","UMMC- MADISON"
"250039","28029","HARDY WILSON MEMORIAL HOSPITAL"
"250040","28059","SINGING RIVER HEALTH SYSTEM"
"250041","28073","LUMBERTON CITIZENS HOSP-"
"250042","28027","NORTHWEST MISSISSISSIPPI REGIONAL MEDICAL CENTER"
"250043","28099","NESHOBA COUNTY GENERAL HOSPITAL"
"250044","28117","BAPTIST MEMORIAL HOSPITAL BOONEVILLE"
"250045","28045","HANCOCK MEDICAL HOSPITAL"
"250046","28131","METHODIST HOSPITAL OF STONE COUNTY"
"250047","28019","CHOCTAW COUNTY MEDICAL CENTER"
"250048","28049","FMOL HEALTH I ST DOMINIC"
"250049","28113","BEACHAM MEMORIAL HOSPITAL"
"250050","28105","BAPTIST MEMORIAL HOSPITAL-OKTIBBEHA COUNTY"
"250051","28097","KILMICHAEL HOSPITAL"
"250057","28085","KING'S DAUGHTERS MEDICAL CENTER-BROOKHAVEN"
"250058","28067","SOUTH CENTRAL REG MED CTR"
"250059","28007","MONTFORT JONES MEMORIAL HOSPITAL"
"250060","28063","JEFFERSON COUNTY HOSPITAL"
"250061","28161","YALOBUSHA GENERAL HOSPITAL"
"250062","28011","SHELBY COMMUNITY HOSPITAL"
"250063","28077","LAWRENCE COUNTY HOSPITAL"
"250065","28127","SIMPSON GENERAL HOSPITAL"
"250066","28097","TYLER HOLMES MEMORIAL HOSPITAL"
"250067","28025","NORTH MISSISSIPPI MEDICAL CENTER-WEST POINT"
"250068","28021","CLAIBORNE COUNTY HOSPITAL"
"250069","28075","OCHSNER RUSH HOSPITAL"
"250071","28133","NORTH SUNFLOWER COUNTY HOSPITAL"
"250072","28049","MERIT HEALTH CENTRAL"
"250073","28101","RUSH HOSPITAL NEWTON"
"250075","28143","TUNICA COUNTY HOSPITAL"
"250076","28069","KEMPER COMMUNITY HOSPITAL & SWING BED"
"250077","28153","WAYNE GENERAL HOSPITAL"
"250078","28035","FORREST GENERAL HOSPITAL"
"250079","28125","SHARKEY ISSAQUENA COMMUNITY HOSPITAL"
"250080","28067","LAUREL GENERAL HOSP-"
"250081","28075","ANDERSON RMC SOUTH"
"250082","28151","DELTA HEALTH SYSTEM - THE MEDICAL CENTER"
"250083","28051","UNIVERSITY HOSPITAL & CLINIC-HOLMES ( CLOSED-CAH)"
"250084","28001","MERIT HEALTH NATCHEZ"
"250085","28091","MARION GENERAL HOSPITAL"
"250086","28057","ITAWAMBA COUNTY HOSPITAL"
"250088","28157","FIELD MEMORIAL COMMUNITY HOSPITAL"
"250089","28023","H C WATKINS MEMORIAL HOSPITAL"
"250091","28079","MADDEN COMMUNITY HOSPITAL"
"250093","28011","BOLIVAR MEDICAL CENTER"
"250094","28035","MERIT HEALTH WESLEY"
"250095","28133","SOUTH SUNFLOWER COUNTY HOSPITAL"
"250096","28121","MERIT HEALTH RANKIN"
"250097","28113","SOUTHWEST MS REGIONAL MEDICAL CENTER"
"250098","28053","HUMPHREYS COUNTY MEMORIAL HOSPITAL"
"250099","28083","GREENWOOD LEFLORE HOSPITAL"
"250100","28087","BMH-GOLDEN TRIANGLE"
"250101","28051","UNIVERSITY HOSPITAL - DURANT,THE"
"250102","28049","MISSISSIPPI BAPTIST MEDICAL CENTER"
"250104","28075","ANDERSON REGIONAL MEDICAL CENTER"
"250105","28031","COVINGTON COUNTY HOSPITAL"
"250106","28129","SMITH CO GENERAL HOSP-"
"250107","28147","WALTHALL COUNTY GENERAL HOSPITAL"
"250109","28103","NOXUBEE GENERAL HOSPITAL"
"250110","28151","SOUTH WASHINGTON COUNTY HOSPITAL"
"250111","28067","SOUTH MISSISSIPPI STATE HOSPITAL"
"250112","28013","CALHOUN HEALTH SERVICES"
"250113","28107","SARDIS COMMUNITY HOSPITAL & NH"
"250114","28149","KUHN MEMORIAL STATE HOSPITAL"
"250116","28151","W S WITTE MEMORIAL HOSP-"
"250117","28109","HIGHLAND COMMUNITY  HOSPITAL"
"250118","28087","COLUMBUS HOSPITAL INC"
"250119","28163","KINGS DAUGHTERS HOSPITAL SWING BED"
"250120","28151","KINGS DAUGHTERS HOSPITAL-GREENVILLE"
"250121","28075","MATTY HERSEE HOSPITAL"
"250122","28001","MERIT HEALTH NATCHEZ-COMMUNITY CAMPUS"
"250123","28047","SINGING RIVER GULFPORT"
"250124","28127","MAGEE GENERAL HOSPITAL"
"250125","28047","GULF COAST MEDICAL CENTER"
"250126","28137","NORTH OAK REGIONAL MEDICAL CENTER"
"250127","28099","CHOCTAW HEALTH CENTER"
"250128","28107","PANOLA MEDICAL CENTER"
"250129","28049","ST DOMINIC'S DOCTORS HOSPITAL"
"250130","28155","TOM BAILEY MEMORIAL HOSP"
"250131","28119","QUITMAN COUNTY HOSPITAL & NH"
"250132","28123","WEST SCOTT BAPTIST HOSPITAL"
"250133","28041","GREENE COUNTY HOSPITAL"
"250134","28121","WHITFIELD MEDICAL SURGICAL HOSPITAL"
"250136","28121","MERIT HEALTH WOMEN'S HOSPITAL"
"250137","28081","BALDWYN SATELLITE HOSPITAL"
"250138","28121","MERIT HEALTH RIVER OAKS"
"250139","28129","SMITH COUNTY GENERAL HOSPITAL"
"250140","28073","LUMBERTON CITIZENS HOSPITAL"
"250141","28033","BAPTIST MEMORIAL HOSPITAL DESOTO"
"250142","28041","GREEN COUNTY HOSPITAL"
"250143","28143","TUNICA COUNTY HOSPITAL"
"250144","28013","BRUCE HOSPITAL"
"250145","28129","SMITH COUNTY HOSPITAL AND SWING BED"
"250146","28123","SCOTT REGIONAL HOSPITAL"
"250148","28131","STONE COUNTY HOSPITAL"
"250149","28101","PIONEER HEALTH SERVICES OF NEWTON"
"250150","28047","SELECT SPECIALTY HOSPITAL BILOXI INC"
"250151","28075","ALLIANCE HEALTH CENTER ( PSYCH )"
"250152","28049","MISSISSIPPI METHODIST REHAB CTR"
"250153","28049","SELECT SPECIALTY HOSP JACKSON INC"
"250154","28079","LEAKE COUNTY MEMORIAL HOSPITAL"
"250155","28075","REGENCY HOSPITAL OF MERIDIAN"
"250156","28083","GREENWOOD SPECIALTY HOSPITAL"
"250157","28035","REGENCY HOSPITAL OF HATTIESBURG"
"250158","28149","PROMISE SPECIALTY HOSPITAL OF VICKSBURG"
"250159","28099","ALLIANCE LAIRD HOSPITAL"
"250160","28107","BATESVILLE SPECIALTY HOSPITAL"
"250161","28049","REGENCY HOSPITAL OF JACKSON, LLC"
"250162","28045","OCHSNER MEDICAL CENTER-HANCOCK"
"250163","28129","PATIENTS CHOICE MEDICAL CTR OF SMITH COUNTY ( VT )"
"250164","28019","CHOCTAW COUNTY HOSPITAL"
"250165","28069","JOHN C STENNIS MEMORIAL HOSPITAL"
"250166","28151","ALLEGIANCE SPECIALTY HOSPITAL OF GREENVILLE"
"250167","28033","METHODIST HEALTHCARE - OLIVE BRANCH HOSPITAL"
"250168","28043","UNIVERSITY OF MISSISSIPPI MEDICAL CENTER- GRENADA"
"250169","28081","COMPREHENSIVE PAIN MANAGEMENT LLC"
"250170","28081","SOG SURGERY CENTER LLC"
"250172","28137","HIGHLAND HILLS MEDICAL CENTER"
"250173","28119","QUITMAN COMMUNITY HOSPITAL"
"250174","28093","ALLIANCE HEALTHCARE SYSTEM, INC"
"25039F","28047","US AIR FORCE HOSP"
"25041F","28087","US AIR FORCE HOSP"
"25042F","28047","VA MEDICAL CENTER GULFPORT"
"25043F","28049","GV MONTGOMERY VA MEDICAL CENTER"
"25063E","28049","DOCTORS HOSP-"
"250779","28093","ALLIANCE HEALTHCARE SYSTEM"
"25077F","28099","US PUBLIC HEALTH SERVICE INDIAN HOSP"
"250780","28063","JEFFERSON COUNTY HOSPITAL"
"250781","28107","PANOLA MEDICAL CENTER"
"250782","28041","GREENE COUNTY HOSPITAL"
"250783","28111","PERRY COUNTY GENERAL HOSPITAL"
"250784","28125","SHARKEY ISSAQUENA COMMUNITY HOSPITAL"
"250785","28017","PROGRESSIVE HEALTH GROUP OF HOUSTON"
"250786","28129","SMITH COUNTY  EMERGENCY HOSPITAL"
"25078E","28113","MC COMB CITY HOSP"
"25086E","28047","EYE EAR NOSE & THROAT HOSP"
"25092E","28001","NATCHEZ CHARITY HOSP-"
"25100E","28049","RIVERSIDE HOSP"
"251300","28123","S E LACKEY MEMORIAL HOSPITAL"
"251301","28129","RALEIGH COMMUNITY HOSPITAL"
"251302","28095","MONROE REGIONAL HOSPITAL"
"251303","28131","STONE COUNTY HOSPITAL"
"251304","28135","TALLAHATCHIE GENERAL HOSPITAL-CAH"
"251305","28077","LAWRENCE COUNTY HOSPITAL CAH"
"251306","28111","PERRY COUNTY GENERAL HOSPITAL"
"251307","28103","NOXUBEE GENERAL CRITICAL ACCESS HOSP"
"251308","28115","PONTOTOC HEALTH SERVICE CAH"
"251309","28157","FIELD HEALTH SYSTEM"
"251310","28019","CHOCTAW COUNTY MEDICAL CENTER CAH"
"251311","28053","PATIENT'S CHOICE MEDICAL CENTER OF HUMPHREYS"
"251312","28097","TYLER HOLMES MEMORIAL HOSPITAL CAH"
"251313","28163","BAPTIST MEDICAL CENTER-YAZOO"
"251314","28119","QUITMAN COUNTY HOSPITAL CAH"
"251315","28079","BAPTIST MEDICAL CENTER-LEAKE"
"251316","28023","OCHSNER WATKINS HOSPITAL"
"251317","28127","SIMPSON GENERAL HOSPITAL CAH"
"251318","28133","NORTH SUNFLOWER MEDICAL CENTER CAH"
"251319","28051","HOLMES COUNTY HOSPITAL AND CLINICS"
"251320","28021","CLAIBORNE COUNTY HOSPITAL"
"251321","28101","ALLIANCE LAIRD HOSPITAL CAH"
"251322","28099","OCHSNER LAIRD HOSPITAL"
"251323","28123","OCHSNER SCOTT REGIONAL"
"251324","28147","WALTHALL COUNTY GENERAL HOSPITAL CAH"
"251325","28031","COVINGTON COUNTY HOSPITAL CAH"
"251326","28065","JEFFERSON DAVIS COMMUNITY HOSPITAL CAH"
"251327","28029","COPIAH COUNTY MEDICAL CENTER"
"251328","28045","HANCOCK MEDICAL CENTER CAH"
"251329","28041","GREENE COUNTY HOSPITAL CAH"
"251330","28037","FRANKLIN COUNTY MEMORIAL HOSPITAL"
"251331","28013","BMH-CALHOUN"
"251332","28101","PIONEER HEALTH SERVICES OF NEWTON"
"251333","28109","PEARL RIVER COUNTY HOSPITAL"
"251334","28019","CHOCTAW REGIONAL MEDICAL CENTER"
"251335","28069","OCHSNER STENNIS MEMORIAL HOSPITAL"
"251336","28007","BAPTIST MEDICAL CENTER-ATTALA"
"251337","28139","TIPPAH COUNTY HOSPITAL"
"251338","28125","SHARKEY ISSAQUENA COMMUNITY HOSPITAL"
"251339","28119","QUITMAN COMMUNITY HOSPITAL"
"251340","28099","NESHOBA COUNTY GENERAL HOSPITAL"
"252003","28049","SELECT SPECIALTY HOSPITAL - BELHAVEN"
"252004","28075","OCHSNER SPECIALTY HOSPITAL"
"252005","28047","SELECT SPECIALTY HOSPITAL-GULF COAST, INC"
"252006","28075","REGENCY HOSPITAL OF MERIDIAN"
"252007","28049","SELECT SPECIALTY HOSPITAL JACKSON"
"252008","28149","KPC PROMISE HOSPITAL OF VICKSBURG"
"252009","28035","REGENCY HOSPITAL OF HATTIESBURG"
"252010","28083","GREENWOOD - AMG SPECIALTY HOSPITAL"
"252011","28107","BATESVILLE SPECIALTY HOSPITAL"
"252012","28049","REGENCY HOSPITAL OF JACKSON, LLC - CLOSED"
"252013","28151","ALLEGIANCE SPECIALTY HOSPITAL OF GREENVILLE"
"252014","28107","NORTH MISSISSIPPI SPECIALTY HOSPITAL"
"253025","28049","MISSISSIPPI METHODIST REHABILITATION CENTER"
"253026","28075","SPECIALITY HOSPITAL OF MERIDIAN,THE"
"253027","28047","ENCOMPASS HEALTH REHABILITATION HOSPITAL, PARTNER"
"253028","28089","BAPTIST MEMORIAL REHABILITATION HOSPITAL-MADISON"
"253300","28049","MISSISSIPPI CHILDREN'S REHAB CENTER"
"254001","28049","CHARTER BEHAVIORAL HLT SYS OF MS INC"
"254002","28047","SAND HILL HOSPITAL"
"254003","28047","GULF OAKS HOSPITAL & CLINIC"
"254004","28047","BIENVILLE RECOVERY CTR CDU"
"254005","28033","PARKWOOD BEHAVIORAL HEALTH SYSTEM"
"254006","28075","LAURELWOOD CENTER"
"254007","28121","BRENTWOOD BEHAVIORAL HEALTHCARE OF MS"
"254008","28073","SOUTH MISSISSIPPI STATE HOSPITAL"
"254009","28081","NORTH MISSISSIPPI STATE HOSPITAL"
"254010","28121","MS STATE HOSPITAL-WHITFIELD"
"254011","28047","GULFPORT BEHAVIORAL HEALTH  SYSTEM"
"254012","28047","OCEANS BEHAVIORAL HOSPITAL- BILOXI"
"254013","28081","OCEANS BEHAVIORAL HOSPITAL OF TUPELO"
"254014","28049","OCEANS BEHAVIORAL HOSPITAL OF JACKSON"
"259800","28049","UNIVERSITY OF MS MEDICAL CENTER ( TRANSPLANT CTR)"
"260001","29097","MERCY HOSPITAL JOPLIN"
"260002","29510","SOUTH POINT HOSPITAL"
"260003","29109","AURORA COMMUNITY HOSPITAL"
"260004","29053","COOPER COUNTY COMMUNITY HOSPITAL"
"260005","29183","SSM HEALTH ST JOSEPH HOSPITAL-ST CHARLES"
"260006","29021","MOSAIC LIFE CARE AT ST JOSEPH"
"260007","29097","FREEMAN HOSPITAL"
"260008","29510","ST LOUIS CONNECTCARE"
"260009","29159","BOTHWELL REGIONAL HEALTH CENTER"
"260010","29127","LEVERING HOSPITAL"
"260011","29051","SSM HEALTH ST. MARY'S HOSPITAL - JEFFERSON CITY"
"260012","29009","COX-MONETT HOSPITAL"
"260013","29097","MCCUNE BROOKS HOSPITAL"
"260014","29510","BARNES HOSPITAL"
"260015","29069","TWIN RIVERS REGIONAL MEDICAL CENTER"
"260016","29095","VENCOR HOSPITAL-KANSAS CITY"
"260017","29161","PHELPS HEALTH"
"260018","29091","ST FRANCIS HOSPITAL"
"260019","29093","ARCADIA VALLEY HOSPITAL"
"260020","29189","MERCY HOSPITAL ST LOUIS"
"260021","29510","FOREST PARK HOSPITAL"
"260022","29001","NORTHEAST REGIONAL MEDICAL CENTER"
"260023","29099","MERCY HOSPITAL JEFFERSON"
"260024","29215","TEXAS COUNTY MEMORIAL HOSPITAL"
"260025","29127","HANNIBAL REGIONAL HOSPITAL"
"260026","29195","SWEET SPRINGS COMMUNITY HOSPITAL"
"260027","29095","RESEARCH MEDICAL CENTER"
"260029","29047","EXCELSIOR SPRINGS MEDICAL CENTER"
"26002F","29169","US ARMY HOSP"
"260030","29123","MADISON MEDICAL CENTER"
"260031","29095","TRINITY LUTHERAN HOSPITAL"
"260032","29510","BARNES JEWISH HOSPITAL"
"260033","29189","DEACONESS MEDICAL CENTER NORTH"
"260034","29013","BATES COUNTY MEMORIAL HOSPITAL"
"260035","29039","CEDAR COUNTY MEMORIAL HOSPITAL"
"260036","29037","CASS MEDICAL CENTER"
"260037","29051","CAPITAL REG MED CTR-MADISON-SW"
"260039","29221","WASHINGTON COUNTY MEMORIAL HOSPITAL"
"26003F","29095","US AIR FORCE HOSP"
"260040","29077","COX MEDICAL CENTERS"
"260041","29077","LAKELAND REGIONAL HOSPITAL"
"260042","29510","BETHESDA GENERAL HOSPITAL"
"260044","29117","HEDRICK MEDICAL CENTER"
"260045","29189","DEPT OF COMMUNITY HEALTH  MED CARE"
"260047","29051","CAPITAL REGION MEDICAL CENTER"
"260048","29095","UNIVERSITY HEALTH TRUMAN MEDICAL CENTER"
"260049","29057","DADE COUNTY MEMORIAL HOSPITAL"
"26004F","29095","VA HOSP"
"260050","29147","MOSAIC MEDICAL CENTER - MARYVILLE"
"260051","29510","CENTRAL MEDICAL CENTER INC"
"260052","29071","MERCY HOSPITAL WASHINGTON"
"260053","29145","FREEMAN NEOSHO HOSPITAL"
"260054","29510","COMPTON HEIGHTS HOSPITAL"
"260055","29079","WRIGHT MEMORIAL HOSPITAL"
"260056","29107","KELLING HOSP"
"260057","29049","CAMERON REGIONAL MEDICAL CENTER"
"260058","29095","UNIVERSITY OF HEALTH SCIENCES"
"260059","29105","MERCY HOSPITAL LEBANON"
"26005F","29101","US AIR FORCE HOSP"
"260061","29217","NEVADA REGIONAL MEDICAL CENTER"
"260062","29165","SAINT LUKES NORTH HOSPITAL"
"260063","29107","LAFAYETTE REGIONAL HEALTH CENTER"
"260064","29007","PLATINUM HEALTH SYSTEMS AUDRAIN"
"260065","29077","MERCY HOSPITAL SPRINGFIELD"
"260066","29005","COMMUNITY HOSPITAL ASSOCIATION INC"
"260067","29033","CARROLL COUNTY MEMORIAL HOSPITAL"
"260068","29019","BOONE HOSPITAL CENTER"
"260070","29155","PEMISCOT COUNTY MEMORIAL HOSPITAL"
"260073","29011","BARTON COUNTY MEMORIAL HOSPITAL"
"260074","29175","MOBERLY REGIONAL MEDICAL CENTER"
"260077","29189","MERCY HOSPITAL SOUTH"
"260078","29091","OZARKS HEALTHCARE"
"260079","29115","PERSHING MEMORIAL HOSPITAL"
"26007F","29023","VA HOSP"
"260080","29181","SOUTHEAST HEALTH CENTER OF RIPLEY COUNTY"
"260081","29099","SSM HEALTH ST CLARE HOSPITAL - FENTON"
"260082","29157","PERRY COUNTY MEMORIAL HOSPITAL"
"260083","29169","PULASKI CO MEM HOSP"
"260084","29083","WINDSOR HOSP DISTRICT"
"260085","29095","ST JOSEPH MEDICAL CENTER"
"260086","29075","NORTHWEST MEDICAL CENTER"
"260088","29115","ST FRANCIS HOSPITAL"
"260089","29077","DOCTOR'S HOSPITAL OF SPRINGFIELD INC"
"26008F","29077","MEDICAL CENTER"
"260090","29021","HEARTLAND EAST HOSPITAL"
"260091","29189","SSM HEALTH ST MARY'S HOSPITAL - ST LOUIS"
"260092","29187","BONNE TERRE HOSPITAL"
"260093","29510","LINDELL HOSPITAL"
"260094","29213","COX MEDICAL CENTER BRANSON"
"260095","29095","CENTERPOINT MEDICAL CENTER"
"260096","29047","NKC HEALTH"
"260097","29101","WESTERN MISSOURI MEDICAL CENTER"
"26009F","29510","VA HOSP"
"260100","29121","MACON COUNTY SAMARITAN MEM HOSP"
"260102","29095","UNIVERSITY HEALTH LAKEWOOD MEDICAL CENTER"
"260103","29510","ST ALEXIUS HOSPITAL"
"260104","29189","SSM HEALTH DEPAUL HOSPITAL ST LOUIS"
"260105","29510","SSM HEALTH SAINT LOUIS UNIVERSITY HOSPITAL"
"260107","29095","BAPTIST LUTHERAN MEDICAL CENTER"
"260108","29189","MISSOURI BAPTIST MEDICAL CENTER"
"260109","29081","HARRISON COUNTY COMMUNITY HOSPITAL"
"26010F","29189","VA HOSP"
"260110","29031","MERCY HOSPITAL SOUTHEAST"
"260111","29089","ALBERT M KELLER MEMORIAL HOSPITAL"
"260112","29095","MENORAH MEDICAL CENTER"
"260113","29143","MISSOURI DELTA MEDICAL CENTER"
"260115","29071","MISSOURI BAPTIST HOSPITAL SULLIVAN"
"260116","29187","PARKLAND HEALTH CENTER - WEBER ROAD"
"260118","29095","ST MARYS HOSPITAL NORTH"
"260119","29023","POPLAR BLUFF REGIONAL MEDICAL CENTER"
"260120","29023","THREE RIVERS HEALTHCARE-NORTH CAMPUS"
"260121","29023","POPLAR BLUFF HOSPITAL"
"260122","29177","RAY COUNTY MEMORIAL HOSPITAL"
"260123","29009","ST JOHNS HOSPITAL-CASSVILLE"
"260127","29163","PIKE COUNTY MEMORIAL HOSPITAL"
"260128","29171","PUTNAM COUNTY MEMORIAL HOSPITAL"
"260129","29001","GRIM-SMITH HOSPITAL AND CLINIC"
"260131","29027","CALLAWAY MEMORIAL HOSPITAL"
"260133","29097","CHINN JANE MEM HOSP"
"260134","29113","LINCOLN COUNTY MEDICAL CENTER"
"260136","29510","CARE UNIT HOSP OF ST LOUIS"
"260137","29097","FREEMAN HEALTH SYSTEM - FREEMAN WEST"
"260138","29095","ST LUKES HOSPITAL OF KANSAS CITY"
"260141","29019","UNIVERSITY OF MISSOURI HEALTH CARE"
"260142","29195","FITZGIBBON HOSPITAL"
"260143","29211","SULLIVAN COUNTY MEMORIAL HOSPITAL"
"260146","29019","FISCHEL ELLIS STATE CANCER HOSPITAL"
"260147","29185","SAC-OSAGE HOSPITAL"
"260148","29185","ELLETT MEMORIAL HOSPITAL"
"260150","29510","ST LOUIS CITY HOSP"
"260152","29095","CHILDREN'S MERCY HOSP"
"260158","29073","HERMANN AREA DISTRICT HOSPITAL"
"260159","29189","CHRISTIAN HOSPITAL NORTHWEST"
"260160","29207","MERCY HOSPITAL STODDARD"
"260162","29189","BARNES-JEWISH WEST COUNTY HOSPITAL"
"260163","29187","PARKLAND HEALTH CENTER"
"260164","29186","STE GENEVIEVE COUNTY MEMORIAL HOSPITAL"
"260165","29201","NORTH SCOTT MEDICAL CENTER"
"260166","29095","MEDICAL CENTER OF INDEPENDENCE"
"260171","29510","ST LOUIS STATE MENTAL HOSPITAL"
"260172","29065","SALEM MEMORIAL DISTRICT HOSPITAL"
"260173","29199","SCOTLAND COUNTY MEMORIAL HOSPITAL"
"260175","29083","GOLDEN VALLEY MEMORIAL HOSPITAL"
"260176","29189","ST LUKE'S DES PERES HOSPITAL"
"260177","29047","LIBERTY HOSPITAL"
"260178","29019","WOMEN'S AND CHILDREN'S HOSPITAL"
"260179","29189","ST LUKES HOSPITAL"
"26017E","29189","SHRINERS HOSP FOR CRIPPLED CHILDREN"
"260180","29189","CHRISTIAN HOSPITAL NORTHEAST-NORTHWEST"
"260182","29229","MERCY HOSPITAL"
"260183","29031","SAINT FRANCIS MEDICAL CENTER"
"260184","29195","MARSHALL HABILITATION CTR"
"260186","29029","LAKE REGIONAL HEALTH SYSTEM"
"260187","29095","PLAZA HOSPITAL"
"260188","29095","PARK LANE MEDICAL CENTER"
"260189","29179","REYNOLDS COUNTY GENERAL MEM HOSPITAL"
"26018E","29095","WILLOWS MATERNITY SANITARIUM"
"260190","29095","LEE'S SUMMIT MEDICAL CENTER"
"260191","29183","BARNES-JEWISH ST PETERS HOSPITAL"
"260192","29189","ST MARYS WEST"
"260193","29095","ST MARY'S MEDICAL CENTER"
"260195","29167","CITIZENS MEMORIAL HOSPITAL"
"260197","29077","COX WALNUT LAWN"
"260198","29183","SSM ST JOSEPH HEALTH CENTER - WENTZVILLE"
"260199","29095","SWOPE RIDGE REHABILITATION HOSPITAL"
"260200","29183","SSM HEALTH ST JOSEPH HOSPITAL-LAKE SAINT LOUIS"
"260201","29051","WHISPERING OAKS HOSPITAL"
"260202","29165","ST LUKE'S NORTHLAND HOSPITAL"
"260204","29510","EYE INSTITUTE, THE"
"260205","29510","NORMANDY COMMUNITY HOSPITAL"
"260206","29189","ALL SAINTS SPECIAL CARE HOSPITAL"
"260207","29077","OZARKS COMMUNITY HOSPITAL"
"260208","29189","SELECT SPECIALTY HOSPITAL"
"260209","29027","PLATINUM HEALTH SYSTEMS CALLAWAY"
"260210","29510","SOUTH CITY HOSPITAL"
"260211","29095","SAINT LUKES CANCER INSTITUTE"
"260212","29189","RANKEN JORDAN A PEDIATRIC REHAB"
"260213","29095","SELECT SPECIALTY HOSPITAL WESTERN MISSOURI"
"260214","29037","BELTON REGIONAL MEDICAL CENTER"
"260215","29195","I-70 MEDICAL CENTER"
"260216","29095","SAINT LUKE'S EAST HOSPITAL"
"260217","29031","LANDMARK HOSPITAL OF CAPE GIRARDEAU, LLC"
"260218","29093","IRON COUNTY HOSPITAL"
"260219","29183","PROGRESS WEST HOSPITAL"
"260220","29097","LANDMARK HOSPITAL OF JOPLIN, LLC"
"260221","29077","SELECT SPECIALTY HOSPITAL - SPRINGFIELD INC"
"260222","29047","NORTHLAND LTAC HOSPITAL"
"260223","29021","HEARTLAND LONG TERM ACUTE CARE HOSPITAL"
"260224","29019","LANDMARK HOSPITAL OF COLUMBIA, LLC"
"260227","29023","BLACK RIVER COMMUNITY MEDICAL CENTER"
"260228","29097","MERCY MCCUNE BROOKS HOSPITAL"
"260229","29179","SOUTHEAST HEALTH CENTER OF REYNOLDS COUNTY"
"260230","29189","KINDRED HOSPITAL-ST LOUIS AT MERCY"
"260232","29189","ST LOUIS SPINE AND OTHOPEDIC SURGERY CENTER"
"26023F","29019","HARRY S TRUMAN MEMORIAL VETERANS HOSPITAL"
"26024E","29189","ST LOUIS STATE SCHOOL & HOSP"
"260321","29095","BEACON SURGERY CENTER"
"260779","29187","PARKLAND HEALTH CENTER - BONNE TERRE"
"260780","29155","PEMISCOT COUNTY MEMORIAL HOSPITAL"
"261300","29179","REYNOLDS COUNTY MEMORIAL HOSPITAL"
"261301","29185","ELLETT MEMORIAL HOSPITAL"
"261302","29123","MADISON MEDICAL CENTER"
"261303","29005","COMMUNITY HOSPITAL ASSOCIATION"
"261304","29179","ADVANCED HEALTHCARE MEDICAL CENTER"
"261305","29171","PUTNAM COUNTY MEMORIAL HOSPITAL"
"261306","29211","SULLIVAN COUNTY MEMORIAL HOSPITAL"
"261307","29115","PERSHING MEMORIAL HOSPITAL"
"261308","29221","WASHINGTON COUNTY MEMORIAL HOSPITAL"
"261309","29079","WRIGHT MEMORIAL HOSPITAL"
"261310","29199","SCOTLAND COUNTY  HOSPITAL"
"261311","29157","MERCY HOSPITAL PERRY"
"261312","29081","HARRISON COUNTY COMMUNITY HOSPITAL"
"261313","29121","MACON COUNTY SAMARITAN MEMORIAL HOSPITAL"
"261314","29073","HERMANN AREA DISTRICT HOSPITAL"
"261315","29187","PARKLAND HEALTH CENTER - BONNE TERRE"
"261316","29109","MERCY HOSPITAL AURORA"
"261317","29009","MERCY HOSPITAL CASSVILLE"
"261318","29065","SALEM MEMORIAL DISTRICT HOSPITAL"
"261319","29113","MERCY HOSPITAL LINCOLN"
"261320","29107","LAFAYETTE REGIONAL HEALTH CENTER"
"261321","29117","HEDRICK MEDICAL CENTER"
"261322","29047","EXCELSIOR SPRINGS HOSPITAL"
"261323","29039","CEDAR COUNTY MEMORIAL HOSPITAL"
"261324","29037","CASS REGIONAL MEDICAL CENTER"
"261325","29011","COX BARTON COUNTY HOSPITAL"
"261326","29097","MERCY MCCUNE BROOKS HOSPITAL"
"261327","29177","RAY COUNTY MEMORIAL HOSPITAL"
"261328","29075","MOSAIC MEDICAL CENTER ALBANY"
"261329","29009","COX MONETT HOSPITAL"
"261330","29186","STE GENEVIEVE COUNTY MEMORIAL HOSPITAL"
"261331","29145","FREEMAN NEOSHO HOSPITAL"
"261332","29033","CARROLL COUNTY MEMORIAL HOSPITAL"
"261333","29163","PIKE COUNTY MEMORIAL HOSPITAL"
"261334","29195","I-70 COMMUNITY HOSPITAL"
"261335","29091","MERCY ST FRANCIS HOSPITAL"
"261336","29093","IRON COUNTY MEDICAL CENTER"
"261337","29055","MISSOURI BAPTIST SULLIVAN HOSPITAL"
"261338","29097","MERCY HOSPITAL CARTHAGE"
"261339","29179","SOUTHEAST HEALTH CENTER OF REYNOLDS COUNTY"
"261340","29147","MOSAIC MEDICAL CENTER - MARYVILLE"
"261993","29189","PEACE HAVEN ASSOCIATION"
"262001","29109","MISSOURI REHABILITATION CTR"
"262006","29217","NEVADA HABILITATION CTR"
"262007","29095","SWOPE RIDGE REHABILITATION CTR"
"262008","29510","ST LOUIS STATE HOSP MED/SURG"
"262010","29189","KINDRED HOSPITAL ST LOUIS SOUTH"
"262011","29095","KINDRED HOSPITAL - KANSAS CITY"
"262012","29189","MERCY CONTINUING CARE HOSPITAL"
"262013","29183","SELECT SPECIALTY HOSPITAL-ST LOUIS"
"262014","29095","SELECT SPECIALTY HOSPITAL - WESTERN MISSOURI"
"262015","29031","LANDMARK HOSPITAL OF CAPE GIRARDEAU, LLC"
"262016","29097","LANDMARK HOSPITAL OF JOPLIN, LLC"
"262017","29077","SELECT SPECIALTY HOSPITAL SPRINGFIELD, INC"
"262018","29047","KINDRED HOSPITAL NORTHLAND"
"262019","29021","MOSIAC LIFE CARE AT ST JOSEPH"
"262020","29019","LANDMARK HOSPITAL OF COLUMBIA, LLC"
"262021","29189","KINDRED HOSPITAL-ST LOUIS AT MERCY"
"263025","29189","SSM REHABILITATION INSTITUTE"
"263026","29095","REHAB INSTITUTE"
"263027","29019","RUSK REHABILITATION CTR"
"263028","29510","THE REHABILITATION INSTITUTE OF ST. LOUIS, AN AFFI"
"263029","29189","MERCY REHABILITATION HOSPITAL ST LOUIS"
"263030","29189","ST LUKE'S REHABILITATION HOSPITAL"
"263031","29189","SSM HEALTH REHABILITATION HOSPITAL"
"263032","29077","MERCY REHABILITATION HOSPITAL SPRINGFIELD"
"263033","29019","LANDMARK REHABILITATION HOSPITAL OF COLUMBIA, LLC"
"263034","29189","MERCY REHABILITATION HOSPITAL SOUTH"
"263035","29043","COXHEALTH REHABILITATION HOSPITAL"
"263300","29510","SSM CARDINAL GLENNON CHILDREN'S HOSPIT"
"263301","29510","ST LOUIS CHILDRENS HOSPITAL"
"263302","29095","CHILDRENS MERCY HOSPITAL"
"263303","29189","RANKEN JORDAN PEDIATRIC BRIDGE HOSPITAL"
"263304","29510","SHRINERS HOSPITALS FOR CHILDREN"
"264003","29217","NEVADA STATE HOSPITAL"
"264004","29027","FULTON STATE HOSPITAL"
"264005","29187","SOUTHEAST MISSOURI MENTAL HLTH CTR"
"264007","29021","NORTHWEST MISSOURI PSYCHIATRIC REHAB CTR"
"264008","29095","CENTER FOR BEHAVIORAL MEDICINE"
"264009","29510","MALCOLM BLISS MENTAL HEALTH CTR"
"264010","29510","ST LOUIS FORENSIC TREATMENT CENTER"
"264011","29019","MID-MISSOURI MENTAL HEALTH CENTER"
"264012","29183","CENTERPOINTE HOSPITAL"
"264013","29217","HEARTLAND BEHAVORIAL HEALTH SERVICES"
"264014","29510","CAREUNIT HOSPITAL OF ST LOUIS"
"264015","29019","CHARTER BEHAVIORAL HS OF COLUMBIA"
"264016","29095","RESEARCH PSYCHIATRIC CTR"
"264017","29095","TWO RIVERS BEHAVIORAL HEALTH SYSTEM"
"264018","29095","CRITTENTON CHILDREN'S CENTER"
"264019","29510","CAREUNIT HOSPITAL OF ST LOUIS"
"264020","29083","ROYAL OAKS HOSPITAL"
"264021","29165","VALUEMARK HEALTHCARE OF KANSAS CITY"
"264022","29189","WEST RIVERS HOSPITAL"
"264023","29051","WHISPERING OAKS HOSPITAL"
"264024","29077","LAKELAND BEHAVIORAL HEALTH SYSTEM"
"264025","29510","METROPOLITAN ST LOUIS PSYCHIATRIC CTR"
"264026","29051","RIVERSIDE HOSPITAL"
"264027","29039","SOUTHWEST MISSOURI PSYCHIATRIC REHABILITATION CTR"
"264028","29189","HAWTHORN CHILDREN'S PSYCHIATRIC HOSPITAL"
"264029","29510","ST LOUIS REGIONAL PSYCHIATRIC STABILIZATION CENTER"
"264030","29047","SIGNATURE PSYCHIATRIC HOSPITAL"
"264031","29029","OSAGE BEACH CENTER FOR BEHAVIORAL HEALTH"
"264032","29019","CENTERPOINTE HOSPITAL OF COLUMBIA"
"264033","29077","PERIMETER BEHAVIORAL HOSPITAL OF SPRINGFIELD"
"264034","29031","SOUTHEAST BEHAVIORAL HOSPITAL"
"264035","29189","MARYLAND HEIGHTS CENTER FOR BEHAVIORAL HEALTH"
"269800","29095","ST LUKE'S HOSPITAL OF KANSAS CITY"
"269801","29095","RESEARCH MEDICAL CENTER"
"269802","29510","ST LOUIS UNIVERSITY HOSPITAL"
"269803","29510","BARNES-JEWISH HOSPITAL"
"269804","29019","UNIVERSITY OF MO HOSPITAL & CLINICS"
"269805","29510","ST LOUIS CHILDREN'S HOSPITAL"
"269806","29095","THE CHILDREN'S MERCY HOSPITAL"
"269807","29510","SSM CARDINAL GLENNON CHILDREN'S HOSPITAL"
"270001","30047","MISSION VALLEY HOSPITAL"
"270002","30017","HOLY ROSARY HEALTHCARE"
"270003","30049","ST PETERS HEALTH"
"270004","30111","BILLINGS CLINIC HOSPITAL"
"270006","30007","BROADWATER HEALTH CENTER"
"270007","30095","STILLWATER COMMUNITY HOSP"
"270008","30047","ST JOSEPH HOSPITAL"
"270009","30023","COMMUNITY HOSPITAL OF ANACONDA"
"270011","30027","CENTRAL MONTANA MEDICAL CENTER"
"270012","30013","BENEFIS HOSPITALS INC"
"270013","30013","COLUMBUS HOSPITAL CORP"
"270014","30063","ST PATRICK HOSPITAL"
"270016","30087","ROSEBUD HEALTH CARE CENTER"
"270017","30093","INTERMOUNTAIN HEALTH ST JAMES HOSPITAL"
"270018","30063","MISSOULA GENERAL HOSPITAL"
"270019","30047","ST LUKE COMMUNITY HOSPITAL"
"27001F","30105","US AIR FORCE HOSP"
"270021","30083","SIDNEY HEALTH CENTER"
"270023","30063","COMMUNITY MEDICAL CENTER"
"270024","30085","TRINITY HOSPITAL"
"270026","30101","MARIAS MEDICAL CENTER"
"270027","30051","LIBERTY COUNTY HOSPITAL"
"270028","30001","BARRETT MEMORIAL HOSPITAL"
"270029","30009","BEARTOOTH HOSP & HEALTH CENTER"
"27002F","30013","US AIR FORCE HOSP"
"270030","30097","SWEET GRASS COMMUNITY HOSPITAL"
"270031","30099","TETON MEDICAL CENTER"
"270032","30041","NORTHERN MONTANA HOSPITAL"
"270033","30107","WHEATLAND MEMORIAL HOSPITAL"
"270035","30053","ST JOHNS LUTHERAN HOSPITAL"
"270036","30019","DANIELS MEMORIAL HOSPITAL"
"270039","30073","PONDERA MEDICAL CENTER"
"27003F","30049","VA HOSP"
"270040","30029","NORTH VALLEY HOSPITAL"
"270041","30077","POWELL COUNTY MEMORIAL HOSPITAL"
"270042","30011","DAHL MEMORIAL HOSPITAL"
"270043","30055","MCCONE COUNTY HOSPITAL"
"270044","30105","FRANCES MAHON DEACONESS HOSPITAL"
"270046","30071","PHILLIPS COUNTY HOSPITAL ASSOCIATION"
"270047","30039","GRANITE COUNTY MEM HOSPITAL"
"270048","30021","GLENDIVE MEDICAL CENTER"
"270049","30111","INTERMOUNTAIN HEALTH ST VINCENT REGIONAL HOSPITAL"
"27004F","30017","VA HOSP"
"270050","30081","MARCUS DALY MEMORIAL HOSPITAL"
"270051","30029","LOGAN HEALTH MEDICAL CENTER"
"270052","30025","FALLON COUNTY MEDICAL COMPLEX"
"270053","30015","BIG SANDY MEDICAL CENTER"
"270055","30077","MONTANA STATE HOSPITAL-GALEN CAMPUS"
"270057","30031","BOZEMAN HEALTH DEACONESS REGIONAL MEDICAL CENTER"
"270058","30091","SHERIDAN MEMORIAL HOSPITAL"
"270059","30057","RUBY VALLEY HOSPITAL,THE"
"270060","30085","NORTHEAST MT HEALTH SERVICES"
"270063","30057","MADISON VALLEY HOSPITAL"
"270067","30085","ROOSEVELT MEMORIAL HOSPITAL"
"270068","30059","MOUNTAINVIEW MEDICAL CENTER"
"270070","30033","GARFIELD COUNTY HEALTH CENTER INC"
"270071","30079","PRAIRIE COMMUNITY HOSPITAL"
"270072","30015","MISSOURI RIVER MEDICAL CTR - HOSPITAL"
"270073","30061","MINERAL COMMUNITY HOSPITAL"
"270074","30035","P H S INDIAN HOSPITAL AT BROWNING - BLACKFEET"
"270075","30003","P H S INDIAN HOSPITAL CROW / NORTHERN CHEYENNE"
"270076","30005","PHS INDIAN HOSPITAL - FT BELKNAP"
"270079","30003","BIG HORN COUNTY MEMORIAL HOSPITAL"
"270080","30067","LIVINGSTON MEMORIAL HOSPITAL"
"270081","30065","ROUNDUP MEMORIAL HEALTHCARE"
"270082","30035","NORTHERN ROCKIES MEDICAL CENTER INC"
"270083","30089","CLARK FORK VALLEY HOSPITAL"
"270084","30047","ST JOSEPH HOSPITAL CORP"
"270085","30039","GRANITE COUNTY MEMORIAL HOSPITAL"
"270086","30013","GREAT FALLS CLINIC HOSPITAL"
"270087","30029","THE HEALTHCENTER"
"270088","30111","ADVANCED CARE HOSPITAL OF MONTANA"
"270089","30031","BIG SKY MEDICAL CENTER"
"270091","30111","YELLOWSTONE SURGERY CENTER LLC"
"270092","30111","YELLOWSTONE SURGERY CENTER WEST"
"270093","30063","MISSOULA BONE & JOINT SURGERY CENTER LLC"
"270779","30033","GARFIELD COUNTY HEALTH CENTER"
"271300","30085","POPLAR COMMUNITY HOSPITAL"
"271301","30025","FALLON MEDICAL COMPLEX HOSPITAL"
"271302","30011","DAHL MEMORIAL HEALTHCARE ASSOCIATION INC"
"271303","30039","GRANITE COUNTY MEDICAL CENTER"
"271304","30015","MISSOURI RIVER MEDICAL CENTER"
"271305","30055","MCCONE COUNTY HEALTH CENTER"
"271306","30059","MOUNTAINVIEW MEDICAL CENTER"
"271307","30099","BENEFIS TETON MEDICAL CENTER"
"271308","30085","ROOSEVELT MEDICAL CENTER"
"271309","30079","PRAIRIE COMMUNITY HOSPITAL"
"271310","30033","GARFIELD COUNTY HEALTH CENTER"
"271311","30015","BIG SANDY MEDICAL CENTER"
"271312","30071","PHILLIPS COUNTY MEDICAL CENTER"
"271313","30097","PIONEER MEDICAL CENTER"
"271314","30077","DEER LODGE MEDICAL CENTER"
"271315","30005","P H S INDIAN HOSPITAL-FT BELKNAP AT HARLEM - CAH"
"271316","30105","FRANCES MAHON DEACONESS HOSPITAL"
"271317","30067","LIVINGSTON HEALTHCARE"
"271318","30001","BARRETT HOSPITAL & HEALTHCARE"
"271319","30057","RUBY VALLEY MEDICAL CENTER"
"271320","30053","CABINET PEAKS MEDICAL CENTER"
"271321","30107","WHEATLAND MEMORIAL HOSPITAL"
"271322","30091","SHERIDAN MEMORIAL HOSPITAL"
"271323","30089","CLARK FORK VALLEY HOSPITAL"
"271324","30073","LOGAN HEALTH - CONRAD"
"271325","30047","ST LUKE COMMUNITY HOSPITAL"
"271326","30009","BEARTOOTH BILLINGS CLINIC"
"271327","30087","ROSEBUD HEALTH CARE CENTER"
"271328","30101","LOGAN HEALTH - SHELBY"
"271329","30057","MADISON VALLEY MEDICAL CENTER"
"271330","30095","STILLWATER BILLINGS CLINIC"
"271331","30061","MINERAL COMMUNITY HOSPITAL"
"271332","30021","GLENDIVE MEDICAL CENTER"
"271333","30007","BILLINGS CLINIC BROADWATER"
"271334","30051","LOGAN HEALTH - CHESTER"
"271335","30023","COMMUNITY HOSPITAL OF ANACONDA"
"271336","30029","LOGAN HEALTH - WHITEFISH"
"271337","30035","NORTHERN ROCKIES MEDICAL CENTER"
"271338","30003","BIG HORN HOSPITAL"
"271339","30003","P H S INDIAN HOSPITAL CROW / NORTHERN CHEYENNE"
"271340","30081","BITTERROOT HEALTH - DALY HOSPITAL"
"271341","30085","TRINITY HOSPITAL"
"271342","30019","DANIELS MEMORIAL HOSPITAL"
"271343","30047","PROVIDENCE ST JOSEPH MEDICAL CENTER"
"271344","30083","SIDNEY HEALTH CENTER"
"271345","30027","CENTRAL MONTANA MEDICAL CENTER"
"271346","30065","ROUNDUP MEMORIAL HEALTHCARE"
"271347","30017","HOLY ROSARY HEALTHCARE"
"271348","30041","NORTHERN MONTANA HOSPITAL"
"271389","30031","BIG SKY MEDICAL CENTER"
"272001","30111","ADVANCED CARE HOSPITAL OF MONTANA"
"273025","30111","REHABILITATION HOSPITAL OF MONTANA"
"273301","30049","SHODAIR CHILDRENS HOSP"
"274002","30029","GLACIER VIEW HOSPITAL"
"274003","30111","RIVENDELL6PSYCHIATRIC CTR"
"274004","30049","SHODAIR CHILDREN'S HOSPITAL"
"274005","30093","CCS OF MONTANA, INC"
"274086","30023","MONTANA STATE HOSPITAL"
"280001","31095","JEFFERSON COMMUNITY HEALTH CENTER"
"280003","31109","BRYAN MEDICAL CENTER"
"280004","31163","SACRED HEART HOSPITAL INC"
"280005","31109","BRYANLGH MEDICAL CENTER WEST"
"280009","31019","CHI HEALTH GOOD SAMARITAN"
"280010","31055","DOUGLAS COUNTY HEALTH CENTER"
"280011","31003","ANTELOPE MEMORIAL HOSPITAL"
"280012","31119","OUR LADY OF LOURDES HOSPITAL"
"280013","31055","THE NEBRASKA MEDICAL CENTER"
"280014","31181","WEBSTER COUNTY COMMUNITY HOSPITAL"
"280015","31033","MEMORIAL HEALTH CENTER"
"280017","31147","COMMUNITY MEDICAL CENTER INC"
"280018","31029","CHASE COUNTY COMMUNITY HOSPITAL"
"280020","31109","CHI HEALTH ST ELIZABETH"
"280021","31145","COMMUNITY HOSPITAL"
"280022","31099","KEARNEY COUNTY HEALTH SERVICES"
"280023","31079","CHI HEALTH ST FRANCIS"
"280024","31135","PERKINS COUNTY HEALTH SERVICES"
"280025","31015","NIOBRARA VALLEY HOSPITAL CORPORATION"
"280026","31123","MORRILL COUNTY COMMUNITY HOSPITAL"
"280028","31127","NEMAHA COUNTY HOSPITAL"
"280029","31185","HENDERSON HEALTH CARE SERVICES INC"
"28002F","31079","VA HOSP"
"280030","31055","CHI HLTH CREIGHTON UNIVERSITY MED CTR-BERGAN MERCY"
"280031","31011","BOONE COUNTY HEALTH CENTER"
"280032","31001","MARY LANNING HEALTHCARE"
"280033","31105","KIMBALL COUNTY HOSPITAL"
"280034","31119","LUTHERAN COMMUNITY HOSPITAL"
"280035","31143","ANNIE JEFFREY MEM COUNTY HEALTH CENTER"
"280037","31155","SAUNDERS COUNTY COMMUNITY HOSPITAL"
"280038","31039","ST FRANCIS MEMORIAL HOSPITAL"
"280039","31185","YORK GENERAL HOSPITAL"
"280040","31055","METHODIST HOSPITAL"
"280041","31003","PLAINVIEW PUBLIC HOSPITAL"
"280042","31121","LITZENBERG MEMORIAL COUNTY HOSPITAL"
"280043","31089","AVERA ST ANTHONY'S HOSPITAL"
"280045","31021","OAKLAND MEMORIAL HOSPITAL"
"280046","31107","CREIGHTON AREA HEALTH SERVICES"
"280047","31097","MEMORIAL COMMUNITY HOSPITAL"
"280048","31045","CHADRON COMMUNITY HOSPITAL"
"280049","31065","CAMBRIDGE MEM HOSPITAL AND HLTH CENTER"
"28004F","31109","VA HOSP"
"280050","31169","THAYER COUNTY MEMORIAL HOSPITAL"
"280051","31131","COMMUNITY MEMORIAL HOSPITAL"
"280052","31097","JOHNSON COUNTY HOSPITAL"
"280054","31067","BEATRICE COMM HOSPITAL & HLTH CENTER"
"280055","31173","PENDER COMMUNITY HOSPITAL"
"280056","31061","FRANKLIN COUNTY MEMORIAL HOSPITAL"
"280057","31041","JENNIE M MELHAM MEMORIAL MED CENTER"
"280058","31159","MEMORIAL HOSPITAL"
"280059","31173","TWELVE CLANS UNITY HOSPITAL"
"28005F","31153","US AIR FORCE HOSP"
"280060","31055","CHI HEALTH CREIGHTON UNIVERSITY MEDICAL CENTER - B"
"280061","31157","REGIONAL WEST MEDICAL CENTER"
"280062","31131","ST MARYS HOSPITAL"
"280063","31161","RUSHVILLE COMM HOSP"
"280064","31129","BRODSTONE MEM-NUCKOLLS CO HOSPITAL"
"280065","31111","GREAT PLAINS HEALTH"
"280066","31139","OSMOND GENERAL HOSPITAL"
"280068","31003","TILDEN COMMUNITY HOSPITAL"
"28006F","31055","VA HOSPITAL"
"280070","31047","COZAD COMMUNITY HOSPITAL"
"280071","31051","WAKEFIELD HEALTH CARE CENTER"
"280073","31133","PAWNEE COUNTY MEMORIAL HOSPITAL"
"280074","31081","MEMORIAL HOSPITAL"
"280075","31161","GORDON MEMORIAL HOSPITAL"
"280076","31151","CRETE AREA MEDICAL CENTER"
"280077","31053","METHODIST FREMONT HEALTH"
"280078","31125","FULLERTON MEMORIAL HOSPITAL"
"280079","31151","WARREN MEMORIAL HOSPITAL"
"280080","31059","FILLMORE COUNTY HOSPITAL"
"280081","31055","CHI HEALTH IMMANUEL"
"280082","31057","DUNDY COUNTY HOSPITAL"
"280083","31037","ALEGENT HEALTH - MEMORIAL HOSPITAL"
"280084","31093","HOWARD COUNTY COMMUNITY HOSPITAL"
"280085","31055","METHODIST RICHARD YOUNG"
"280087","31079","GRAND ISLAND MEMORIAL HOSPITAL"
"280088","31055","CLARKSON BISHOP MEMORIAL HOSPITAL"
"280089","31101","OGALLALA COMMUNITY HOSPITAL"
"280090","31045","LEGEND BUTTES HEALTH SERVICES"
"280091","31023","BUTLER COUNTY HEALTH CARE CENTER"
"280092","31089","WEST HOLT MEMORIAL HOSPITAL"
"280093","31065","FRITZER MEMORIAL HOSPITAL"
"280094","31031","CHERRY COUNTY HOSPITAL"
"280097","31069","GARDEN COUNTY HOSPITAL"
"280098","31149","ROCK COUNTY HOSPITAL"
"280101","31125","GENOA COMMUNITY HOSPITAL"
"280102","31083","HARLAN COUNTY HEALTH SYSTEM"
"280103","31071","COMMUNITY MEMORIAL HOSPITAL"
"280104","31175","VALLEY COUNTY HOSPITAL"
"280105","31153","CHI HEALTH MIDLANDS"
"280106","31047","GOTHENBURG MEMORIAL HOSPITAL"
"280107","31147","COMMUNITY MEMORIAL HOSPITAL"
"280108","31137","PHELPS MEMORIAL HEALTH CENTER"
"280109","31041","GOLI MEDICAL CENTER"
"280110","31017","BROWN COUNTY HOSPITAL"
"280111","31141","COLUMBUS COMMUNITY HOSPITAL, INC"
"280114","31041","CALLAWAY DISTRICT HOSPITAL"
"280115","31179","PROVIDENCE MEDICAL CENTER"
"280116","31091","PIONEER MEMORIAL COMMUNITY HOSPITAL"
"280117","31047","TRI-COUNTY AREA HOSPITAL DISTRICT"
"280118","31013","BOX BUTTE GENERAL HOSPITAL"
"280119","31173","WINNEBAGO IHS HOSPITAL"
"280122","31055","METHODIST HOSPITAL"
"280123","31067","BEATRICE STATE DEVELOPMENTAL CENTER"
"280124","31109","UNIVERSITY HEALTH CENTER"
"280125","31119","FAITH HEALTH"
"280126","31153","SELECT SPECIALTY HOSPITAL - OMAHA"
"280127","31109","LINCOLN SURGICAL HOSPITAL"
"280128","31109","CHI HEALTH NEBRASKA HEART"
"280129","31055","ORTHONEBRASKA HOSPITAL"
"28012E","31109","UNIVERSITY HEALTH CENTER"
"280130","31055","CHI HEALTH LAKESIDE"
"280131","31055","MIDWEST SURGICAL HOSPITAL LLC"
"280132","31153","BELLEVUE MEDICAL CENTER"
"280133","31055","NEBRASKA SPINE HOSPITAL, LLC"
"280134","31019","KEARNEY REGIONAL MEDICAL CENTER"
"280135","31109","SELECT SPECIALITY HOSPITAL - LINCOLN"
"280136","31153","MADONNA REHABILITATION SPECIALTY HOSPITAL"
"280138","31019","HEARTLAND SURGERY CENTER"
"280139","31079","GRAND ISLAND REGIONAL MEDICAL CENTER"
"280140","31109","ADVANCED MEDICAL IMAGING SURGERY CENTER"
"280779","31151","FRIEND COMMUNITY HEALTHCARE SYSTEM"
"280780","31069","GARDEN COUNTY HEALTH SERVICES"
"281300","31083","HARLAN COUNTY HEALTH SYSTEM"
"281301","31059","FILLMORE COUNTY HOSPITAL"
"281302","31133","PAWNEE COUNTY MEMORIAL HOSPITAL"
"281303","31015","NIOBRARA VALLEY HOSPITAL"
"281304","31169","THAYER COUNTY HEALTH SERVICES"
"281305","31105","KIMBALL HEALTH SERVICES"
"281306","31099","KEARNEY COUNTY HEALTH SERVICES"
"281307","31155","SAUNDERS MEDICAL CENTER"
"281308","31185","HENDERSON COMMUNITY HOSPITAL"
"281309","31131","SYRACUSE AREA HEALTH"
"281310","31069","GARDEN COUNTY HEALTH SERVICES"
"281311","31061","FRANKLIN COUNTY MEMORIAL HOSPITAL"
"281312","31125","GENOA COMMUNITY HOSPITAL"
"281313","31047","GOTHENBURG HEALTH"
"281314","31143","ANNIE JEFFREY MEMORIAL COUNTY HEALTH CENTER"
"281315","31129","BRODSTONE HEALTHCARE"
"281316","31181","WEBSTER COUNTY COMMUNITY HOSPITAL"
"281317","31003","TILDEN COMMUNITY HOSPITAL"
"281318","31123","MORRILL COUNTY COMMUNITY HOSPITAL"
"281319","31095","JEFFERSON COMMUNITY HEALTH & LIFE"
"281320","31081","MEMORIAL HOSPITAL"
"281321","31021","MERCYONE OAKLAND MEDICAL CENTER"
"281322","31039","FRANCISCAN HEALTHCARE"
"281323","31037","CHI HEALTH SCHUYLER"
"281324","31127","NEMAHA COUNTY HOSPITAL"
"281325","31017","BROWN COUNTY HOSPITAL"
"281326","31003","ANTELOPE MEMORIAL HOSPITAL"
"281327","31047","COZAD COMMUNITY HOSPITAL"
"281328","31121","MERRICK MEDICAL CENTER"
"281329","31089","AVERA ST ANTHONY'S HOSPITAL"
"281330","31151","FRIEND COMMUNITY HEALTHCARE SYSTEM"
"281331","31107","AVERA CREIGHTON HOSPITAL"
"281332","31023","BUTLER COUNTY HEALTH"
"281333","31149","ROCK COUNTY HOSPITAL"
"281334","31011","BOONE COUNTY HEALTH CENTER"
"281335","31041","CALLAWAY DISTRICT HOSPITAL"
"281336","31185","YORK GENERAL HEALTH CARE SERVICES"
"281337","31147","HUMBOLDT HEALTHCARE INC"
"281338","31093","HOWARD COUNTY MEDICAL CENTER"
"281339","31159","MEMORIAL HOSPITAL"
"281340","31057","DUNDY COUNTY HOSPITAL"
"281341","31045","CHADRON HOSPITAL"
"281342","31131","CHI HEALTH ST MARY'S"
"281343","31089","WEST HOLT MEMORIAL HOSPITAL"
"281344","31031","CHERRY COUNTY HOSPITAL"
"281345","31179","PROVIDENCE MEDICAL CENTER"
"281346","31139","CHI HEALTH PLAINVIEW"
"281347","31139","OSMOND GENERAL HOSPITAL"
"281348","31065","TRI VALLEY HEALTH SYSTEM"
"281349","31173","PENDER COMMUNITY HEALTH"
"281350","31097","JOHNSON COUNTY HOSPITAL"
"281351","31029","CHASE COUNTY COMMUNITY HOSPITAL"
"281352","31147","COMMUNITY MEDICAL CENTER, INC"
"281353","31175","VALLEY COUNTY HEALTH SYSTEM"
"281354","31151","CRETE AREA MEDICAL CENTER"
"281355","31101","OGALLALA COMMUNITY HOSPITAL"
"281356","31135","PERKINS COUNTY HEALTH SERVICES"
"281357","31033","SIDNEY REGIONAL MEDICAL CENTER"
"281358","31161","GORDON MEMORIAL HOSPITAL DISTRICT"
"281359","31177","MEMORIAL COMMUNITY HOSPITAL & HEALTH SYSTEM"
"281360","31013","BOX BUTTE GENERAL HOSPITAL"
"281361","31047","LEXINGTON REGIONAL HEALTH CENTER"
"281362","31137","PHELPS MEMORIAL HEALTH CENTER"
"281363","31145","COMMUNITY HOSPITAL"
"281364","31067","BEATRICE COMMUNITY HOSPITAL & HEALTH CENTER, INC"
"281365","31041","JENNIE M MELHAM MEMORIAL MEDICAL CENTER"
"282000","31109","MADONNA REHABILITATION SPECIALTY HOSPITAL LINCOLN"
"282001","31055","SELECT SPECIALTY HOSPITAL - OMAHA (CENTRAL CAMPUS)"
"282002","31109","SELECT SPECIALTY HOSPITAL - LINCOLN"
"282003","31055","MADONNA REHABILITATION SPECIALTY HOSPITAL OMAHA"
"283025","31109","MADONNA REHABILITATION HOSPITAL LINCOLN"
"283026","31055","MADONNA REHABILITATION HOSPITAL OMAHA"
"283300","31055","BOYS TOWN NATIONAL RESEARCH HOSPITAL"
"283301","31055","CHILDREN'S NEBRASKA"
"284002","31001","HASTINGS REGIONAL CENTER"
"284003","31109","LINCOLN REGIONAL CENTER"
"284004","31119","NORFOLK REGIONAL CENTER"
"284005","31055","NEBRASKA PSYCHIATRIC INSTITUTE"
"284006","31159","RIVENDELL PSYCHIATRIC CENTER"
"284007","31019","RICHARD H YOUNG HOSPITAL"
"284008","31055","RICHARD YOUNG CENTER"
"284009","31055","DOUGLAS COUNTY COMMUNITY MENTAL HEALTH CENTER"
"289805","31055","THE NEBRASKA MEDICAL CENTER"
"289806","31055","CHILDREN'S NEBRASKA"
"290001","32031","RENOWN REGIONAL MEDICAL CENTER"
"290002","32019","SOUTH LYON MEDICAL CENTER"
"290003","32003","SUNRISE HOSPITAL AND MEDICAL CENTER"
"290005","32003","NORTH VISTA HOSPITAL"
"290006","32001","BANNER CHURCHILL COMMUNITY HOSPITAL"
"290007","32003","UNIVERSITY MEDICAL CENTER"
"290008","32007","NORTHEASTERN NEVADA REGIONAL HOSPITAL"
"290009","32031","SAINT MARY'S REGIONAL MEDICAL CENTER"
"290010","32003","BOULDER CITY HOSPITAL"
"290011","32027","PERSHING GENERAL HOSPITAL"
"290012","32003","SAINT ROSE DOMINICAN HOSPITALS - ROSE DE LIMA"
"290013","32015","BATTLE MOUNTAIN GENERAL HOSPITAL"
"290014","32033","WILLIAM BEE RIRIE HOSPITAL"
"290015","32021","MT GRANT GENERAL HOSPITAL"
"290016","32013","HUMBOLDT GENERAL HOSPITAL"
"290018","32003","WOMENS HOSPITAL"
"290019","32510","CARSON TAHOE REGIONAL MEDICAL CENTER"
"29001E","32031","ST ROSE DOMINICAN HOSPITAL SIENA CAMPUS"
"29001F","32003","NELLIS AIR FORCE HOSPITAL"
"290020","32023","NYE REGIONAL MEDICAL CENTER"
"290021","32003","VALLEY HOSPITAL MEDICAL CENTER"
"290022","32003","DESERT SPRINGS HOSPITAL"
"290027","32017","GROVER C DILS MEDICAL CENTER"
"290028","32021","SCHURZ PHS INDIAN HOSPITAL"
"290029","32007","OWYHEE COMMUNITY HEALTH FACILITY"
"29002E","32003","SPRING VALLEY HOSPITAL"
"29002F","32031","VA HOSP"
"290031","32031","INCLINE VILLAGE COMMUNITY HOSPITAL"
"290032","32031","NORTHERN NEVADA MEDICAL CENTER"
"290033","32003","NATHAN ADELSON HOSPICE"
"290034","32003","CARE UNIT HOSPITAL OF NEVADA"
"290036","32003","IHS OF SHADOW MOUNTAIN"
"290037","32003","THC OF LAS VEGAS"
"290038","32031","INCLINE VILLAGE COMMUNITY HOSPITAL"
"290039","32003","MOUNTAINVIEW HOSPITAL"
"29003E","32003","MESA VIEW REGIONAL HOSPITAL"
"29003F","32007","PUBLIC HEALTH SERV INDIAN HOSP"
"290041","32003","SUMMERLIN HOSPITAL MEDICAL CENTER"
"290042","32003","HARMON HOSPITAL"
"290043","32003","SELECT SPECIALTY HOSPITAL"
"290044","32003","PROGRESSIVE HOSPITAL"
"290045","32003","SAINT ROSE DOMINICAN HOSPITALS - SIENA CAMPUS"
"290046","32003","SPRING VALLEY HOSPITAL MEDICAL CENTER"
"290047","32003","SOUTHERN HILLS HOSPITAL AND MEDICAL CENTER"
"290048","32005","CARSON VALLEY MEDICAL CENTER"
"290049","32031","RENOWN SOUTH MEADOWS MEDICAL CENTER"
"29004F","32003","VA SOUTHERN NEVADA HEALTHCARE SYSTEM"
"290050","32003","MESA VIEW REGIONAL HOSPITAL"
"290051","32510","SIERRA SURGERY HOSPITAL"
"290052","32023","DESERT VIEW REGIONAL MEDICAL CENTER"
"290053","32003","SAINT ROSE DOMINICAN HOSPITALS - SAN MARTIN CAMPUS"
"290054","32003","CENTENNIAL HILLS HOSPITAL MEDICAL CENTER"
"290055","32510","CONTINUECARE HOSPITAL OF CARSON TAHOE INC"
"290056","32003","ORTHOPEDIC SPECIALTY HOSPITAL OF NEVADA"
"290057","32003","HENDERSON HOSPITAL"
"290058","32003","DIGNITY HEALTH ST ROSE DOMINICAN N L V  CAMPUS"
"290059","32003","VALLEY VIEW SURGERY CENTER"
"290060","32003","SIENA SURGERY CENTER"
"290061","32031","NORTHERN NEVADA SIERRA MEDICAL CENTER"
"290062","32003","WEST HENDERSON HOSPITAL"
"290063","32003","LAS VEGAS RECOVERY HOSPITAL LLC"
"291300","32021","MOUNT GRANT GENERAL HOSPITAL"
"291301","32031","INCLINE VILLAGE COMMUNITY HOSPITAL"
"291302","32033","WILLIAM BEE RIRIE HOSPITAL"
"291303","32015","BATTLE MOUNTAIN GENERAL HOSPITAL"
"291304","32027","PERSHING GENERAL HOSPITAL"
"291305","32007","OWYHEE COMMUNITY HEALTH FACILITY"
"291306","32005","CARSON VALLEY HEALTH"
"291307","32003","MESA VIEW REGIONAL HOSPITAL"
"291308","32013","HUMBOLDT GENERAL HOSPITAL"
"291309","32003","BOULDER CITY HOSPITAL"
"291311","32023","DESERT VIEW HOSPITAL"
"291312","32017","GROVER C DILS MEDICAL CENTER"
"291313","32001","BANNER CHURCHILL COMMUNITY HOSPITAL"
"291314","32019","SOUTH LYON MEDICAL CENTER"
"292001","32003","HORIZON SPECIALTY HOSPITAL"
"292002","32003","KINDRED HOSPITAL - LAS VEGAS (SAHARA CAMPUS)"
"292003","32003","HORIZON SPECIALTY HOSPITAL"
"292004","32031","PAM SPECIALTY HOSPITAL OF SPARKS LLC"
"292005","32003","SELECT SPECIALTY HOSPITAL"
"292006","32003","PAM SPECIALTY HOSPITAL OF LAS VEGAS, LLC"
"292007","32003","LAS VEGAS-AMG SPECIALTY HOSPITAL"
"292008","32510","CARSON TAHOE CONTINUING CARE HOSPITAL"
"292009","32003","ELITE MEDICAL CENTER"
"293025","32003","HORIZON SPECIALTY HOSPITAL"
"293026","32003","ENCOMPASS HEALTH REHABILITATION HOSPITAL OF LV"
"293027","32031","RENO REHAB ASSOCIATES, LIMITED PARTNERSHIP"
"293028","32031","TAHOE PACIFIC HOSPITAL"
"293029","32510","CARSON REHABILITATION CENTER"
"293030","32031","SKILLED NURSING CENTER AT WASHOE VILLAGE"
"293031","32003","HEALTHSOUTH HOSPITAL AT TENAYA"
"293032","32003","ENCOMPASS HEALTH REHABILITATION HOSPITAL OF HENDER"
"293033","32003","ENCOMPASS HEALTH REHAB HOSPITAL OF DESERT CANYON"
"293034","32003","PAM REHABILITATION HOSPITAL OF CENTENNIAL HILLS"
"293035","32003","DIGNITY HEALTH REHABILITATION HOSPITAL"
"294000","32031","DINI-TOWNSEND HOSPITAL AT NNMH"
"294002","32003","SOUTHERN NEVADA ADULT MENTAL HEALTH SERVICES"
"294003","32031","BHC WEST HILLS HOSPITAL"
"294004","32003","MONTEVISTA HOSPITAL"
"294005","32003","CHARTER HOSPITAL OF LAS VEGAS"
"294006","32031","HCA PINEPROOK HOSPITAL"
"294008","32003","RED ROCK BEHAVIORAL HEALTH HOSPITAL"
"294009","32003","MONTEVISTA HOSPITAL"
"294010","32003","SPRING MOUNTAIN SAHARA"
"294011","32003","SPRING MOUNTAIN TREATMENT CENTER"
"294012","32003","SEVEN HILLS HOSPITAL"
"294013","32003","DESERT PARKWAY BEHAVIORAL HEALTHCARE HOSPITAL, LLC"
"294014","32003","SANA BEHAVIORAL HEALTH-LAS VEGAS"
"294015","32031","RENO BEHAVIORAL HEALTHCARE HOSPITAL, LLC"
"294016","32003","THRIVE BEHAVIORAL HOSPITAL, LLC"
"299800","32003","UMC TRANSPLANTATION SERVICES"
"300001","33013","CONCORD HOSPITAL"
"300002","33019","NEWPORT HOSPITAL"
"300003","33009","MARY HITCHCOCK MEMORIAL HOSPITAL"
"300005","33001","CONCORD HOSPITAL- LACONIA"
"300006","33003","HUGGINS HOSPITAL"
"300007","33011","MONADNOCK COMMUNITY HOSPITAL"
"300008","33009","LITTLETON REGIONAL HOSPITAL"
"300009","33013","NEW LONDON HOSPITAL ASSOCIATION INC"
"300010","33009","SPEARE MEMORIAL HOSPITAL"
"300011","33011","ST JOSEPH HOSPITAL"
"300012","33011","ELLIOT HOSPITAL"
"300013","33013","FRANKLIN REGIONAL HOSPITAL"
"300014","33017","FRISBIE MEMORIAL HOSPITAL"
"300015","33003","MEMORIAL HOSPITAL THE"
"300016","33009","ALICE PECK DAY MEMORIAL HOSPITAL"
"300017","33015","PARKLAND MEDICAL CENTER"
"300018","33017","WENTWORTH-DOUGLASS HOSPITAL"
"300019","33005","CHESHIRE MEDICAL CENTER"
"30001F","33011","VA HOSP"
"300020","33011","SOUTHERN NH MEDICAL CENTER"
"300021","33007","WEEKS MEMORIAL HOSPITAL-SWING"
"300022","33007","ANDROSCOGGIN VALLEY HOSPITAL"
"300023","33015","EXETER HOSPITAL INC"
"300024","33019","VALLEY REGIONAL HOSPITAL"
"300028","33009","COTTAGE HOSPITAL"
"300029","33015","PORTSMOUTH REGIONAL HOSPITAL"
"30002F","33015","US NAVAL HOSP"
"300032","33013","NEW HAMPSHIRE HOSP-MED SURG BLDG"
"300033","33007","UPPER CONNECTICUT VALLEY HOSPITAL"
"300034","33011","CATHOLIC MEDICAL CENTER"
"30004E","33007","MORRISON HOSP"
"30005E","33011","MOORE GEN HOSP"
"301300","33007","UPPER CONNECTICUT VALLEY HOSPITAL"
"301301","33009","COTTAGE HOSPITAL"
"301302","33009","LITTLETON REGIONAL HEALTHCARE"
"301303","33007","WEEKS MEDICAL CENTER"
"301304","33013","NEW LONDON HOSPITAL"
"301305","33009","ALICE PECK DAY MEMORIAL HOSPITAL"
"301306","33013","CONCORD HOSPITAL- FRANKLIN"
"301307","33003","MAINEHEALTH MEMORIAL HOSPITAL"
"301308","33019","VALLEY REGIONAL HOSPITAL"
"301309","33011","MONADNOCK COMMUNITY HOSPITAL"
"301310","33007","ANDROSCOGGIN VALLEY HOSPITAL"
"301311","33009","SPEARE MEMORIAL HOSPITAL"
"301312","33003","HUGGINS HOSPITAL"
"303026","33015","NORTHEAST REHABILITATION HOSPITAL"
"303027","33013","ENCOMPASS HEALTH REHABILITATION HOSPITAL OF CONCOR"
"304000","33013","NEW HAMPSHIRE HOSP-PSYCH UNIT"
"304001","33015","HAMPSTEAD HOSPITAL & RESIDENTIAL TREATMENT FACILIT"
"304002","33011","LAKE SHORE HOSPITAL, INC"
"304003","33011","CHARTER BEHAVIORAL HS OF BRROKSIDE"
"309801","33009","MARY HITCHCOCK MEMORIAL HOSPITAL - TRANSPLANT"
"310001","34003","HACKENSACK UNIVERSITY MEDICAL CENTER"
"310002","34013","NEWARK BETH ISRAEL MEDICAL CENTER"
"310003","34017","PALISADES MEDICAL CENTER"
"310005","34019","HUNTERDON MEDICAL CENTER"
"310006","34031","ST MARY'S GENERAL HOSPITAL"
"310008","34003","HOLY NAME MEDICAL CENTER"
"310009","34013","CLARA MAASS MEDICAL CENTER"
"310010","34023","PENN MEDICINE PRINCETON MEDICAL CENTER"
"310011","34009","COOPER UNIVERSITY HOSPITAL CAPE REGIONAL, INC."
"310012","34003","VALLEY HOSPITAL"
"310013","34013","IRVINGTON GENERAL HOSPITAL"
"310014","34007","COOPER UNIVERSITY HOSPITAL"
"310015","34027","MORRISTOWN MEDICAL CENTER"
"310016","34017","HEIGHTS UNIVERSITY HOSPITAL"
"310017","34027","CHILTON MEDICAL CENTER"
"310018","34013","SAINT JAMES HOSPITAL"
"310019","34031","ST JOSEPH'S UNIVERSITY MEDICAL CENTER INC"
"31001F","34013","VA HOSP"
"310020","34031","PBI REGIONAL MEDICAL CENTER"
"310021","34021","ST FRANCIS MEDICAL CENTER"
"310022","34007","WEST JERSEY HOSPITAL"
"310024","34039","ROBERT WOOD JOHNSON UNIVERSITY HOSPITAL AT RAHWAY"
"310025","34017","BAYONNE UNIVERSITY HOSPITAL"
"310026","34031","BARNERT HOSPITAL"
"310027","34039","TRINITAS REGIONAL MEDICAL CENTER"
"310028","34037","NEWTON MEDICAL CENTER"
"310029","34007","VIRTUA OUR LADY OF LOURDES HOSPITAL"
"31002F","34005","US ARMY HOSP"
"310031","34005","DEBORAH HEART AND LUNG CENTER"
"310032","34011","INSPIRA MEDICAL CENTER VINELAND"
"310033","34039","ELIZABETH GEN MED CTR EAST"
"310034","34025","RIVERVIEW MEDICAL CENTER"
"310036","34023","SOUTH AMBOY MEMORIAL HOSPITAL"
"310037","34003","PASCACK VALLEY HOSPITAL"
"310038","34023","ROBERT WOOD JOHNSON UNIVERSITY HOSPITAL"
"310039","34023","RARITAN BAY MEDICAL CENTER"
"31003F","34025","US ARMY HOSP"
"310040","34017","HOBOKEN UNIVERSITY HOSPITAL"
"310041","34029","COMMUNITY MEDICAL CENTER"
"310042","34017","CLARA MAASS MEDICAL CENTER, WEST HUDSON DIVISION"
"310043","34013","MONTCLAIR COMMUNITY HOSPITAL"
"310044","34021","CAPITAL HEALTH MEDICAL CENTER - HOPEWELL"
"310045","34003","ENGLEWOOD HOSPITAL"
"310047","34001","SHORE MEDICAL CENTER"
"310048","34035","ROBERT WOOD JOHNSON UNIVERSITY HOSPITAL SOMERSET"
"310049","34017","ST FRANCIS COMMUNITY HEALTH CENTER"
"31004F","34035","VA HOSP"
"310050","34027","SAINT CLARE'S HOSPITAL"
"310051","34039","OVERLOOK MEDICAL CENTER"
"310052","34029","OCEAN UNIVERSITY MEDICAL CENTER"
"310053","34027","RIVERSIDE HOSP INC"
"310054","34013","HACKENSACK MERIDIAN MOUNTAINSIDE MEDICAL"
"310056","34005","ZURBRUGG MEMORIAL HOSPITAL"
"310057","34005","VIRTUA MOUNT HOLLY HOSPITAL"
"310058","34003","BERGEN NEW BRIDGE MEDICAL CENTER"
"310059","34003","SOUTH BERGEN HOSPITAL"
"310060","34041","ST LUKE'S WARREN HOSPITAL"
"310061","34005","VIRTUA WILLINGBORO HOSPITAL"
"310062","34013","UNITED HOSPITALS OF NEWARK"
"310063","34039","MUHLENBERG REGIONAL MEDICAL CENTER"
"310064","34001","ATLANTICARE REGIONAL MEDICAL CENTER - CITY CAMPUS"
"310067","34027","SAINT CLARE'S HOSPITAL"
"310068","34011","BRIDGETON HOSPITAL"
"310069","34015","INSPIRA MEDICAL CENTER MULLICA HILL"
"310070","34023","SAINT PETER'S UNIVERSITY HOSPITAL"
"310071","34013","ST MARYS HOSPITAL"
"310072","34039","TRINITAS HOSPITAL"
"310073","34025","JERSEY SHORE UNIVERSITY MEDICAL CENTER"
"310074","34017","JERSEY CITY MEDICAL CENTER"
"310075","34025","MONMOUTH MEDICAL CENTER"
"310076","34013","COOPERMAN BARNABAS MEDICAL CENTER"
"310077","34031","GENERAL HOSPITAL CENTER AT PASSAIC"
"310078","34013","HOSPITAL CENTER AT ORANGE"
"31007F","34029","U S NAVAL HOSP"
"310081","34015","INSPIRA MEDICAL CENTER WOODBURY"
"310083","34013","CAREWELL HEALTH MEDICAL CENTER"
"310084","34029","MONMOUTH MEDICAL CENTER-SOUTHERN CAMPUS"
"310085","34003","KENNEDY MEM HOSPITAL AT SADDLE BROOK"
"310086","34007","JEFFERSON STRATFORD HOSPITAL"
"310087","34011","NEWCOMB MEDICAL CENTER"
"310088","34001","WM B KESSLER MEMORIAL HOSPITAL"
"31008E","34001","CHILDRENS SEASHORE HOSP"
"310090","34039","UNION HOSPITAL"
"310091","34033","SALEM MEDICAL CENTER"
"310092","34021","CAPITAL HEALTH REGIONAL MEDICAL CENTER"
"310093","34013","COLUMBUS HOSPITAL"
"310094","34013","LIVINGSTON COMMUNITY HOSPITAL,THE"
"310096","34013","SAINT MICHAEL'S MEDICAL CENTER"
"31009E","34031","NEW JERSEY TRAINING SCHOOL"
"310105","34017","LIBERTYHEALTH-GREENVILLE HOSPITAL CAMPUS"
"310108","34023","JFK UNIVERSITY MEDICAL CENTER"
"31010E","34005","NEW LISBON STATE COLONY HOSP"
"310110","34021","ROBERT WOOD JOHNSON UNIVERSITY HOSPITAL HAMILTON"
"310111","34025","CENTRASTATE MEDICAL CENTER"
"310112","34025","BAYSHORE MEDICAL CENTER"
"310113","34029","SOUTHERN OCEAN MEDICAL CENTER"
"310115","34041","HACKETTSTOWN MEDICAL CENTER"
"310116","34031","ST JOSEPH'S WAYNE HOSPITAL"
"310117","34005","GARDEN STATE COMMUNITY HOSPITAL"
"310118","34017","SECAUCUS UNIVERSITY HOSPITAL"
"310119","34013","UNIVERSITY HOSPITAL"
"31011E","34035","WALTER MATHENY SCHOOL INFIRMARY"
"310120","34037","SAINT CLARE'S HOSPITAL/SUSSEX"
"310121","34023","ROOSEVELT HOSPITAL"
"310122","34025","SPECIALTY HOSPITAL AT MONMOUTH"
"310123","34013","SEMPERCARE HOSPITAL OF BELLEVILLE"
"310124","34023","REHABILITATION HOSPITAL  AT RARITAN BAY MEDICAL CT"
"310125","34027","KINDRED HOSPITAL NEW JERSEY MORRIS COUNTY"
"310126","34039","HEALTHSOUTH SPECIALTY HOSPITAL OF UNION"
"310127","34005","LOURDES SPECIALTY HOSPITAL OF SOUTHERN NEW JERSEY"
"310128","34001","ACUITY SPECIALTY HOSPITAL OF NEW JERSEY"
"31012E","34039","NEW JERSEY STATE PRISON FARM HOSP"
"310130","34003","HACKENSACK MERIDIAN HEALTH PASCACK VALLEY MEDICAL"
"310131","34023","HACKENSACK MERIDIAN LTACH"
"31013E","34021","NEW JERSEY STATE PRISON HOSP"
"31014E","34011","VINELAND STATE SCHOOL HOSP"
"31015E","34039","CHILDRENS SPECIALIZED HOSP"
"31016E","34009","STATE COLONY HOSP"
"31018E","34023","WOODBRIDGE STATE SCHOOL & HOSP"
"31020E","34031","PREAKNESS HOSP"
"31021E","34001","BETTY BACHARACH HOME"
"31024E","34031","MT CARMEL HOSP FOR ALCOHOLISM"
"31027E","34021","HAMILTON HOSP"
"31028E","34023","MIDDLESEX REHAB HOSP"
"312001","34013","KESSLER INSTITUTE FOR REHABILITATION"
"312002","34039","RUNNELLS SPECIALIZED HOSP-UNION CO"
"312004","34023","ROOSEVELT HOSP  DISEASES OF CHEST"
"312006","34027","WELKIND REHABILITATION HOSP"
"312007","34017","JEWISH HOSP REHAB CTR"
"312009","34001","CHILDRENS SEASHORE HOUSE"
"312010","34039","CHILDRENS SPECIALIZED HOSP"
"312011","34029","GARDEN STATE REHABILITATION HOSP"
"312012","34001","BETTY BACHARACH REHAB CENTER"
"312014","34035","MATHENY MEDICAL AND EDUCATIONAL CENTER"
"312015","34011","VINELAND DEVELOPMENTAL CENTER/HOSPITAL"
"312016","34021","ST LAWRENCE REHABILITATION CENTER"
"312017","34029","SPECIALTY HOSPITAL OF CENTRAL JERSEY"
"312018","34039","CARE ONE AT TRINITAS REGIONAL MEDICAL CENTER"
"312019","34003","SELECT SPECIALTY HOSPITAL NORTHEAST"
"312020","34027","KINDRED HOSPITAL NEW JERSEY - MORRIS COUNTY"
"312021","34039","HEALTHSOUTH SPECIALTY HOSPITAL OF UNION"
"312022","34005","SELECT SPECIALTY HOSPITAL-WILLINGBORO"
"312023","34001","ACUITY SPECIALTY HOSPITAL OF NEW JERSEY"
"312024","34013","SILVER LAKE HOSPITAL LTACH"
"312025","34023","HACKENSACK MERIDIAN LTACH"
"313025","34013","KESSLER REHAB CENTER"
"313026","34013","KESSLER INSTITUTE FOR REHABILITATION"
"313027","34021","LAWRENCE REHABILITATION HOSPITAL"
"313028","34017","JEWISH HOSP REHAB CTR"
"313029","34029","ENCOMPASS HEALTH REHAB HOSPITAL OF TOMS RIVER"
"313030","34001","BACHARACH INSTITUTE FOR REHABILITATION"
"313031","34007","MEDI PLEX REHAB CAMDEN"
"313032","34005","KESSLER INSTITUTE FOR REHABILITATION,INC"
"313033","34029","SHORE REHABILITATION INSTITUTE"
"313034","34005","WEISMAN CHILDRENS REHABILITATION HOSPITAL"
"313035","34025","ENCOMPASS HEALTH REHAB HOSPITAL OF TINTON FALLS"
"313036","34011","ENCOMPASS HEALTH REHAB HOSPITAL OF VINELAND"
"313037","34017","ST FRANCIS REHABILITATION CENTER"
"313038","34027","ATLANTIC REHABILITATION INSTITUTE"
"313300","34023","CHILDREN'S SPECIALIZED HOSPITAL"
"313302","34005","WEISMAN CHILDRENS REHABILITATION HOSPITAL"
"314001","34039","SUMMIT OAKS HOSPITAL"
"314002","34013","ESSEX CO HOSP CENTER"
"314003","34025","MARLBORO PSYCH HOSP"
"314005","34001","ANCORA PSYCH HOSP"
"314010","34013","MOUNT CARMEL GUILD"
"314011","34023","UNIVERSITY BEHAVIORAL HEALTH CARE"
"314012","34035","HACKENSACK MERIDIAN HEALTH CARRIER CLINIC"
"314013","34021","TRENTON PSYCHIATRIC HOSP"
"314014","34017","HUDSON CO MEADOWVIEW HOSP"
"314016","34027","GREYSTONE PARK PSYCH HOSP"
"314017","34019","HAGEDORN PSYCHIATRIC HOSPITAL"
"314018","34007","NORTHBROOK BEHAVIORAL HEALTH HOSPITAL"
"314019","34003","RAMAPO RIDGE BEHAVIORAL HEALTH HOSPITAL"
"314020","34013","ESSEX COUNTY HOSPITAL CENTER"
"314021","34005","HAMPTON HOSPITAL"
"314022","34029","SAINT BARNABAS BEHAVIORAL HEALTH CENTER"
"314023","34005","ASPEN HILLS HEALTHCARE CENTER"
"314024","34017","HUDSON COUNTY MEADOWVIEW PSYCHIATRIC H"
"314025","34021","ANNE KLEIN FORENSIC CENTER"
"314026","34035","EAST MOUNTAIN HOSPITAL"
"314027","34039","MOUNTAINVIEW BEHAVIORAL HOSPITAL"
"319800","34007","OUR LADY OF LOURDES MEDICAL CENTER"
"319801","34023","ROBERT WOOD JOHNSON UNIVERSITY HOSPITAL"
"319802","34003","HACKENSACK UNIVERSITY MEDICAL CENTER"
"319803","34013","NEWARK BETH ISRAEL MEDICAL CENTER"
"319804","34013","SAINT BARNABAS MEDICAL CENTER"
"319805","34013","UNIVERSITY HOSPITAL, UNIVERSITY OF MEDICINE AND DE"
"320001","35001","UNM HOSPITAL"
"320002","35049","CHRISTUS ST VINCENT REGIONAL MEDICAL CENTER"
"320003","35047","ALTA VISTA REGIONAL HOSPITAL"
"320004","35035","CHRISTUS SOUTHERN NEW MEXICO"
"320005","35045","SAN JUAN REGIONAL MEDICAL CENTER INC"
"320006","35005","EASTERN NEW MEXICO MEDICAL CENTER"
"320009","35001","LOVELACE MEDICAL CENTER"
"320010","35005","EASTERN NEW MEXICO MEDICAL CENTER"
"320011","35039","PRESBYTERIAN ESPANOLA HOSPITAL"
"320012","35037","DR DAN C TRIGG MEMORIAL HOSPITAL"
"320013","35055","HOLY CROSS HOSPITAL A DIV OF TAOS HEALTH SYSTEMS"
"320014","35029","MIMBRES MEMORIAL HOSPITAL"
"320016","35017","GILA REGIONAL MEDICAL CENTER"
"320017","35001","LOVELACE WOMEN'S HOSPITAL"
"320018","35013","MEMORIAL MEDICAL CENTER"
"320019","35001","LOVELACE MEDICAL CENTER - GIBSON"
"32001E","35051","CARRIE TINGLEY CRIPPLED CHILDREN HOSP"
"320021","35001","PRESBYTERIAN HOSPITAL"
"320022","35009","PLAINS REGIONAL MEDICAL CENTER"
"320023","35041","PLAINS REG MED CTR PORTALES HM HLTH"
"32002F","35035","US AIR FORCE HOSP"
"320030","35015","ARTESIA GENERAL HOSPITAL"
"320031","35011","DE BACA GENERAL HOSPITAL"
"320032","35053","SOCORRO GENERAL HOSPITAL"
"320033","35028","LOS ALAMOS MEDICAL CENTER"
"320035","35051","SIERRA VISTA HOSPITAL INC"
"320037","35006","CIBOLA GENERAL HOSPITAL"
"320038","35031","REHOBOTH MCKINLEY CHRISTIAN HEALTH CARE SERVICES"
"32003F","35001","US PUBLIC HEALTH SERVICE INDIAN HOSP"
"320046","35027","LINCOLN COUNTY MEDICAL CENTER"
"320048","35059","UNION COUNTY GENERAL HOSPITAL"
"320049","35007","MINERS COLFAX MEDICAL CENTER"
"32004F","35001","US ARMY HOSP"
"320051","35047","LAS VEGAS MEDICAL CENTER"
"320053","35061","VALENCIA PRESBYTERIAN HOSPITAL"
"320056","35001","PHS INDIAN HOSPITAL"
"320057","35049","SANTA FE PHS INDIAN HOSPITAL"
"320058","35035","MESCALERO PHS INDIAN HOSPITAL"
"320059","35045","NORTHERN NAVAJO MEDICAL CENTER"
"32005F","35001","VA HOSP"
"320060","35031","ZUNI COMPREHENSIVE COMMUNITY HEALTH CENTER"
"320061","35031","GALLUP INDIAN MEDICAL CENTER"
"320062","35031","CROWNPOINT HEALTHCARE FACILITY"
"320063","35015","CARLSBAD MEDICAL CENTER"
"320065","35025","COVENANT HEALTH HOBBS HOSPITAL"
"320066","35025","JAL COMMUNITY HOSP"
"320067","35019","GUADALUPE COUNTY HOSPITAL"
"320068","35025","NOR LEA GENERAL HOSPITAL"
"320069","35007","MINERS' COLFAX MEDICAL CENTER"
"32006F","35009","US AIR FORCE HOSP"
"320070","35006","DHHS USPHS INDIAN HEALTH SERVICES"
"320071","35043","CUBA HOSPITAL"
"320072","35001","CARRIE TINGLEY HOSP FOR CRIPPLED CHILD"
"320073","35007","COLFAX GENERAL HOSPITAL"
"320074","35001","LOVELACE WESTSIDE HOSPITAL"
"320075","35001","CARE UNIT HOSPITAL OF ALBUQUERQUE"
"320076","35001","PRESBYTERIAN NORTHSIDE HOSPITAL"
"320077","35043","CUBA HOSPITAL"
"320079","35001","PRESBYTERIAN KASEMAN HOSPITAL"
"32007F","35031","US PUBLIC HEALTH SERVICE INDIAN HOSP"
"320080","35001","CARE UNIT HOSP OF ALBUQUERQUE"
"320081","35001","PARK CENTER"
"320082","35001","THC-ALBUQUERQUE"
"320083","35001","HEART HOSPITAL OF NEW MEXICO"
"320084","35041","ROOSEVELT GENERAL HOSPITAL"
"320085","35013","MOUNTAIN VIEW REGIONAL MEDICAL CENTER"
"320086","35005","LOVELACE REGIONAL HOSPITAL - ROSWELL"
"320087","35049","CHRISTUS ST VINCENT PHYSICIANS MEDICAL CENTER"
"320088","35013","ADVANCED CARE HOSPITAL OF SOUTHERN NEW MEXICO LLC"
"320089","35043","UNM SANDOVAL REGIONAL MEDICAL CENTER"
"320090","35049","PRESBYTERIAN SANTA FE MEDICAL CENTER"
"320091","35013","THREE CROSSES REGIONAL HOSPITAL LLC"
"320092","35001","ALBUQUERQUE ER & HOSPITAL"
"320093","35013","ASC OF THE HEART INSTITUTE"
"32009F","35049","US PUBLIC HEALTH SERVICE INDIAN HOSP"
"32010F","35045","US PUBLIC HEALTH SERVICE INDIAN HOSP"
"32011F","35035","US AIR FORCE HOSP"
"32012F","35031","US PUBLIC HEALTH SERVICE INDIAN HOSP"
"32013F","35013","MCAFEE ARMY HOSP"
"32025E","35019","GUADALUPE GEN HOSP"
"32026E","35025","LEA GENERAL HOSP"
"32027E","35025","EUNICE MUNICIPAL HOSP"
"32028E","35019","GUADALUPE GENERAL HOSP"
"32030E","35007","COLFAX GENERAL HOSP"
"32031E","35007","COLFAX GEN HOSP"
"320779","35019","GUADALUPE COUNTY HOSPITAL"
"321300","35051","SIERRA VISTA HOSPITAL"
"321301","35053","SOCORRO GENERAL HOSPITAL"
"321302","35037","DR DAN C TRIGG MEMORIAL HOSPITAL"
"321303","35011","DE BACA GENERAL HOSPITAL/CRITICAL ACCE"
"321304","35059","UNION COUNTY GENERAL HOSPITAL"
"321305","35025","NOR-LEA HOSPITAL DISTRICT"
"321306","35027","LINCOLN COUNTY MEDICAL CENTER"
"321307","35007","MINERS' COLFAX MEDICAL CENTER"
"321308","35006","CIBOLA GENERAL HOSPITAL"
"321309","35029","MIMBRES VALLEY MEDICAL CENTER"
"321310","35055","HOLY CROSS HOSPITAL A DIV OF TAOS HEALTH SYSTEMS"
"321311","35017","GILA REGIONAL MEDICAL CENTER"
"321312","35047","ALTA VISTA REGIONAL HOSPITAL"
"321313","35031","REHOBOTH MCKINLEY CHRISTIAN HEALTH CARE SERVICES"
"322000","35005","NEW MEXICO REHABILITATION CENTER"
"322001","35047","NORTHERN NEW MEXICO REHABILITATION CTR"
"322002","35001","KINDRED HOSPITAL ALBUQUERQUE"
"322003","35001","ALBUQUERQUE - AMG SPECIALTY HOSPITAL, LLC"
"322004","35013","ADVANCED CARE HOSPITAL OF SOUTHERN NEW MEXICO LLC"
"323025","35047","NORTHERN NEW MEXICO REHABILITATION CTR"
"323026","35005","NEW MEXICO REHABILITATION CENTER"
"323027","35001","ENCOMPASS HEALTH REHABILITATION HOSPITAL OF ALBUQU"
"323028","35001","LOVELACE UNM REHABILITATION HOSPITAL"
"323029","35045","SAN JUAN REGIONAL REHABILITATION HOSPITAL INC"
"323030","35001","HORIZON SPECIALTY HOSPITAL"
"323031","35009","BUENA VISTA REHAB HOSP"
"323032","35013","REHABILITATION HOSPITAL OF SOUTHERN NEW MEXICO,INC"
"323033","35043","CLEARSKY REHABILITATION HOSPITAL OF RIO RANCHO LLC"
"323307","35001","UNIVERSITY OF NM - CARRIE TINGLEY HOSPITAL"
"324001","35001","VISTA SANDIA HOSP"
"324003","35001","CHARTER HEIGHTS BHS NORTHEAST"
"324004","35001","MEMORIAL HOSPITAL"
"324005","35001","CHARTER HEIGHTS BHS - SOUTHEAST"
"324006","35045","SUN CREST HOSPITAL"
"324007","35013","PEAK PSYCH HOSPITAL"
"324008","35049","PINON HILLS HOSPITAL"
"324009","35013","HSA VALLEY VIEW HOSPITAL"
"324010","35013","BHC MESILLA VALLEY HOSPITAL, LLC"
"324011","35039","ASPEN MEADOWS HOSPITAL"
"324012","35013","PEAK BEHAVIORAL HEALTH SERVICES, LLC"
"324013","35001","HAVEN BEHAVIORAL HOSPITAL OF ALBUQUERQUE"
"324014","35001","CENTRAL DESERT BEHAVIORAL HEALTH HOSPITAL"
"324015","35001","NEW MEXICO BEHAVIORAL HEALTHCARE LLC"
"329801","35001","PRESBYTERIAN HEALTHCARE TRANSPLANT"
"329802","35001","UNIVERSITY HOSPITAL, UNIVERSITY OF NEW MEXICO HEAL"
"330001","36071","HORTON MEMORIAL HOSPITAL"
"330002","36081","PENINSULA HOSPITAL CENTER"
"330003","36001","ALBANY MEMORIAL HOSPITAL"
"330004","36111","HEALTHALLIANCE HOSPITAL BROADWAY CAMPUS"
"330005","36029","KALEIDA HEALTH"
"330006","36119","ST JOSEPH'S MEDICAL CENTER"
"330007","36063","DEGRAFF MEMORIAL HOSPITAL"
"330008","36121","WYOMING COUNTY COMMUNITY HOSPITAL"
"330009","36005","BRONXCARE HOSPITAL CENTER"
"330010","36057","AMSTERDAM MEMORIAL HOSPITAL"
"330011","36007","OUR LADY OF LOURDES MEMORIAL HOSPITAL, INC"
"330012","36061","PRESBYTERIAN HOSPITAL"
"330013","36001","ALBANY MEDICAL CENTER HOSPITAL"
"330014","36081","JAMAICA HOSPITAL MEDICAL CENTER"
"330015","36045","MERCY HOSPITAL OF WATERTOWN"
"330016","36025","THE HOSPITAL"
"330019","36047","NEW YORK COMMUNITY HOSPITAL OF BROOKLYN, INC."
"330020","36115","MARY MCCLELLAN HOSPITAL"
"330022","36043","MOHAWK VALLEY GENERAL HOSPITAL"
"330023","36027","VASSAR BROTHERS MEDICAL CENTER"
"330024","36061","MOUNT SINAI HOSPITAL"
"330025","36063","INTER-COMMUNITY MEMORIAL HOSPITAL AT NEWFANE, INC."
"330027","36059","NASSAU UNIVERSITY MEDICAL CENTER"
"330028","36085","RICHMOND UNIVERSITY MEDICAL CENTER"
"330029","36029","SHEEHAN MEMORIAL HOSPITAL"
"330030","36117","NEWARK-WAYNE COMMUNITY HOSPITAL"
"330033","36017","CHENANGO MEMORIAL HOSPITAL"
"330034","36005","UNION HOSPITAL"
"330036","36119","COMMUNITY HOSPITAL AT DOBBS FERRY"
"330037","36055","LAKESIDE MEMORIAL HOSPITAL"
"330038","36037","ST JEROME HOSPITAL"
"330039","36003","CUBA MEMORIAL HOSPITAL"
"330041","36081","PARKWAY HOSPITAL"
"330043","36103","SOUTH SHORE UNIVERSITY  HOSPITAL"
"330044","36065","WYNN HOSPITAL"
"330045","36103","HUNTINGTON HOSPITAL"
"330046","36061","MOUNT SINAI WEST"
"330047","36057","ST MARY'S HEALTHCARE"
"330048","36065","FAXTON - CHILDRENS HOSPITAL"
"330049","36027","NORTHERN DUTCHESS HOSPITAL"
"330050","36047","BAPTIST MEDICAL CENTER OF NEW YORK"
"330052","36039","MEMORIAL HOSPITAL OF GREENE COUNTY"
"330053","36073","MEDINA MEMORIAL HOSPITAL"
"330055","36081","NEW YORK-PRESBYTERIAN/QUEENS"
"330056","36047","BROOKLYN HOSPITAL CENTER - DOWNTOWN CAMPUS"
"330057","36001","ST PETER'S HOSPITAL"
"330058","36069","GENEVA GENERAL HOSPITAL"
"330059","36005","MONTEFIORE MEDICAL CENTER"
"33005E","36017","CHASE MEM HOSP"
"330060","36089","CARTHAGE AREA HOSPITAL, INC"
"330061","36119","NEW YORK-PRESBYTERIAN HOSPITAL/LAWRENCE"
"330062","36097","SCHUYLER HOSPITAL"
"330064","36061","NEW YORK DOWNTOWN HOSPITAL"
"330065","36063","NIAGARA FALLS MEMORIAL MEDICAL CENTER"
"330066","36093","ST CLARE'S HOSPITAL"
"330067","36027","ST FRANCIS HOSPITAL"
"330072","36005","OUR LADY OF MERCY MEDICAL CENTER"
"330073","36037","UNITED MEMORIAL MEDICAL CENTER"
"330074","36069","F F THOMPSON HOSPITAL"
"330075","36075","ALBERT LINDLEY LEE MEMORIAL HOSPITAL"
"330076","36085","STATEN ISLAND UNIVERSITY HOSPITAL-SOUTH - CLOSED"
"330077","36029","LAFAYETTE GENERAL HOSP"
"330078","36029","SISTERS OF CHARITY HOSPITAL"
"330079","36033","ADIRONDACK MEDICAL CENTER - SARANAC LAKE"
"330080","36005","LINCOLN MEDICAL & MENTAL HEALTH CENTER"
"330082","36083","LEONARD HOSPITAL"
"330084","36033","THE UNIVERSITY OF VERMONT HEALTH NETWORK-ALICE HY"
"330085","36077","AURELIA OSBORN FOX MEMORIAL HOSPITAL"
"330086","36119","MONTEFIORE MOUNT VERNON HOSPITAL"
"330088","36103","STONY BROOK EASTERN LONG ISLAND HOSPITAL"
"330090","36015","ARNOT OGDEN MEDICAL CENTER"
"330091","36029","ST JOSEPH HOSPITAL OF CHEEKTOWAGA NEW YORK"
"330092","36025","MARGARETVILLE MEMORIAL HOSPITAL"
"330094","36021","COLUMBIA MEMORIAL HOSPITAL"
"330095","36029","CATHOLIC HEALTH SYSTEM AT OUR LADY OF VICTORY"
"330096","36003","JONES MEMORIAL HOSPITAL"
"330097","36123","SOLDIERS & SAILORS MEMORIAL HOSPITAL OF YATES COUN"
"33009F","36001","VA HOSP"
"330100","36061","N Y EYE AND EAR INFIRMARY"
"330101","36061","NEW YORK-PRESBYTERIAN HOSPITAL"
"330102","36029","KENMORE MERCY HOSPITAL"
"330103","36009","OLEAN GENERAL HOSPITAL"
"330104","36087","NYACK HOSPITAL"
"330106","36059","NORTH SHORE UNIVERSITY HOSPITAL"
"330107","36103","PECONIC BAY MEDICAL CENTER"
"330108","36015","ST JOSEPH'S HOSPITAL"
"330109","36071","TUXEDO MEMORIAL HOSP"
"33010F","36037","VA HOSP"
"330110","36099","TAYLOR BROWN MEMORIAL HOSPITAL"
"330111","36029","BERTRAND CHAFFEE HOSPITAL"
"330114","36045","E J NOBLE-ALEXANDRIA BAY"
"330115","36053","ONEIDA HEALTH"
"330116","36031","MOSES LUDINGTON HOSPITAL"
"330117","36001","COHOES MEMORIAL HOSP"
"330118","36029","MILLARD FILLMORE HOSPITAL"
"330119","36061","LENOX HILL HOSPITAL"
"33011F","36101","VA HOSP"
"330121","36025","UNITED HEALTH SERVICES / DELAWARE VALLEY HOSPITAL"
"330122","36119","YONKERS GENERAL HOSPITAL"
"330125","36055","ROCHESTER GENERAL HOSPITAL"
"330126","36071","GARNET HEALTH MEDICAL CENTER"
"330127","36005","JACOBI MEDICAL CENTER"
"330128","36081","ELMHURST HOSPITAL CENTER"
"33012F","36029","VA HOSP"
"330132","36013","TLC NETWORK"
"330133","36061","CABRINI MEDICAL CENTER"
"330135","36071","BON SECOURS COMMUNITY HOSPITAL"
"330136","36077","MARY IMOGENE BASSETT HOSPITAL"
"33013F","36069","VA HOSP"
"330140","36067","ST JOSEPH'S HOSPITAL HEALTH CENTER"
"330141","36103","LONG ISLAND COMMUNITY HOSPITAL"
"330142","36061","BETH ISRAEL HOSPITAL NORTH"
"330144","36101","IRA DAVENPORT MEMORIAL HOSPITAL"
"330148","36043","LITTLE FALLS HOSPITAL"
"33014F","36027","VA HOSP"
"330150","36101","BETHESDA HOSPITAL"
"330151","36101","ST JAMES HOSPITAL"
"330152","36047","LONG ISLAND COLLEGE HOSPITAL"
"330153","36093","ELLIS HOSPITAL"
"330154","36061","MEMORIAL HOSPITAL FOR CANCER AND ALLIED DISEASES"
"330155","36009","ST FRANCIS HOSPITAL"
"330157","36045","SAMARITAN MEDICAL CENTER"
"330158","36087","GOOD SAMARITAN HOSPITAL OF SUFFERN"
"330159","36067","COMMUNITY-GENERAL HOSPITAL OF GREATER SYRACUSE"
"33015F","36119","VA HOSP"
"330160","36085","STATEN ISLAND UNIVERSITY HOSPITAL"
"330161","36029","BUFFALO COLUMBUS HOSPITAL"
"330162","36119","NORTHERN WESTCHESTER HOSPITAL"
"330163","36063","EASTERN NIAGARA HOSPITAL - LOCKPORT DIVISION"
"330164","36055","HIGHLAND HOSPITAL"
"330165","36073","ARNOLD GREGORY MEMORIAL HOSPITAL"
"330166","36013","WESTFIELD MEMORIAL HOSPITAL, INC"
"330167","36059","NYU WINTHROP HOSPITAL"
"330168","36107","TIOGA GENERAL HOSPITAL"
"330169","36047","MOUNT SINAI BETH ISRAEL"
"33016F","36005","VA HOSP"
"330171","36119","NEW YORK UNITED HOSPITAL MED CTR"
"330172","36081","BOULEVARD HOSP"
"330174","36009","SALAMANCA DISTRICT HOSPITAL"
"330175","36023","GUTHRIE CORTLAND REGIONAL MEDICAL CENTER"
"330176","36031","PLACID MEMORIAL HOSPITAL"
"330177","36089","EDWARD JOHN  NOBLE HOSPITAL OF GOUVERNEUR"
"330179","36089","CLIFTON FINE HOSPITAL"
"33017F","36061","VA HOSP"
"330180","36083","SAMARITAN HOSPITAL"
"330181","36059","GLEN COVE HOSPITAL"
"330182","36059","ST FRANCIS HOSPITAL, ROSLYN"
"330183","36055","GENESEE HOSPITAL"
"330184","36119","MONTEFIORE NEW ROCHELLE HOSPITAL"
"330185","36103","JOHN T MATHER MEMORIAL HOSPITAL  OF PORT JEFFERSON"
"330186","36027","HIGHLAND HOSPITAL"
"330188","36063","MOUNT ST MARY'S HOSPITAL AND HEALTH CENTER"
"330189","36001","ALBANY MEDICAL CENTER / SOUTH CLINICAL CAMPUS"
"33018F","36081","US NAVAL HOSP"
"330191","36113","GLENS FALLS HOSPITAL"
"330193","36081","FLUSHING HOSPITAL MEDICAL CENTER"
"330194","36047","MAIMONIDES MEDICAL CENTER"
"330195","36081","LONG ISLAND JEWISH MEDICAL CENTER"
"330196","36047","SOUTH BROOKLYN HEALTH"
"330197","36089","CANTON-POTSDAM HOSPITAL"
"330198","36059","MOUNT SINAI SOUTH NASSAU"
"330199","36061","METROPOLITAN HOSPITAL CENTER"
"33019F","36103","VA HOSP"
"330201","36047","KINGSBROOK JEWISH MEDICAL CENTER"
"330202","36047","KINGS COUNTY HOSPITAL CENTER"
"330203","36067","CROUSE HOSPITAL"
"330204","36061","BELLEVUE HOSPITAL CENTER"
"330205","36071","ST ANTHONY COMMUNITY HOSPITAL"
"330208","36119","ST JOHN'S RIVERSIDE HOSPITAL"
"330209","36071","ST LUKES HOSPITAL"
"33020F","36047","VA HOSP"
"330210","36035","JOHNSTOWN HOSPITAL"
"330211","36089","CLAXTON-HEPBURN MEDICAL CENTER"
"330212","36085","STATEN ISLAND UNIVERSITY HOSPITAL CONC  -  CLOSED"
"330213","36049","LEWIS COUNTY GENERAL HOSPITAL"
"330214","36061","NYU LANGONE HOSPITALS"
"330215","36065","ROME MEMORIAL HOSPITAL, INC"
"330217","36013","JAMESTOWN GENERAL HOSPITAL"
"330218","36075","OSWEGO HOSPITAL"
"330219","36029","ERIE COUNTY MEDICAL CENTER"
"33021F","36085","US PUBLIC HEALTH SERVICE HOSP"
"330221","36047","WYCKOFF HEIGHTS MEDICAL CENTER"
"330222","36091","SARATOGA HOSPITAL"
"330223","36089","SLHS MASSENA, INC"
"330224","36111","HEALTHALLIANCE HOSPITAL MARYS AVENUE CAMPUS"
"330225","36059","LONG BEACH MEDICAL CENTER"
"330226","36055","UNITY HOSPITAL OF ROCHESTER"
"330229","36013","BROOKS-TLC HOSPITAL SYSTEM, INC"
"33022F","36019","US AIR FORCE HOSP"
"330230","36061","ST VINCENT'S MIDTOWN HOSPITAL"
"330231","36081","QUEENS HOSPITAL CENTER"
"330232","36083","SAMARITAN HOSPITAL-ST MARY'S CAMPUS"
"330233","36047","BROOKDALE HOSPITAL MEDICAL CENTER"
"330234","36119","WESTCHESTER MEDICAL CENTER"
"330235","36011","AUBURN  COMMUNITY  HOSPITAL"
"330236","36047","NEW YORK-PRESBYTERIAN BROOKLYN METHODIST HOSPITAL"
"330238","36051","NICHOLAS H NOYES MEMORIAL HOSPITAL"
"330239","36013","UPMC CHAUTAUQUA AT WCA"
"33023F","36065","US AIR FORCE HOSP"
"330240","36061","HARLEM HOSPITAL CENTER"
"330241","36067","UNIVERSITY HOSPITAL S U N Y HEALTH SCIENCE CENTER"
"330242","36047","VICTORY MEMORIAL HOSPITAL"
"330244","36029","ST FRANCIS HOSPITAL"
"330245","36065","ST ELIZABETH MEDICAL CENTER"
"330246","36103","ST CHARLES HOSPITAL"
"330247","36061","MANHATTAN EYE EAR AND THROAT HOSPITAL"
"330249","36053","COMMUNITY MEMORIAL HOSPITAL, INC"
"33024F","36067","VA HOSP"
"330250","36019","THE UNIVERSITY OF VERMONT HEALTH NETWORK  - CHAMPL"
"330252","36031","ELIZABETHTOWN COMMUNITY HOSPITAL"
"330254","36117","MYERS COMMUNITY HOSPITAL"
"330256","36099","SENECA FALLS HOSP"
"330257","36115","EMMA LAING STEVENS HOSPITAL"
"330258","36081","MOUNT SINAI HOSPITAL OF QUEENS"
"330259","36059","MERCY MEDICAL CENTER"
"33025F","36071","WEST POINT KELLER ARMY COMMUNITY HOSPITAL"
"330260","36081","OSTEOPATHIC HOSP  CLINIC OF NY"
"330261","36119","PHELPS HOSPITAL"
"330263","36045","CARTHAGE AREA HOSPITAL, INC"
"330264","36071","MONTEFIORE ST LUKE'S CORNWALL"
"330265","36069","CLIFTON SPRINGS HOSPITAL AND CLINIC"
"330267","36119","HUDSON VALLEY HOSPITAL CENTER"
"330268","36095","COBLESKILL REGIONAL HOSPITAL"
"330270","36061","HOSPITAL FOR SPECIAL SURGERY"
"330272","36025","COMMUNITY HOSPITAL"
"330273","36079","PUTNAM HOSPITAL CENTER"
"330275","36055","ST MARYS HOSPITAL"
"330276","36035","NATHAN LITTAUER HOSPITAL"
"330277","36101","CORNING HOSPITAL"
"330279","36029","MERCY HOSPITAL OF BUFFALO"
"330281","36061","MEDICAL ARTS CENTER HOSPITAL"
"330285","36055","STRONG MEMORIAL HOSPITAL"
"330286","36103","GOOD SAMARITAN HOSPITAL MEDICAL CENTER"
"330288","36079","JULIA BUTTERFIELD HOSPITAL"
"330290","36061","SVCMC-ST VINCENT'S CTRS  NY & WEST BRANCHES"
"330291","36025","A LINDSAY OLIVE B OCONNOR HOSPITAL"
"330293","36013","LAKE SHORE HOSPITAL"
"330297","36081","PARSONS HOSPITAL"
"330300","36005","PROSPECT HOSP"
"330304","36119","WHITE PLAINS HOSPITAL CENTER"
"330306","36047","LUTHERAN MEDICAL CENTER"
"330307","36109","CAYUGA MEDICAL CENTER AT ITHACA"
"330308","36081","LITTLE NECK COMMUNITY HOSPITAL"
"330309","36103","COMMUNITY HOSPITAL OF SMITHTOWN"
"33030E","36087","PEARL RIVER GEN HOSP"
"330314","36103","BRUNSWICK HOSPITAL CENTER, INC"
"330315","36047","KINGS HIGHWAY HOSPITAL"
"330316","36005","NEW YORK WESTCHESTER SQUARE MEDICAL CENTER"
"330318","36047","FLATBUSH GEN HOSP"
"330320","36005","PELHAM BAY GENERAL HOSPITAL"
"330323","36059","LYDIA E HALL HOSP"
"330327","36111","ELLENVILLE COMMUNITY HOSPITAL"
"330331","36059","PLAINVIEW HOSPITAL"
"330332","36059","ST JOSEPH HOSPITAL"
"330333","36059","ISLAND MEDICAL CENTER"
"330335","36081","PHYSICIANS HOSPITAL"
"330336","36059","MASSAPEQUA GENERAL HOSPITAL"
"330338","36119","ST AGNES HOSPITAL"
"330339","36093","BELLEVUE WOMAN'S HOSPITAL"
"330340","36103","SOUTHAMPTON HOSPITAL"
"330345","36029","SHERIDAN PARK HOSPITAL"
"33034E","36085","WILLOWBROOK STATE SCHOOL"
"330350","36047","SUNY HEALTH SCIENCE CENTER AT BROOKLYN UNIVERSITY"
"330351","36091","ADIRONDACK REGIONAL HOSPITAL"
"330353","36081","FOREST HILLS HOSPITAL"
"330354","36029","ROSWELL PARK CANCER INSTITUTE"
"330357","36081","CARITAS HEALTH CARE, INC"
"330359","36105","COMMUNITY GENERAL HOSPITAL"
"33035E","36029","BOOTH MEM HOSP"
"330361","36103","CENTRAL ISLIP PSYCH CTR MED/SURGICAL"
"330362","36071","MIDDLETOWN PSYCHIATRIC CENTER"
"330363","36027","HUDSON RIVER PSYCHIATRIC CENTER"
"330366","36099","WILLARD PSYCHIATRIC CENTER"
"330367","36055","ROCHESTER PSYCHIATRIC CENTER"
"330368","36029","BUFFALO PSYCHIATRIC CENTER"
"330369","36089","ST LAWRENCE PSYCHIATRIC CENTER"
"330371","36007","BINGHAMTON PSYCHIATRIC CENTER"
"330372","36059","FRANKLIN HOSPITAL"
"330373","36029","GOWANDA PSYCHIATRIC CENTER"
"330377","36029","CHILDRENS HOSP"
"330381","36085","BAYLEY SETON HOSPITAL"
"330385","36005","NORTH CENTRAL BRONX HOSPITAL"
"330386","36105","GARNET HEALTH  MEDICAL CENTER CATSKILLS"
"330387","36061","ROCKEFELLER UNIVERSITY HOSPITAL"
"330389","36061","HOSPITAL FOR JOINT DISEASES ORTHOPAEDIC INSTITUTE"
"330390","36061","NORTH GENERAL HOSPITAL"
"330391","36065","CHILDREN'S HOSP  REHAB CENTER"
"330393","36103","STONY BROOK UNIVERSITY HOSPITAL"
"330394","36007","UNITED HEALTH SERVICES HOSPITALS, INC"
"330395","36081","ST JOHN'S EPISCOPAL HOSPITAL AT SOUTH SHORE"
"330396","36047","WOODHULL MEDICAL & MENTAL HEALTH CENTER"
"330397","36047","INTERFAITH MEDICAL CENTER"
"330398","36059","NORTH SHORE UNIV HOSP SYOSSET"
"330399","36005","ST BARNABAS HOSPITAL"
"33039E","36047","HOUSE OF ST GILES"
"330400","36025","O'CONNOR HOSPITAL"
"330401","36103","ST CATHERINE OF SIENA HOSPITAL"
"330402","36111","ELLENVILLE REGIONAL HOSPITAL"
"330403","36055","MONROE COMMUNITY HOSPITAL"
"330404","36119","WINIFRED MASTERSON BURKE REHABILITATION HOSPITAL"
"330405","36087","HELEN HAYES HOSPITAL"
"330406","36093","SUNNYVIEW HOSPITAL AND REHABILITATION CENTER"
"330407","36001","EDDY COHOES REHABILITATION CENTER"
"330408","36025","TRI-TOWN REGIONAL HEALTHCARE"
"330409","36083","THE BURDETT CARE CENTER"
"33040E","36059","FREEPORT HOSP"
"330410","36061","TERENCE CARDINAL COOKE HEALTH CARE CENTER"
"330411","36055","UNITY SPECIALTY HOSPITAL"
"330412","36065","OMNI SURGERY CENTER"
"33042E","36117","NEWARK STATE SCHOOL"
"33043E","36059","OCEANSIDE GARDENS SANITARIUM"
"33044E","36067","SYRACUSE STATE SCHOOL"
"33045E","36065","ROME STATE SCHOOL"
"33046E","36029","WEST SENECA STATE SCHOOL"
"33048E","36119","BLYTHEDALE CHILDREN'S HOSPITAL"
"33049E","36061","ROCKEFELLER UNIVERSITY HOSP"
"33050E","36119","GREENMONT-ON-HUDSON HOSP"
"33051E","36119","STONY LODGE HOSP"
"33052E","36093","CONIFER PARK"
"330799","36089","CLIFTON-FINE HOSPITAL"
"330800","36101","IRA DAVENPORT MEMORIAL HOSPITAL"
"330801","36013","WESTFIELD MEMORIAL HOSPITAL, INC"
"331301","36003","CUBA MEMORIAL HOSPITAL, INC"
"331302","36031","ELIZABETHTOWN COMMUNITY HOSPITAL"
"331303","36105","GARNET HEALTH MEDICAL CENTER-CATSKILLS"
"331304","36025","MARGARETVILLE MEMORIAL HOSPITAL"
"331305","36025","O'CONNOR HOSPITAL"
"331306","36031","MOSES-LUDINGTON HOSPITAL"
"331307","36089","CLIFTON-FINE HOSPITAL"
"331308","36115","MCCLELLAN HEALTH SYSTEM"
"331309","36045","RIVER HOSPITAL CLINICS"
"331310","36111","ELLENVILLE REGIONAL HOSPITAL"
"331311","36043","LITTLE FALLS HOSPITAL"
"331312","36025","DELAWARE VALLEY HOSPITAL, INC"
"331313","36097","SCHUYLER HOSPITAL"
"331314","36123","SOLDIERS AND SAILORS MEMORIAL HOSPITAL OF YATES"
"331315","36089","GOUVERNEUR HOSPITAL"
"331316","36053","COMMUNITY MEMORIAL HOSPITAL, INC"
"331317","36049","LEWIS COUNTY GENERAL HOSPITAL"
"331318","36045","CARTHAGE AREA HOSPITAL, INC"
"331319","36073","MEDINA MEMORIAL HOSPITAL"
"331320","36095","COBLESKILL REGIONAL HOSPITAL"
"331321","36033","THE UNIVERSITY OF VERMONT HEALTH NETWORK-ALICE HY"
"331322","36089","SLHS MASSENA, INC"
"331323","36121","WYOMING COUNTY"
"331324","36089","CARTHAGE AREA HOSPITAL, INC"
"331990","36005","HIGH RIDGE HOUSE"
"332006","36005","CALVARY HOSPITAL INC"
"332007","36093","SUNNYVIEW HOSP REHAB CTR"
"332008","36061","HENRY J CARTER SPECIALTY HOSPITAL"
"332009","36005","ST BARNABAS HOSP"
"332011","36087","HELEN HAYES HOSP"
"332012","36061","NYU MED CTR-RUSK INST FOR REHAB MED"
"332014","36087","SUMMIT PARK HOSPITAL - ROCKLAND COUNTY INFIRMARY"
"332016","36061","COLER MEMORIAL HOSP  HOME"
"332020","36119","BURKE REHABILITATION CENTER"
"332021","36055","MONROE COM HOSP"
"332022","36061","TERENCE CARDINAL COOKE HEALTH CARE CENTER"
"333025","36093","SUNNYVIEW HOSPITAL AND REHABILITATION CENTER"
"333027","36087","HELEN HAYES HOSPITAL"
"333028","36119","BURKE REHABILIATION HOSPITAL"
"333029","36001","EDDY COHOES REHABILITATION CENTER"
"333030","36119","BURKE REHABILITATION HOSPITAL"
"333300","36029","CHILDRENS HOSP"
"333301","36119","BLYTHEDALE CHILDREN'S HOSPITAL"
"334001","36067","HUTCHINGS PSYCHIATRIC CTR"
"334002","36119","FOUR WINDS"
"334003","36089","ST LAWRENCE PSYCHIATRIC CENTER"
"334004","36081","CREEDMOOR PSYCHIATRIC CENTER"
"334005","36065","UTICA PYSCHIATRIC CENTER"
"334006","36119","NEW YORK HOSP-WESTCHESTER DIV"
"334007","36119","ST VINCENTS HOSP"
"334008","36119","HIGH POINT HOSP"
"334009","36061","NEW YORK STATE PSYCHIATRIC INSTITUTE"
"334010","36027","HUDSON RIVER PSYCHIATRIC CENTER"
"334011","36047","KINGSBORO PSYCHIATRIC CENTER"
"334012","36007","GREATER BINGHAMTON HEALTH CENTER"
"334013","36103","PILGRIM PSYCHIATRIC CENTER"
"334014","36103","CENTRAL ISLIP PSYCH CENTER"
"334015","36087","ROCKLAND PSYCH CTR"
"334016","36099","WILLARD PSYCH CTR"
"334017","36071","MIDDLETOWN PSYCH CENTER"
"334019","36061","PAYNE WHITNEY PSYCHIATRIC CLINIC"
"334020","36055","ROCHESTER PSYCHIATRIC CENTER"
"334021","36065","MOHAWK VALLEY PSYCHIATRIC CENTER"
"334022","36029","BRYLIN HOSP"
"334023","36067","BENJAMIN RUSH CTR"
"334026","36103","BRUNSWICK PSYCH CENTER"
"334027","36103","SOUTH OAKS HOSP"
"334030","36103","KINGS PARK PSYCHIATRIC CENTER"
"334031","36027","HARLEM VALLEY PSYCHIATRIC CENTER"
"334032","36029","BUFFALO PSYCH CENTER"
"334033","36119","RYE PSYCH HOSP CENTER"
"334034","36005","BRONX PSYCH CENTER"
"334035","36029","GOWANDA PSYCHIATRIC CENTER"
"334042","36059","FREEPORT HOSP"
"334043","36085","SOUTH BEACH PSYCHIATRIC CENTER"
"334045","36015","ELMIRA PSYCH CENTER"
"334046","36001","CAPITAL DISTRICT PSYCH CENTER"
"334048","36061","GRACIE SQUARE HOSP"
"334049","36091","FOUR WINDS OF SARATOGA"
"334050","36081","HOLLISWOOD PSYCHIATRIC HOSPITAL"
"334051","36027","HARLEM VALLEY PSYCHIATRIC CENTER"
"334052","36029","BUFFALO PSYCHIATRIC CENTER"
"334053","36005","BRONX PSYCHIATRIC CENTER"
"334054","36061","MANHATTAN PSYCHIATRIC CENTER"
"334055","36081","HOLLISWOOD HOSPITAL,THE"
"334056","36027","CRAIG HOUSE HOSPITAL"
"334057","36061","REGENT HOSPITAL"
"334058","36047","KINGSBORO PSYCHIATRIC CENTER"
"334059","36119","STONEY LODGE HOSPITAL"
"334060","36061","KIRBY FORENSIC PSYCHIATRIC CENTER"
"334061","36071","MID HUDSON FORENSIC PSYCHIATRIC CTR"
"334062","36067","FOUR WINDS SYRACUSE"
"334063","36047","KINGSBORO PSYCHIATRIC HOSPITAL"
"334064","36103","SAGAMORE CHILDREN'S PSYCHIATRIC CENTER"
"334065","36029","WESTERN NY CHILDRENS PSYCHIATRIC CENTER"
"334066","36087","ROCKLAND CHILDREN'S PSYCHIATRIC CENTER"
"334067","36081","NEW YORK CITY CHILDRENS PSYCH CENTER"
"334068","36089","CLAXTON-HEPBURN MEDICAL CENTER"
"339800","36067","UNIVERSITY HOSPITAL S U N Y HEALTH SCIENCE CTR T C"
"339801","36059","NORTH SHORE UNIVERSITY HOSPITAL - MANHASSET T C"
"339802","36047","UNIVERSITY HOSPITAL OF BROOKLYN ( DOWNSTATE) T C"
"339803","36061","NEW YORK-PRESBYTERIAN HOSPITAL AT COLUMBIA T C"
"339804","36061","NYU  LANGONE HOSPITALS T C"
"339805","36061","MOUNT SINAI - ST LUKE'S DIV T C"
"339806","36119","WESTCHESTER MEDICAL CENTER T C"
"339807","36005","MONTEFIORE MEDICAL CENTER T C"
"339808","36055","STRONG MEMORIAL HOSPITAL T C"
"339809","36103","UNIVERSITY HOSPITAL ( STONY BROOK ) T C"
"339810","36061","NEW YORK-PRESBYTERIAN HOSPITAL AT CORNELL T C"
"339811","36001","ALBANY MEDICAL CENTER T C"
"339812","36029","BUFFALO GENERAL MED CTR T C"
"339813","36061","MOUNT SINAI HOSPITAL T C"
"339814","36029","ERIE COUNTY MEDICAL CENTER T C"
"339815","36059","LONG ISLAND JEWISH MEDICAL CENTER T C"
"340001","37025","ATRIUM HEALTH CABARRUS"
"340002","37021","MEMORIAL MISSION HOSPITAL AND ASHEVILLE SURGERY CE"
"340003","37171","NORTHERN REGIONAL HOSPITAL"
"340004","37081","HIGH POINT REGIONAL HOSPITAL"
"340005","37011","CHARLES A CANNON, JR MEMORIAL HOSPITAL"
"340006","37197","HOOTS MEMORIAL HOSPITAL"
"340007","37157","ANNIE PENN MEMORIAL HOSPITAL"
"340008","37165","SCOTLAND MEMORIAL HOSPITAL"
"340009","37119","PRESBYTHERIAN SPECIALTY HOSPITAL"
"340010","37191","UNC HEALTH WAYNE"
"340011","37121","BLUE RIDGE REGIONAL HOSPITAL, INC"
"340012","37113","ANGEL MEDICAL CENTER"
"340013","37161","RUTHERFORD REGIONAL MEDICAL CENTER"
"340014","37067","NOVANT HEALTH FORSYTH MEDICAL CENTER"
"340015","37159","NOVANT HEALTH ROWAN MEDICAL CENTER"
"340016","37099","HARRIS REGIONAL HOSPITAL"
"340017","37089","MARGARET R PARDEE MEMORIAL HOSPITAL"
"340018","37149","ST LUKES HOSPITAL"
"340019","37169","STOKES-REYNOLDS MEMORIAL HOSPITAL"
"340020","37105","CENTRAL CAROLINA HOSPITAL"
"340021","37045","ATRIUM HEALTH CLEVELAND"
"340022","37017","BLADEN COUNTY HOSPITAL"
"340023","37089","ADVENTHEALTH HENDERSONVILLE"
"340024","37163","SAMPSON REGIONAL MEDICAL CENTER"
"340025","37087","HAYWOOD REGIONAL MEDICAL CENTER"
"340027","37107","UNC LENOIR HEALTH CARE"
"340028","37051","CAPE FEAR VALLEY MEDICAL CENTER"
"340030","37063","DUKE UNIVERSITY HOSPITAL"
"340031","37173","SWAIN COUNTY HOSPITAL"
"340032","37071","CAROMONT REGIONAL MEDICAL CENTER"
"340034","37001","ALAMANCE COUNTY HOSPITAL"
"340035","37153","FIRSTHEALTH RICHMOND MEMORIAL HOSPITAL"
"340036","37069","NOVANT HEALTH FRANKLIN MEDICAL CENTER"
"340037","37045","ATRIUM HEALTH KINGS MOUNTAIN"
"340038","37013","BEAUFORT COUNTY MEDICAL CENTER"
"340039","37097","IREDELL MEMORIAL HOSPITAL INC"
"340040","37147","ECU HEALTH MEDICAL CENTER"
"340041","37027","CALDWELL MEMORIAL HOSPITAL"
"340042","37133","ONSLOW MEMORIAL HOSPITAL"
"340044","37005","ALLEGHANY COUNTY MEMORIAL HOSPITAL"
"340045","37189","BLOWING ROCK HOSPITAL"
"340047","37067","NORTH CAROLINA BAPTIST HOSPITAL"
"340048","37125","ST JOSEPH OF THE PINES HOSPITAL"
"340049","37063","NORTH CAROLINA SPECIALTY HOSPITAL"
"340050","37155","SOUTHEASTERN REGIONAL MEDICAL CENTER"
"340051","37189","WATAUGA MEDICAL CENTER"
"340052","37059","DAVIE COUNTY HOSPITAL"
"340053","37119","NOVANT HEALTH PRESBYTERIAN MEDICAL CENTER"
"340054","37039","DISTRICT MEMORIAL HOSP OF SW NC"
"340055","37023","VALDESE GENERAL HOSPITAL INC"
"340060","37157","UNC ROCKINGHAM"
"340061","37135","UNC HOSPITALS"
"340063","37123","FIRSTHEALTH MONTGOMERY MEM HOSPITAL"
"340064","37193","WILKES REGIONAL MEDICAL CENTER"
"340065","37061","CHOWAN HOSPITAL"
"340067","37003","ALEXANDER COMMUNITY HOSPITAL"
"340068","37047","COLUMBUS REGIONAL HEALTHCARE SYSTEM"
"340069","37183","WAKEMED"
"340070","37001","ALAMANCE REGIONAL MEDICAL CENTER"
"340071","37085","BETSY JOHNSON REGIONAL  HOSPITAL"
"340072","37009","ASHE MEMORIAL HOSPITAL"
"340073","37183","DUKE HEALTH RALEIGH HOSPITAL"
"340075","37023","UNC HEALTH BLUE RIDGE"
"340076","37031","SEA LEVEL HOSP & EXTENDED CARE FAC"
"340079","37117","ROBERSONVILLE COMMUNITY HOSPITAL"
"340080","37011","SLOOP MEMORIAL HOSPITAL"
"340084","37007","ATRIUM HEALTH ANSON"
"340085","37057","NOVANT HEALTH THOMASVILLE MEDICAL CENTER"
"340086","37185","WARREN GENERAL HOSP"
"340087","37111","MISSION HOSPITAL MCDOWELL"
"340088","37175","TRANSYLVANIA COMMUNITY HOSPITAL INC"
"340089","37013","PUNGO DISTRICT HOSPITAL"
"340090","37101","JOHNSTON HEALTH"
"340091","37081","CONE HEALTH"
"340093","37141","PENDER MEMORIAL HOSPITAL"
"340094","37129","CAPE FEAR HOSPITAL"
"340096","37057","LEXINGTON MEMORIAL HOSPITAL INC"
"340097","37171","HUGH CHATHAM MEMORIAL HOSPITAL"
"340098","37119","ATRIUM HEALTH PINEVILLE"
"340099","37091","VIDANT ROANOKE CHOWAN HOSPITAL"
"340100","37081","VENCOR HOSPITAL GREENSBORO"
"340101","37015","BERTIE MEMORIAL HOSPITAL"
"340104","37045","CRAWLEY MEMORIAL HOSPITAL"
"340105","37021","ST JOSEPHS HOSPITAL"
"340106","37153","SANDHILLS REGIONAL MEDICAL CENTER"
"340107","37065","VIDANT EDGECOMBE HOSPITAL"
"340109","37139","SENTARA ALBEMARLE MEDICAL CENTER"
"340111","37037","CHATHAM HOSPITAL INC"
"340112","37187","WASHINGTON COUNTY HOSPITAL"
"340113","37119","CAROLINAS MEDICAL CENTER/BEHAV HEALTH"
"340114","37183","REX HOSPITAL"
"340115","37125","FIRSTHEALTH MOORE REGIONAL HOSPITAL"
"340116","37035","FRYE REGIONAL MEDICAL CENTER"
"340119","37167","ATRIUM HEALTH STANLY"
"340120","37061","VIDANT DUPLIN  HOSPITAL"
"340121","37019","J ARTHUR DOSHER MEMORIAL HOSPITAL"
"340122","37083","OUR COMMUNITY HOSPITAL"
"340123","37151","RANDOLPH HOSPITAL"
"340124","37085","GOOD HOPE HOSPITAL"
"340125","37081","WESLEY LONG COMMUNITY HOSPITAL"
"340126","37195","WILSON MEDICAL CENTER"
"340127","37077","GRANVILLE HEALTH SYSTEMS"
"340128","37035","HICKORY MEMORIAL HOSP"
"340129","37097","DUKE HEALTH LAKE NORMAN HOSPITAL"
"34012F","37063","DURHAM VA MEDICAL CENTER"
"340130","37179","ATRIUM HEALTH UNION"
"340131","37049","CAROLINA EAST MEDICAL CENTER"
"340132","37181","MARIA PARHAM MEDICAL CENTER"
"340133","37117","MARTIN GENERAL HOSPITAL"
"340135","37191","CHERRY HOSPITAL-GENERAL MEDICAL"
"340136","37077","JOHN UMSTEAD HOSPITAL"
"340137","37023","BROUGHTON HOSPITAL-MEDICAL UNIT"
"340138","37077","CENTRAL REGIONAL HOSPITAL"
"34013F","37051","FAYETTEVILLE VA MEDICAL CENTER"
"340141","37129","NOVANT HEALTH NEW HANOVER REGIONAL MEDICAL CENTER"
"340142","37031","CARTERET GENERAL HOSPITAL"
"340143","37035","CATAWBA VALLEY MEDICAL CENTER"
"340144","37097","DAVIS REGIONAL MEDICAL CENTER"
"340145","37109","ATRIUM HEALTH LINCOLN"
"340146","37033","HIGHLANDS-CASHIERS HOSPITAL INC"
"340147","37127","UNC HEALTH NASH"
"340148","37067","NOVANT HEALTH MEDICAL PARK HOSPITAL"
"340151","37083","ECU HEALTH NORTH HOSPITAL"
"340153","37119","NOVANT HEALTH CHARLOTTE ORTHOPEDIC HOSPITAL"
"340154","37023","WESTERN CAROLINA CENTER HOSPITAL"
"340155","37063","DUKE REGIONAL HOSPITAL"
"340156","37173","CHEROKEE INDIAN HOSPITAL AUTHORITY"
"340157","37081","HUMANA HOSPITAL-GREENSBORO"
"340158","37019","NOVANT HEALTH BRUNSWICK MEDICAL CENTER"
"340159","37145","PERSON MEMORIAL HOSPITAL"
"34015F","37133","NAVAL MEDICAL CENTER CAMP LEJEUNE"
"340160","37039","MURPHY MEDICAL CENTER INC"
"340161","37021","ALCOHOLIC REHABILITATION CENTER"
"340162","37065","COMMUNITY HOSPITAL OF ROCKY MOUNT"
"340164","37051","COLUMBIA HIGH SMITH RAINEY MEM HOSPITA"
"340165","37119","HUNTERSVILLE HOSPITAL"
"340166","37119","ATRIUM HEALTH UNIVERSITY CITY"
"340167","37063","CHAPS KOALA CTR OF RESEARCH TRIANGLE"
"340168","37129","WILMINGTON TREATMENT CENTER"
"340169","37147","WALTER B JONES ALCOHOLIC REHAB CENTER"
"34016F","37021","VA HOSP"
"340170","37067","AMOS COTTAGE REHABILITATION HOSPITAL"
"340171","37119","NOVANT HEALTH MATTHEWS MEDICAL CENTER"
"340172","37199","YANCEY COMMUNITY MEDICAL CENTER"
"340173","37183","WAKEMED"
"340174","37021","ALCOHOL & DRUG ABUSE TREATMENT CENTER"
"340175","37147","WALTER B JONES ALCOHOL AND DRUG ABUSE"
"340176","37127","NEXTCARE SPECIALTY HOSPITAL OF NC"
"340177","37055","THE OUTER BANKS HOSPITAL INC"
"340178","37051","FAYETTEVILLE SPECIALTY HOSPITAL"
"340179","37067","SEMPERCARE HOSPITAL OF WINSTON SALEM"
"34017F","37159","W G HEFNER VA MEDICAL CENTER"
"340180","37119","CAROLINAS SPECIALTY HOSPITAL"
"340181","37021","ASHEVILLE SPECIALTY HOSPITAL"
"340182","37063","SELECT SPECIALTY HOSPITAL-DURHAM INC"
"340183","37119","NOVANT HEALTH HUNTERSVILLE MEDICAL CENTER"
"340184","37087","HAYWOOD REGIONAL MEDICAL CENTER"
"340185","37081","SELECT SPECIALTY HOSPITAL-GREENSBORO"
"340186","37013","VIDANT BEAUFORT HOSPITAL"
"340187","37059","DAVIE MEDICAL CENTER"
"340188","37093","CAPE FEAR VALLEY HOKE HOSPITAL"
"340189","37119","CAROLINAS  CONTINUECARE HOSPITAL AT UNIVERSITY"
"340190","37119","NOVANT HEALTH MINT HILL MEDICAL CENTER"
"340191","37129","WILMINGTON HEALTH PLLC"
"340192","37063","JAMES E DAVIS AMBULATORY SURGICAL CENTER"
"340193","37119","CAROLINA CENTER FOR SPECIALTY SURGERY"
"340194","37019","BRUNSWICK SURGERY CENTER, LLC"
"340195","37119","NOVANT HEALTH BALLANTYNE MEDICAL CENTER"
"34020F","37051","WOMACK ARMY MEDICAL CENTER"
"34036F","37021","ASHEVILLE VA MEDICAL CENTER"
"341300","37031","TAYLOR HOSPITAL & EXTENDED CARE FACIL"
"341301","37199","MISSION FAMILY HEALTH CENTER"
"341302","37083","OUR COMMUNITY HOSPITAL"
"341303","37123","FIRSTHEALTH MONTGOMERY MEMORIAL HOSP"
"341304","37015","ECU HEALTH BERTIE HOSPITAL"
"341305","37173","SWAIN COUNTY HOSPITAL"
"341306","37039","DISTRICT MEMORIAL HOSPITAL"
"341307","37141","PENDER MEMORIAL HOSPITAL"
"341308","37197","YADKIN VALLEY COMMUNITY HOSPITAL"
"341309","37039","DISTRICT MEDICAL CENTER"
"341310","37013","VIDANT PUNGO HOSPITAL"
"341311","37037","CHATHAM HOSPITAL INC"
"341312","37003","FRYE REGIONAL MEDICAL CENTER ALEXANDER CAMPUS"
"341313","37059","DAVIE COUNTY HOSPITAL"
"341314","37187","WASHINGTON COUNTY HOSP INC"
"341315","37017","CAPE FEAR VALLEY-BLADEN COUNTY HOSPITAL"
"341316","37113","HIGHLANDS CASHIERS HOSPITAL"
"341317","37169","LIFEBRITE COMMUNITY HOSPITAL OF STOKES"
"341318","37041","VIDANT CHOWAN HOSPITAL"
"341319","37175","TRANSYLVANIA REGIONAL HOSPITAL, INC"
"341320","37005","ALLEGHANY  MEMORIAL HOSPITAL"
"341321","37189","BLOWING ROCK HOSPITAL"
"341322","37149","ADVENT HEALTH POLK"
"341323","37011","CHARLES A CANNON JR MEMORIAL HOSPITAL"
"341324","37055","THE OUTER BANKS HOSPITAL, INC"
"341325","37009","ASHE MEMORIAL HOSPITAL"
"341326","37113","ANGEL MEDICAL CENTER"
"341327","37019","J ARTHUR DOSHER MEMORIAL HOSPITAL"
"341328","37039","ERLANGER MURPHY MEDICAL CENTER"
"341329","37121","BLUE RIDGE REGIONAL HOSPITAL"
"342003","37119","CHARLOTTE INSTITUTEOF REHABILITATION"
"342009","37155","NORTH CAROLINA CANCER INSTITUTE"
"342011","37021","THOMS REHABILITATION HOSPITAL INC"
"342012","37081","KINDRED HOSPITAL GREENSBORO"
"342013","37127","PAM SPECIALTY HOSPITAL OF ROCKY MOUNT"
"342014","37051","HIGHSMITH RAINEY MEMORIAL HOSPITAL"
"342015","37119","CAROLINAS CONTINUECARE HOSPITAL AT PINEVILLE"
"342016","37067","SELECT SPECIALTY HOSPITAL-WINSTON SALEM"
"342017","37021","ASHEVILLE SPECIALTY HOSPITAL"
"342018","37063","SELECT SPECIALTY HOSPITAL DURHAM INC"
"342019","37071","CAROLINAS CONTINUECARE AT KINGS MOUNTAIN"
"342020","37081","SELECT SPECIALTY HOSPITAL-GREENSBORO"
"342021","37119","CAROLINAS CONTINUECARE HOSPITAL AT UNIVERSITY"
"343025","37021","CAREPARTNERS REHABILITATION HOSPITAL"
"343026","37119","CAROLINAS REHABILITATION"
"343027","37067","NOVANT HEALTH REHABILITATION HOSPITAL"
"343028","37183","PEAK REHABILITATION HOSPITAL"
"343300","37063","LENOX BAKER CHILDRENS HOSP"
"344000","37021","HIGHLAND HOSP"
"344001","37183","DOROTHEA DIX HOSPITAL"
"344002","37023","BROUGHTON HOSP"
"344003","37191","CHERRY HOSPITAL"
"344004","37077","CENTRAL REGIONAL HOSPITAL"
"344005","37021","CHARTER ASHEVILLE BEHAVIORAL HEALTH SY"
"344006","37067","CHARTER BEHAV HLTH SYSTEM/WINSTON-SALE"
"344007","37067","OLD VINEYARD YOUTH SERVICES"
"344010","37051","CUMBERLAND HOSPITAL"
"344011","37183","WAKE CO ALCOHOLISM TREATMENT CTR"
"344012","37119","MECKLENBURG CO MENTAL HEALTH HOSP"
"344013","37067","CENTERPOINT HUMAN SERVICES"
"344014","37183","HOLLY HILL MENTAL HEALTH SERVICES"
"344015","37081","CHARTER GREENSBORO BEHAVIORAL HLTH SYS"
"344016","37133","BRYNN MARR HOSP"
"344017","37035","TEN BROECK"
"344018","37183","CHARTER NORTHRIDGE BEHAV HEALTH SYSTEM"
"344019","37119","CHARTER PINES BEHAVIORAL HEALTH SYSTEM"
"344020","37119","CEDAR SPRING HOSPITAL"
"344021","37127","COASTAL PLAIN HOSPITAL"
"344023","37021","JULIAN F KEITH ALCOHOL & DRUG ABUSE TX"
"344024","37147","WALTER B JONES ALCOHOL & DRUG ABUSE"
"344025","37023","BROUGHTON HOSPITAL"
"344026","37191","CHERRY HOSPITAL"
"344027","37077","RJ BLACKLEY ALCOHOL AND DRUG ABUSE TREATMENT CTR"
"344028","37101","STRATEGIC BEHAVORIAL CENTER-GARNER"
"344029","37085","GOOD HOPE HOSPITAL, INC"
"344030","37019","STRATEGIC BEHAVIORAL CENTER-LELAND"
"344031","37119","STRATEGIC BEHAVIORAL CENTER-CHARLOTTE"
"344032","37183","TRIANGLE SPRINGS"
"344033","37147","WALTER B JONES CENTER LAKESIDE PSYCHIATRIC HOSPITA"
"344034","37011","APPALACHIAN REGIONAL BEHAVIORAL HEALTHCARE"
"344035","37183","RALEIGH OAKS BEHAVIORAL HEALTH"
"344036","37097","IREDELL DAVIS BEHAVIORAL HEALTH HOSPITAL"
"344037","37147","ECU HEALTH BEHAVIORAL HEALTH HOSPITAL"
"349800","37135","UNIVERSITY OF NORTH CAROLINA HOSPITALS"
"349801","37147","VIDANT MEDICAL CENTER"
"349802","37119","CAROLINAS MEDICAL CENTER"
"349803","37067","WAKE FOREST UNIVERSITY BAPTIST MEDICAL CENTER"
"349804","37063","DUKE UNIVERSITY HOSPTIAL"
"350001","38055","GARRISON MEMORIAL HOSPITAL"
"350002","38015","CHI ST ALEXIUS HEALTH"
"350003","38089","ST JOSEPH'S HOSPITAL & HEALTH CENTER"
"350004","38017","DAKOTA HEARTLAND HEALTH SYSTEM"
"350005","38099","FIRST CARE HEALTH CTR"
"350006","38101","TRINITY HOSPITALS"
"350007","38009","ST ANDREWS HOSPITAL"
"350008","38031","CARRINGTON HEALTH CENTER"
"350009","38093","JAMESTOWN HOSPITAL"
"350010","38069","HEART OF AMERICA MEDICAL CENTER"
"350011","38017","SANFORD"
"350012","38021","OAKES COMMUNITY HOSPITAL"
"350013","38003","MERCY HOSPITAL"
"350014","38095","TOWNER COUNTY MEDICAL CENTER"
"350015","38015","SANFORD MEDICAL CENTER BISMARCK"
"350016","38059","MEDCENTER ONE MANDAN"
"350017","38105","MERCY MEDICAL CENTER"
"350018","38103","ST ALOISIUS MEDICAL CENTER"
"350019","38035","ALTRU HOSPITAL"
"350020","38017","HEARTLAND MEDICAL CENTER"
"350021","38023","ST LUKES HOSPITAL"
"350023","38011","ST LUKES TRI-STATE HOSPITAL"
"350024","38079","PRESENTATION MEDICAL CENTER"
"350025","38053","MCKENZIE COUNTY MEM HOSP"
"350027","38097","HILLSBORO MEDICAL CENTER HOSPITAL"
"350029","38061","MOUNTRAIL COUNTY MEDICAL CENTER INC"
"35002F","38017","VA HOSP"
"350030","38071","MERCY HOSPITAL"
"350031","38027","CITY HOSPITAL"
"350032","38077","ST GERARDS COMMUNITY HOSPITAL"
"350033","38097","UNION HOSPITAL"
"350034","38105","TIOGA MEDICAL CENTER"
"350035","38101","KENMARE COMMUNITY HOSPITAL"
"350036","38075","RENVILLE BOTTINEAU MEMORIAL HOSPITAL"
"350038","38067","PEMBINA COUNTY MEMORIAL HOSPITAL"
"350039","38057","SAKAKAWEA MEDICAL CENTER"
"35003F","38101","US AIR FORCE HOSP"
"350041","38073","LISBON MEDICAL CENTER"
"350042","38035","NORTHWOOD DEACONESS HEALTH CENTER"
"350043","38101","TRINITY MEDICAL CENTER"
"350044","38037","JACOBSON MEMORIAL HOSPITAL CARE CTR"
"350045","38033","GOLDEN VALLEY COUNTY HOSPITAL"
"350047","38099","UNITY MEDICAL CENTER"
"350048","38079","ROLETTE COMMUNITY HOSPITAL"
"350049","38051","ASHLEY MEDICAL CENTER"
"350050","38055","COMMUNITY MEMORIAL HOSPITAL"
"350051","38051","WISHEK COMMUNITY HOSPITAL"
"350053","38039","GRIGGS COUNTY HOSPITAL"
"350055","38063","NELSON COUNTY HEALTH SYSTEM-HOSPITAL"
"350056","38019","CAVALIER COUNTY MEMORIAL HOSPITAL"
"350058","38029","LINTON HOSPITAL"
"350060","38089","RICHARDTON HEALTH CENTER"
"350061","38001","WEST RIVER REGIONAL MEDICAL CENTER"
"350063","38079","P H S INDIAN HOSP AT BELCOURT-QUENTIN N BURDICK"
"350064","38085","STANDING ROCK INDIAN HEALTH SERVICE HOSPITAL"
"350065","38021","DICKEY COUNTY MEMORIAL HOSPITAL"
"350066","38059","HEARTVIEW FOUNDATION"
"350067","38033","GOLDEN VALLEY COUNTY HOSPITAL"
"350068","38059","SCCI - CENTRAL DAKOTAS"
"350069","38017","SCCI HOSPITAL - FARGO"
"350070","38017","ESSENTIA HEALTH FARGO"
"350779","38063","NELSON COUNTY HEALTH SYSTEM"
"351300","38105","TIOGA MEDICAL CENTER"
"351301","38061","MOUNTRAIL COUNTY MEDICAL CENTER INC"
"351302","38053","MCKENZIE COUNTY HEALTHCARE SYSTEMS INC"
"351303","38055","GARRISON MEMORIAL HOSPITAL"
"351304","38055","CHI ST ALEXIUS HEALTH TURTLE LAKE"
"351305","38101","KENMARE COMMUNITY HOSPITAL"
"351306","38039","COOPERSTOWN MEDICAL CENTER"
"351307","38009","ST ANDREWS HEALTH CENTER - CAH"
"351308","38063","NELSON COUNTY HEALTH SYSTEM"
"351309","38097","SANFORD MEDICAL CENTER MAYVILLE"
"351310","38057","SAKAKAWEA MEDICAL CENTER - CAH"
"351311","38073","CHI LISBON HEALTH"
"351312","38035","NORTHWOOD DEACONESS HEALTH CENTER"
"351313","38011","SOUTHWEST HEALTHCARE SERVICES"
"351314","38037","JACOBSON MEMORIAL HOSPITAL CARE CENTER"
"351315","38021","CHI OAKES HOSPITAL"
"351316","38079","PRESENTATION MEDICAL CENTER"
"351317","38089","RICHARDTON HEALTH CENTER"
"351318","38031","CARRINGTON HEALTH CENTER"
"351319","38067","PEMBINA COUNTY MEMORIAL HOSPITAL"
"351320","38099","UNITY MEDICAL CENTER"
"351321","38051","SOUTH CENTRAL HEALTH"
"351322","38051","ASHLEY MEDICAL CENTER"
"351323","38019","CAVALIER COUNTY MEMORIAL HOSPITAL ASSOCIATION"
"351324","38003","CHI MERCY HEALTH"
"351325","38023","ST LUKE'S HOSPITAL"
"351326","38099","FIRST CARE HEALTH CENTER"
"351327","38103","SMP HEALTH ST ALOISIUS"
"351328","38029","LINTON HOSPITAL - CAH"
"351329","38097","SANFORD MEDICAL CENTER HILLSBORO"
"351330","38001","WEST RIVER REGIONAL MEDICAL CENTER"
"351331","38095","TOWNER COUNTY MEDICAL CENTER"
"351332","38069","HEART OF AMERICA MEDICAL CENTER"
"351333","38071","CHI ST ALEXIUS HEALTH DEVILS LAKE"
"351334","38105","CHI ST ALEXIUS HEALTH WILLISTON"
"351335","38093","JAMESTOWN REGIONAL MEDICAL CENTER"
"351336","38089","CHI ST ALEXIUS HEALTH DICKINSON"
"351364","38085","STANDING ROCK SERVICE UNIT"
"352002","38035","MEDICAL CENTER REHAB HOSP"
"352003","38093","ANNE CARLSEN CENTER FOR CHILDREN"
"352004","38017","VIBRA HOSPITAL OF FARGO"
"352005","38059","VIBRA HOSPITAL OF CENTRAL DAKOTAS LLC"
"353025","38035","MEDICAL CENTER REHAB HOSP"
"353026","38017","PAM REHABILITATION HOSPITAL OF FARGO"
"353027","38035","ALTRU REHABILITATION HOSPITAL"
"354001","38093","NORTH DAKOTA STATE HOSP"
"354003","38093","NORTH DAKOTA STATE HOSPITAL"
"354004","38017","PRAIRIE ST JOHNS"
"354005","38035","RED RIVER BEHAVIORAL HEALTH SYSTEM"
"359810","38015","SANFORD BISMARCK TRANSPLANT CENTER"
"359811","38017","SANFORD TRANSPLANT CENTER"
"360001","39061","MERCY HEALTH-ANDERSON HOSPITAL"
"360002","39005","UNIVERSITY HOSPITALS SAMARITAN MEDICAL CENTER"
"360003","39061","UNIVERSITY OF CINCINNATI MEDICAL CENTER, LLC"
"360005","39153","CHILDRENS HOSPITAL MEDICAL CENTER"
"360006","39049","RIVERSIDE METHODIST HOSPITAL"
"360007","39087","RIVER VALLEY HEALTH SYSTEM-IRONTON CPS"
"360008","39145","SOUTHERN OHIO MEDICAL CENTER"
"360009","39003","LIMA MEMORIAL HEALTH SYSTEM"
"360010","39157","UNION HOSPITAL"
"360011","39101","MARION GENERAL HOSPITAL"
"360012","39041","MOUNT CARMEL ST ANN'S"
"360013","39149","WILSON MEMORIAL HOSPITAL"
"360014","39009","OHIOHEALTH O'BLENESS HOSPITAL"
"360015","39153","AKRON CITY HOSPITAL"
"360016","39061","THE JEWISH HOSPITAL-MERCY HEALTH"
"360017","39049","GRANT MEDICAL CENTER"
"360018","39113","FRANCISCAN MEDICAL CTR-DAYTON CAMPUS"
"360019","39153","SUMMA BARBERTON HOSPITAL"
"36001F","39035","LOUIS STOKES VA MEDICAL CENTER-WADE PARK DIVISION"
"360020","39153","SUMMA HEALTH SYSTEM"
"360021","39155","ST JOSEPH HEALTH CENTER"
"360022","39145","MERCY HOSPITAL"
"360024","39043","FIRELANDS REG MED CTR-SOUTH CAMPUS"
"360025","39043","FIRELANDS REGIONAL MEDICAL CENTER"
"360026","39057","KETTERING HEALTH GREENE MEMORIAL"
"360027","39153","AKRON GENERAL MEDICAL CENTER"
"360028","39101","MEDCENTER HOSPITAL INC"
"360029","39173","WOOD COUNTY HOSPITAL"
"36002F","39141","FEDERAL REFORMATORY HOSP"
"360030","39033","BUCYRUS COMMUNITY HOSPITAL"
"360031","39049","COLUMBUS COMMUNITY HOSPITAL"
"360032","39011","GRAND LAKE HEALTH SYSTEM"
"360034","39169","DUNLAP MEMORIAL HOSPITAL"
"360035","39049","MOUNT CARMEL EAST"
"360036","39169","WOOSTER COMMUNITY HOSPITAL"
"360037","39035","ST VINCENT CHARITY MEDICAL CENTER"
"360038","39061","DEACONESS HOSPITAL"
"360039","39119","GENESIS HOSPITAL"
"36003F","39061","VA HOSP"
"360040","39083","KNOX COMMUNITY HOSPITAL"
"360041","39035","PARMA COMMUNITY GENERAL HOSPITAL"
"360042","39007","UHHS BROWN MEMORIAL HOSPITAL"
"360044","39037","WAYNE HOSPITAL"
"360045","39035","COLUMBIA SAINT LUKE'S MEDICAL CENTER"
"360046","39017","MCCULLOUGH-HYDE MEMORIAL HOSPITAL"
"360047","39131","PIKE COUNTY HOSPITAL"
"360048","39095","UNIVERSITY OF TOLEDO MEDICAL CENTER"
"360049","39035","UNIV HOSP HEALTH SYS ST MICHAEL HOSP"
"36004F","39035","VA HOSP"
"360050","39079","OAK HILL COMMUNITY MEDICAL CENTER"
"360051","39113","MIAMI VALLEY HOSPITAL"
"360052","39113","GOOD SAMARITAN HOSPITAL"
"360053","39035","ST JOHN HOSPITAL"
"360054","39053","HOLZER MEDICAL CENTER"
"360055","39155","INSIGHT HOSPITAL AND MEDICAL CENTER TRUMBULL"
"360056","39017","MERCY HEALTH - FAIRFIELD HOSPITAL"
"360057","39157","TWIN CITY HOSPITAL"
"360058","39107","MERCER COUNTY JOINT TOWNSHIP COMMUNITY HOSPITAL"
"360059","39035","METROHEALTH SYSTEM"
"36005F","39049","US AIR FORCE HOSP"
"360060","39171","WILLIAMS CO HOSP"
"360061","39035","METROHEALTH HOSPITAL FOR WOMEN"
"360062","39049","OHIO STATE UNIVERSITY HOSPITAL EAST,THE"
"360063","39077","MERCY MEDICAL CENTER"
"360064","39099","MH ST ELIZABETH YOUNGSTOWN HOSPITAL"
"360065","39077","FISHER-TITUS HOSPITAL"
"360066","39003","MERCY HEALTH-ST RITA'S MEDICAL CENTER"
"360067","39009","DOCTORS HOSPITAL OF NELSONVILLE"
"360068","39095","TOLEDO HOSPITAL THE"
"360069","39051","FULTON COUNTY HEALTH CENTER"
"36006F","39057","US AIR FORCE HOSP"
"360070","39151","MERCY MEDICAL CENTER"
"360071","39161","VAN WERT COUNTY HOSPITAL"
"360072","39045","FAIRFIELD MEDICAL CENTER"
"360074","39095","FLOWER HOSPITAL"
"360075","39055","UH REGIONAL HOSPITALS"
"360076","39165","ATRIUM MEDICAL CENTER"
"360077","39035","FAIRVIEW HOSPITAL"
"360078","39133","UNIVERSITY HOSPITALS PORTAGE MEDICAL CENTER"
"360079","39113","KETTERING HEALTH MAIN CAMPUS"
"36007F","39113","DAYTON VA MEDICAL CENTER"
"360080","39013","EAST OHIO REGIONAL HOSPITAL"
"360081","39095","MERCY HEALTH - ST CHARLES HOSPITAL"
"360082","39035","EUCLID HOSPITAL"
"360083","39081","ST JOHN MEDICAL CENTER"
"360084","39151","AULTMAN HOSPITAL"
"360085","39049","OHIO STATE UNIVERSITY HOSPITALS"
"360086","39023","MERCY HEALTH - SPRINGFIELD REGIONAL MEDICAL CENTER"
"360087","39035","LUTHERAN HOSPITAL"
"360088","39021","MERCY MEMORIAL HOSPITAL"
"360089","39147","MERCY HEALTH - TIFFIN HOSPITAL"
"36008F","39141","CHILLICOTHE VA MEDICAL CENTER"
"360090","39095","MCLAREN ST LUKE'S"
"360091","39103","MEDINA HOSPITAL"
"360092","39159","MEMORIAL HOSPITAL"
"360093","39039","DEFIANCE REGIONAL MEDICAL CENTER"
"360094","39095","RIVERSIDE MERCY HOSPITAL"
"360095","39063","BLANCHARD VALLEY HOSPITAL"
"360096","39029","EAST LIVERPOOL CITY HOSPITAL"
"360098","39085","LAKE HEALTH"
"360099","39147","FOSTORIA CITY HOSPITAL"
"36009F","39049","CHALMERS P WYLIE OUTPATIENT CLINIC"
"360100","39151","AFFINITY MEDICAL CENTER - MASSILLON CAMPUS"
"360101","39035","HURON HOSPITAL"
"360102","39035","DEACONESS HOSPITAL"
"360103","39095","MERCY HEALTHCARE CENTER"
"360104","39035","GRACE HOSPITAL"
"360106","39073","HOCKING VALLEY COMMUNITY HOSPITAL"
"360107","39143","BELLEVUE HOSPITAL"
"360108","39117","MORROW CO HOSPITAL"
"360109","39031","COSHOCTON REGIONAL MEDICAL CENTER"
"36010E","39169","HYGEIA HALL INFIRMARY"
"360110","39169","WAYNE GENERAL HOSPITAL"
"360112","39095","MERCY HEALTH ST VINCENT MEDICAL CENTER"
"360113","39061","MERCY FRANCISCAN HOSPITAL WESTERN HILLS"
"360114","39123","H B MAGRUDER MEMORIAL HOSPITAL"
"360115","39035","UHHS BEDFORD MEDICAL CENTER"
"360116","39015","SOUTHWEST REGIONAL MEDICAL CENTER"
"360118","39139","OHIOHEALTH MANSFIELD HOSPITAL"
"360119","39095","PARKVIEW HOSPITAL"
"360120","39043","FIRELANDS COMMUNITY HOSPITAL"
"360121","39171","COMMUNITY HOSPITALS AND WELLNESS CENTERS"
"360122","39035","BRENTWOOD HOSPITAL"
"360123","39035","UH ST JOHN MEDICAL CENTER"
"360124","39061","JEWISH HOSPITAL KENWOOD"
"360125","39007","ASHTABULA COUNTY MEDICAL CENTER"
"360126","39099","YOUNGSTOWN OSTEOPATHIC HOSPITAL"
"360127","39007","UHHS MEMORIAL HOSPITAL OF GENEVA"
"360128","39175","WYANDOT MEMORIAL HOSPITAL"
"360129","39001","ADAMS COUNTY HOSPITAL"
"36012E","39089","DENISON UNIVERSITY INFIRMARY"
"360130","39093","AMHERST HOSPITAL"
"360131","39151","ALLIANCE COMMUNITY HOSPITAL"
"360132","39017","FORT HAMILTON HUGHES MEMORIAL HOSPITAL"
"360133","39113","KETTERING HEALTH DAYTON"
"360134","39061","GOOD SAMARITAN HOSPITAL"
"360135","39139","SHELBY MEMORIAL HOSPITAL"
"360136","39125","PAULDING COUNTY HOSPITAL"
"360137","39035","UH CLEVELAND MEDICAL CENTER"
"360139","39005","KETTERING-MOHICAN AREA MEDICAL CENTER"
"36013E","39173","BOWLING GREEN STATE UNIVERSITY INF"
"360140","39039","COMMUNITY MEMORIAL HOSPITAL"
"360141","39099","STEWARD NORTHSIDE MEDICAL CENTER, INC"
"360142","39071","HIGHLAND DISTRICT HOSPITAL"
"360143","39035","MARYMOUNT HOSPITAL"
"360144","39035","SOUTH POINTE HOSPITAL"
"360145","39093","UNIVERSITY HOSPITALS - ELYRIA MEDICAL CENTER"
"360147","39167","MARIETTA MEMORIAL HOSPITAL"
"360148","39075","POMERENE HOSPITAL"
"360149","39109","UPPER VALLEY MEDICAL CENTER"
"36014E","39017","MIAMI UNIVERSITY INFIRMARY"
"360150","39153","SUMMA WESTERN RESERVE HOSPITAL"
"360151","39151","AFFINITY MEDICAL CENTER"
"360152","39049","DOCTORS HOSPITAL"
"360153","39013","BELMONT COMMUNITY HOSPITAL"
"360154","39013","BARNESVILLE HOSPITAL ASSOCIATION"
"360155","39035","SOUTHWEST GENERAL HEALTH CENTER"
"360156","39143","MEMORIAL HOSPITAL"
"360159","39141","ADENA REGIONAL MEDICAL CENTER"
"36015E","39113","DAYTON CHILDRENS HOSP"
"360161","39155","MH ST JOSEPH WARREN HOSPITAL"
"360162","39035","MT SINAI MED CTR RICHMOND HTS CAMPUS"
"360163","39061","CHRIST HOSPITAL"
"360164","39033","CRESTLINE MEMORIAL HOSPITAL"
"360165","39069","HENRY COUNTY HOSPITAL"
"360166","39139","PEOPLES HOSPITAL INC"
"360167","39145","SOUTHERN HILLS HOSPITAL"
"360168","39093","WELLINGTON COMMUNITY HOSPITAL"
"360169","39003","BLUFFTON COMMUNITY HOSPITAL"
"360170","39129","BERGER HOSPITAL"
"360171","39085","NORTHEASTERN OHIO GENERAL HOSPITAL"
"360172","39093","MERCY HEALTH-LORAIN HOSPITAL"
"360174","39109","UPPER VALLEY MEDICAL CENTER"
"360175","39027","TRIHEALTH CLINTON REGIONAL HOSPITAL"
"360176","39065","HARDIN MEMORIAL HOSPITAL"
"360177","39047","FAYETTE COUNTY MEMORIAL HOSPITAL"
"360178","39167","SELBY GENERAL HOSPITAL"
"360179","39061","BETHESDA NORTH"
"360180","39035","CLEVELAND CLINIC"
"360184","39109","UPPER VALLEY MEDICAL CENTER"
"360185","39029","SALEM REGIONAL MEDICAL CENTER"
"360186","39071","GREENFIELD AREA MEDICAL CENTER"
"360187","39023","COMMUNITY HOSPITAL OF SPRINGFIELD AND CLARK CO,THE"
"360188","39103","LODI COMMUNITY HOSPITAL"
"360189","39097","MADISON HEALTH"
"360190","39061","UNIV OF CINCINNATI HOSP-HOLMES DIV"
"360192","39055","UH GEAUGA MEDICAL CENTER"
"360193","39119","GENESIS HEALTHCARE SYSTEM"
"360194","39033","GALION COMMUNITY HOSPITAL"
"360195","39103","SUMMA WADSWORTH-RITTMAN HOSPITAL"
"360197","39091","MARY RUTAN HOSPITAL"
"360200","39105","VETERANS MEMORIAL HOSP OF MEIGS CO,INC"
"360203","39059","SOUTHEASTERN OHIO REGIONAL MEDICAL CENTER"
"360204","39093","COMMUNITY HEALTH PARTNERS OF OH-EAST"
"36020E","39113","DARTMOUTH HOSP"
"360210","39041","GRADY MEMORIAL HOSPITAL"
"360211","39081","TRINITY MEDICAL CTR EAST &TRINITY MEDICAL CTR WEST"
"360212","39035","LAKEWOOD HOSPITAL"
"360213","39093","OBERLIN MEDICAL CENTER"
"360218","39089","LICKING MEMORIAL HOSPITAL"
"36021E","39023","MASONIC-RICKLEY MEM HOSP"
"360226","39061","CHILDRENS HOSP  MED CTR"
"360230","39035","HILLCREST HOSPITAL"
"360231","39067","HARRISON COMMUNITY HOSPITAL"
"360232","39035","KAISER FOUNDATION HOSPITAL"
"360234","39061","MERCY HEALTH - WEST HOSPITAL"
"360236","39025","MERCY HEALTH - CLERMONT HOSPITAL"
"360238","39029","POTTERS MEDICAL CENTER"
"360239","39113","KETTERING HEALTH MIAMISBURG"
"36023E","39049","NIGHTINGALE COTTAGE HOSP"
"360240","39151","MOLLY STARK HOSPITAL"
"360241","39153","EDWIN SHAW REHAB INSTITUTE"
"360242","39049","JAMES CANCER HOSPITAL & SOLOVE RESEARCH INSTITUTE"
"360243","39035","CAMPUS HOSPITAL OF CLEVELAND"
"360244","39061","CARE UNIT HOSPITAL OF CINCINNATI"
"360245","39007","GLENBEIGH HEALTH SOURCES"
"360246","39089","SHEPHERD HILL HOSPITAL"
"360247","39049","WOODS AT PARKSIDE,THE"
"360248","39049","AMERICAN TRANSITIONAL HOSPITAL COLS"
"360249","39061","INTENSIVA HOSPITAL OF CINCINNATI INC"
"36024E","39153","SAGAMORE HILLS HOSP"
"360250","39049","SELECT SPECIALTY HOSPITAL - WEST COLS"
"360251","39099","SELECT SPECIALTY HOSPITAL - YOUNGSTOWN"
"360252","39099","SPECIALTY HOSPITAL OF MAHONING VALLEY"
"360253","39113","DAYTON HEART HOSPITAL"
"360254","39093","SPECIALTY HOSPITAL OF LORAIN"
"360255","39035","SPECIALTY HOSPITAL OF CLEVELAND"
"360256","39153","SEMPERCARE HOSPITAL OF AKRON INC"
"360257","39079","HOLZER MEDICAL CENTER-JACKSON"
"360258","39049","FOREST HEALTH MEDICAL CENTER OF COLUMBUS"
"360259","39095","BAY PARK COMMUNITY HOSPITAL"
"36025E","39083","MT VERNON STATE HOSP"
"360260","39153","REGENCY HOSPITAL OF AKRON"
"360261","39087","THREE GABLES SURGERY CENTER"
"360262","39095","MERCY ST ANNE HOSPITAL"
"360263","39003","INSTITUTE FOR ORTHOPAEDIC SURGERY"
"360264","39061","DRAKE PAVILION,LLC"
"360265","39119","SELECT SPECIALTY HOSPITAL-ZANESVILLE, INC"
"360266","39049","MOUNT CARMEL NEW ALBANY SURGICAL HOSPITAL"
"360267","39151","ACUTE CARE SPECIALTY HOSPITAL AT AULTMAN"
"360268","39113","KINDRED HOSPITAL-DAYTON"
"360269","39017","BUTLER COUNTY MEDICAL CENTER"
"36026E","39153","GOODYEAR TIRE HOSP"
"360270","39039","MERCY HEALTH - DEFIANCE HOSPITAL"
"360271","39017","UNIVERSITY POINTE SURGICAL HOSPITAL"
"360272","39061","REGENCY HOSPITAL OF CINCINNATI, LLC"
"360273","39081","ACUITY SPECIALTY HOSPITAL - OHIO VALLEY, LP"
"360274","39113","MEDICAL CENTER AT ELIZABETH PLACE"
"360275","39095","REGENCY HOSPITAL OF TOLEDO"
"360276","39099","MH ST ELIZABETH BOARDMAN HOSPITAL"
"36029E","39017","WESTERN COLLEGE INFIRMARY HOSP"
"36030E","39139","MADISON HOSP"
"36033E","39085","RIDGECLIFF HOSP"
"360345","39035","KAISER FOUNDATION HOSP"
"360346","39049","REGENCY HOSPITAL OF COLUMBUS, LLC"
"360347","39089","MEDICAL CENTER OF NEWARK LLC"
"360348","39049","DUBLIN METHODIST HOSPITAL"
"360349","39095","ADVANCED SPECIALTY HOSPITAL OF TOLEDO"
"36034E","39151","NORTH CANTON COMM HOSP"
"360350","39061","EVENDALE MEDICAL CENTER"
"360351","39153","CRYSTAL CLINIC ORTHOPAEDIC CENTER"
"360352","39099","SURGICAL HOSPITAL AT SOUTHWOODS"
"360354","39017","WEST CHESTER HOSPITAL, LLC"
"360355","39023","OHIO VALLEY SURGICAL HOSPITAL"
"360356","39143","PHYSICIAN'S CHOICE HOSPITAL - FREMONT, LLC"
"360357","39081","LIFE LINE HOSPITAL"
"360358","39045","DILEY RIDGE MEDICAL CENTER"
"360359","39035","UNIVERSITY HOSPITALS AHUJA MEDICAL CENTER"
"360360","39057","SOIN MEDICAL CENTER"
"360361","39145","KINGS DAUGHTERS MEDICAL CENTER OHIO"
"360362","39061","TRIHEALTH EVENDALE HOSPITAL"
"360363","39099","SELECT SPECIALTY HOSPITAL YOUNGSTOWN (BOARDMAN)"
"360364","39093","CLEVELAND CLINIC AVON HOSPITAL"
"360365","39139","AVITA ONTARIO"
"360366","39113","MEDICAL CENTER AT ELIZABETH PLACE LLC"
"360367","39035","LAKE HEALTH BEACHWOOD MEDICAL CENTER"
"360368","39109","KETTERING HEALTH TROY"
"360369","39049","WHITE FENCE SURGICAL SUITES"
"360370","39035","CLEVELAND EAST VASCULAR CARE LLC"
"360371","39049","OHIO ORTHOPEDIC SURGERY INSTITUTE"
"360372","39049","OHIO ORTHOPEDIC SURGERY INSTITUTE LLC"
"360373","39095","NATIONWIDE CHILDREN'S HOSPITAL TOLEDO, LLC"
"360374","39165","MERCY HEALTH KINGS MILLS HOSPITAL LLC"
"360375","39049","MOUNT CARMEL DUBLIN"
"36037E","39003","LIMA STATE HOSP"
"36040E","39107","GIBBONS HOSP"
"36041E","39035","WOODRUFF HOSP"
"36042F","39057","AIRFORCE MEDICAL CTR WRIGHT-PATTERSON"
"361300","39125","PAULDING COUNTY HOSPITAL"
"361301","39039","COMMUNITY MEMORIAL HOSPITAL"
"361302","39157","TWIN CITY MEDICAL CENTER"
"361303","39103","LODI COMMUNITY HOSPITAL"
"361304","39071","GREENFIELD AREA MEDICAL CENTER"
"361305","39009","DOCTORS HOSPITAL OF NELSONVILLE"
"361306","39093","MERCY HEALTH-ALLEN HOSPITAL"
"361307","39007","UHHS MEMORIAL HOSPITAL OF GENEVA"
"361308","39007","UNIVERSITY HOSPITALS CONNEAUT MEDICAL CENTER"
"361309","39069","HENRY COUNTY HOSPITAL, INC"
"361310","39077","MERCY HEALTH - WILLARD HOSPITAL"
"361311","39067","HARRISON COMMUNITY HOSPITAL"
"361312","39021","MERCY HEALTH - URBANA HOSPITAL"
"361313","39117","OHIOHEALTH MORROW COUNTY HOSPITAL"
"361314","39123","MAGRUDER HOSPITAL"
"361315","39065","HARDIN MEMORIAL HOSPITAL"
"361316","39033","BUCYRUS COMMUNITY HOSPITAL"
"361317","39033","CRESTLINE HOSPITAL"
"361318","39147","FOSTORIA COMMUNITY HOSPITAL"
"361319","39167","SELBY GENERAL HOSPITAL"
"361320","39079","HOLZER MEDICAL CENTER JACKSON"
"361321","39013","BARNESVILLE HOSPITAL ASSOCIATION, INC"
"361322","39003","BLUFFTON HOSPITAL"
"361323","39169","AULTMAN ORRVILLE HOSPITAL"
"361324","39139","OHIOHEALTH SHELBY HOSPITAL"
"361325","39033","GALION COMMUNITY HOSPITAL"
"361326","39001","ADAMS COUNTY REGIONAL MEDICAL CENTER"
"361327","39171","COMMUNITY HOSPITALS AND WELLNESS CENTERS"
"361328","39039","DEFIANCE REGIONAL MEDICAL CENTER"
"361329","39175","WYANDOT MEMORIAL HOSPITAL"
"361330","39073","HOCKING VALLEY COMMUNITY HOSPITAL"
"361331","39047","ADENA FAYETTE MEDICAL CENTER"
"361332","39071","HIGHLAND DISTRICT HOSPITAL"
"361333","39051","FULTON COUNTY HEALTH CENTER"
"361334","39131","ADENA PIKE MEDICAL CENTER"
"361335","39037","WAYNE HOSPITAL"
"361337","39075","POMERENE HOSPITAL"
"361990","39035","OVERLOOK HOUSE"
"361991","39049","GLENMONT"
"362004","39061","DRAKE CENTER INC"
"362007","39147","EDEN SPRINGS HEALTHCARE CENTER LLC"
"362009","39155","HILLSIDE HOSP"
"362014","39055","HEATHER HILL CARE COMMUNITIES"
"362015","39035","GRACE HOSPITAL"
"362016","39151","SELECT SPECIALTY HOSPITAL-NORTHEAST OHIO, INC"
"362017","39049","SELECT SPECIALTY HOSP-COLUMBUS"
"362018","39049","SELECT SPECIALTY HOSPITAL-COLUMBUS"
"362019","39061","SELECT SPECIALTY HOSPITAL-CINCINNATI, INC"
"362020","39003","KINDRED HOSPITAL LIMA"
"362021","39139","KINDRED HOSPITAL CENTRAL OHIO"
"362022","39049","SELECT SPECIALTY HOSPITAL-COLUMBUS, INC"
"362023","39099","SELECT SPECIALTY HOSPITAL-BOARDMAN"
"362024","39099","SELECT SPECIALTY HOSPITAL - YOUNGSTOWN"
"362025","39093","COMMUNITY SPECIALTY HOSPITAL"
"362026","39035","SELECT SPECIALTY HOSPITAL- CLEVELAND FAIRHILL"
"362027","39153","SELECT SPECIALTY HOSPITAL-AKRON"
"362028","39113","PAM HEALTH SPECIALTY HOSPITAL OF MIAMISBURG"
"362029","39035","REGENCY HOSPITAL OF CLEVELAND EAST"
"362030","39061","DRAKE PAVILION, LLC"
"362031","39089","SELECT SPECIALTY HOSPITAL SOUTHEAST OHIO"
"362032","39151","AULTMAN SPECIALTY HOSPITAL"
"362033","39113","KINDRED HOSPITALS-DAYTON"
"362034","39061","REGENCY HOSPITAL OF CINCINNATI, LLC"
"362035","39013","ACUITY SPECIALTY HOSPITAL OHIO VALLEY"
"362036","39095","REGENCY HOSPITAL OF TOLEDO"
"362037","39049","SELECT SPECIALTY HOSPITAL COLUMBUS"
"362038","39095","ADVANCED SPECIALTY HOSPITAL OF TOLEDO"
"362039","39081","LIFE LINE HOSPITAL"
"362040","39099","SELECT SPECIALTY HOSPITAL YOUNGSTOWN"
"363025","39055","HEATHER HILL REHABILITATION HOSPITAL"
"363026","39155","INSIGHT REHABILITATION HOSPITAL HILLSIDE"
"363027","39153","INTENSIVA HOSPITAL OF AKRON"
"363028","39049","INTENSIVA HOSPITAL OF COLUMBUS"
"363029","39003","SCCI HOSPITAL LIMA"
"363030","39139","SCCI HOSPITAL - MANSFIELD"
"363031","39113","LIFE CARE HOSPITALS OF DAYTON"
"363032","39099","GREENBRIAR REHABILITATION HOSPITAL"
"363033","39113","THE REHABILITATION INSTITUTE OF OHIO"
"363034","39061","ENCOMPASS HEALTH REHABILITATION HOSPITAL OF CINCIN"
"363035","39153","SUMMA REHAB HOSPITAL"
"363036","39035","UNIVERSITY HOSPITALS REHABILITATION HOSPITAL"
"363037","39049","OHIOHEALTH REHABILITATION HOSPITAL"
"363038","39093","CLEVELAND CLINIC REHABILITATION HOSPITALS LLC"
"363039","39093","UNIVERSITY HOSPITALS AVON REHABILITATION HOSPITAL"
"363040","39095","REHABILITATION HOSPITAL OF NORTHWEST OHIO LLC"
"363041","39061","TRIHEALTH REHABILITATION HOSPITAL LLC"
"363042","39041","MOUNT CARMEL REHABILITATION HOSPITAL, AN AFFILIATE"
"363043","39095","ENCOMPASS HEALTH REHAB HOSPITAL OF TOLEDO"
"363044","39049","REUNION REHABILITATION HOSPITAL OF DUBLIN"
"363045","39017","LIBERTY REHABILITATION HOSPITAL"
"363046","39113","PAM REHABILITATION HOSPITAL OF DAYTON LLC"
"363047","39061","CINCINNATI REHABILITATION HOSPITAL LLC"
"363048","39045","CLEARSKY REHABILITATION HOSPITAL OF LANCASTER LLC"
"363049","39099","MERCY HEALTH REHABILITATION HOSPITAL, LLC"
"363300","39061","CINCINNATI CHILDREN'S HOSPITAL MEDICAL CENTER"
"363301","39061","CONVALESCENT HOSPITAL FOR CHILDREN"
"363302","39035","RAINBOW BABIES AND CHILDRENS HOSPITAL"
"363303","39153","AKRON CHILDREN'S HOSPITAL"
"363304","39035","CLEVELAND CLINIC CHILDREN'S HOSPITAL FOR REHAB"
"363305","39049","NATIONWIDE CHILDREN'S HOSPITAL"
"363306","39113","DAYTON CHILDRENS HOSPITAL"
"363307","39099","TOD CHILDRENS HOSPITAL"
"363308","39113","SHRINERS HOSPITALS FOR CHILDREN - CINCINNATI"
"363309","39095","NATIONWIDE CHILDREN'S HOSPITAL TOLEDO, LLC"
"364000","39153","FALLSVIEW PSYCHIATRIC HOSPITAL"
"364001","39035","CLEVELAND PSYCHIATRIC INSTITUTE"
"364003","39049","HARDING HOSP"
"364007","39049","TWIN VALLEY BEHAVIORAL HEALTHCARE"
"364008","39099","WOODSIDE HOSPITAL"
"364009","39145","PORTSMOUTH RECEIVING HOSPITAL"
"364011","39153","NORTHCOAST BEHAVIORAL HEALTHCARE NORTHFIELD CAMPUS"
"364014","39095","NORTHWEST OHIO PSYCHIATRIC HOSPITAL"
"364015","39009","APPALACHIAN BEHAVIORAL HEALTH CARE"
"364017","39035","WINDSOR HOSPITAL"
"364020","39061","EMERSON A NORTH HOSPITAL"
"364022","39061","ROLLMAN PSYCHAITRIC HOSP"
"364023","39113","TWIN VALLEY PSYCH SYSTEM - DAYTON CAMPUS"
"364024","39061","PAULINE WARFIELD LEWIS CENTER"
"364026","39139","RICHLAND HOSPITAL"
"364027","39059","CAMBRIDGE BEHAVIORAL HOSPITAL"
"364028","39053","WOODLAND CENTERS INC"
"364029","39085","WINDSOR LAURELWOOD CENTER FOR BEHAVORIAL MEDICINE"
"364030","39035","WOODRUFF PSYCHIATRIC HOSPITAL"
"364031","39151","HEARTLAND BEHAVIORAL HEALTHCARE"
"364032","39113","KETTERING YOUTH SERVICES"
"364033","39159","CHARLES B MILLS CENTER INC"
"364034","39145","PORTSMOUTH RECEIVING HOSPITAL"
"364035","39061","SUMMIT BEHAVIORAL HEALTHCARE"
"364036","39095","ARROWHEAD BEHAVIORAL HEALTH"
"364037","39013","FOX RUN HOSPITAL"
"364038","39099","BELMONT PINES HOSPITAL"
"364039","39099","PATHWAYS CTR FOR GERIATRIC PSYCHIATRY"
"364040","39023","MENTAL HEALTH SERVICES FOR CLARK AND MADISON COS"
"364041","39049","OHIO HOSPITAL FOR PSYCHIATRY"
"364042","39157","TEN LAKES CENTER, LLC"
"364043","39161","LINCOLNWAY BEHAVIORAL HEALTH HOSPITAL"
"364044","39165","LINDNER CENTER OF HOPE"
"364045","39049","TORII BEHAVIORAL HEALTH"
"364046","39061","BRIDGEWELL HOSPITAL OF CINCINNATI"
"364047","39161","RIDGEVIEW HOSPITAL"
"364048","39113","HAVEN BEHAVIORAL HOSPITAL OF DAYTON"
"364049","39049","DUBLIN SPRINGS"
"364050","39113","ACCESS HOSPITAL DAYTON, LLC"
"364051","39017","BECKETT SPRINGS"
"364052","39093","CLEAR VISTA HEALTH & WELLNESS"
"364053","39035","HIGHLAND SPRINGS"
"364054","39007","GENERATIONS BEHAVIORAL HEALTH - GENEVA"
"364055","39147","SOJOURN AT SENECA SENIOR BEHAVIORAL HEALTH HOSPITA"
"364056","39061","ASSURANCE HEALTH CINCINNATI LLC"
"364057","39061","BLUERIDGE VISTA HEALTH AND WELLNESS"
"364058","39049","SUN BEHAVIORAL COLUMBUS"
"364059","39153","ASSURANCE HEALTH HUDSON LLC"
"364060","39099","GENERATIONS BEHAVIORAL HEALTH-YOUNGSTOWN LLC"
"364061","39049","RIVER VISTA HEALTH AND WELLNESS LLC"
"364062","39049","MOUNT CARMEL BEHAVIORAL HEALTH"
"364063","39015","GEORGETOWN BEHAVIORAL HOSPITAL"
"364064","39151","SUNRISE VISTA HEALTH AND WELLNESS"
"364065","39061","GLENWOOD BEHAVIORAL HEALTH HOSPITAL"
"364066","39095","ASSURANCE HEALTH TOLEDO LLC"
"364067","39035","BLUESTONE CHILD & ADOLESCENT PSYCHIATRIC HOSPITAL"
"364068","39113","AM BEHAVIORAL HUBER HEIGHTS"
"364069","39059","HICKORY BEHAVIORAL CENTER AT CAMBRIDGE"
"369801","39035","CLEVELAND CLINIC TRANSPLANT CENTER"
"369802","39153","AKRON CITY HOSPITAL"
"369803","39049","OHIO STATE UNIVERSITY HOSPITALS"
"369804","39061","UNIVERSITY OF CINCINNATI MEDICAL CENTER"
"369805","39095","UNIVERSITY OF TOLEDO MEDICAL CENTER"
"369806","39061","CINCINNATI CHILDREN'S HOSPITAL MEDICAL CENTER"
"369807","39035","UNIVERSITY HOSPITALS CASE MEDICAL CENTER"
"369809","39113","MIAMI VALLEY HOSPITAL - TRANSPLANT"
"369810","39049","NATIONWIDE CHILDREN'S HOSPITAL"
"369811","39061","CHRIST HOSPITAL - TRANSPLANT"
"370001","40143","HILLCREST MEDICAL CENTER"
"370002","40153","INTEGRIS HEALTH WOODWARD"
"370004","40115","INTEGRIS MIAMI HOSPITAL"
"370005","40011","WATONGA MUNICIPAL HOSPITAL"
"370006","40071","INTEGRIS HEALTH PONCA CITY"
"370007","40045","NEWMAN MEMORIAL HOSPITAL"
"370008","40027","NORMAN REGIONAL"
"370011","40017","MERCY HOSPITAL EL RENO"
"370012","40113","PAWHUSKA HOSPITAL, INC"
"370013","40109","MERCY HOSPITAL OKLAHOMA CITY, INC"
"370014","40013","ALLIANCEHEALTH DURANT"
"370015","40097","HILLCREST HOSPITAL PRYOR"
"370016","40047","INTEGRIS HEALTH ENID HOSPITAL"
"370017","40133","SEMINOLE MUNICIPAL HOSPITAL"
"370018","40147","ASCENSION ST JOHN JANE PHILLIPS"
"370019","40009","GREAT PLAINS REGIONAL MEDICAL CENTER"
"370020","40123","MERCY HOSPITAL ADA"
"370021","40105","JANE PHILLIPS NOWATA HEALTH CENTER"
"370022","40065","JACKSON COUNTY MEMORIAL HOSPITAL AUTHORITY"
"370023","40137","DUNCAN REGIONAL HOSPITAL, INC"
"370025","40101","SAINT FRANCIS HOSPITAL MUSKOGEE"
"370026","40047","ST MARY'S REGIONAL MEDICAL CENTER"
"370028","40109","INTEGRIS BAPTIST MEDICAL CENTER, INC"
"370029","40039","ALLIANCEHEALTH CLINTON"
"370030","40071","STILLWATER MEDICAL-BLACKWELL"
"370032","40109","ALLIANCEHEALTH DEACONESS"
"370033","40037","ST JOHN SAPULPA"
"370034","40121","MCALESTER REGIONAL HEALTH CENTER"
"370035","40109","UNIVERSITY HOSPITALS,THE"
"370036","40057","HARMON MEMORIAL HOSPITAL"
"370037","40109","SSM HEALTH ST ANTHONY HOSPITAL - OKLAHOMA CITY"
"370038","40015","ANADARKO MUNICIPAL HOSPITAL"
"370039","40131","HILLCREST HOSPITAL CLAREMORE"
"370040","40079","EASTERN OKLAHOMA MEDICAL CENTER"
"370041","40143","CENTER FOR ORTHOPAEDIC RECONSTRUCTION AND EXCELLEN"
"370042","40093","FAIRVIEW HOSPITAL"
"370043","40095","INTEGRIS  MARSHALL MEMORIAL HOSPITAL"
"370045","40011","OKEENE MUNICIPAL HOSPITAL"
"370046","40049","LINDSAY MUNICIPAL HOSPITAL"
"370047","40019","MERCY HOSPITAL ARDMORE, INC"
"370048","40089","MCCURTAIN MEMORIAL HOSPITAL"
"370049","40119","STILLWATER MEDICAL CENTER"
"370050","40133","WEWOKA MEMORIAL HOSPITAL"
"370051","40141","MEMORIAL HOSPITAL & PHYSICIAN GROUP"
"370054","40051","GRADY MEMORIAL HOSPITAL"
"370056","40031","MEMORIAL HEALTH"
"370057","40111","MUSCOGEE (CREEK) NATION MEDICAL CENTER"
"370059","40037","DRUMRIGHT MEMORIAL HOSPITAL"
"370060","40117","PAWNEE MUNICIPAL HOSPITAL"
"370061","40149","CORDELL MEMORIAL HOSPITAL"
"370063","40081","STROUD MUNICIPAL HOSPITAL"
"370064","40015","CARNEGIE TRI-COUNTY MUNICIPAL HOSPITAL"
"370065","40035","CRAIG GENERAL HOSPITAL"
"370069","40073","OKARCHE MEMORIAL HOSPITAL"
"37006E","40143","CHILDRENS MEDICAL CENTER"
"370071","40005","ATOKA MEMORIAL HOSPITAL"
"370072","40077","LATIMER COUNTY GENERAL HOSPITAL"
"370076","40125","MISSION HILL MEMORIAL HOSPITAL"
"370077","40047","ENID REGIONAL HOSPITAL"
"370078","40113","OKLAHOMA STATE UNIVERSITY MEDICAL CENTER"
"370079","40073","KINGFISHER REGIONAL HOSPITAL"
"37007E","40027","CHARLES B GODDARD HOSP"
"370080","40151","SHARE MEDICAL CENTER"
"370082","40007","BEAVER COUNTY MEMORIAL HOSPITAL"
"370083","40127","PUSHMATAHA COUNTY TOWN OF ANTLERS HOSPITAL"
"370084","40061","HASKELL COUNTY HEALTHCARE SYSTEM"
"370085","40029","MARY HURLEY HOSPITAL"
"370086","40069","JOHNSTON MEMORIAL HOSPITAL"
"370089","40021","NORTHEASTERN HEALTH SYSTEM"
"370090","40143","MEMORIAL HOSPITAL COMPANY"
"370091","40143","SAINT FRANCIS HOSPITAL, INC"
"370092","40039","SOUTHWESTERN MEMORIAL HOSPITAL"
"370093","40109","OU HEALTH UNIVERSITY OF OKLAHOMA MEDICAL CENTER"
"370094","40109","SSM HEALTH ST ANTHONY HOSPITAL - MIDWEST"
"370095","40099","ARBUCKLE MEMORIAL HOSPITAL"
"370096","40097","MOOTS OSTEOPATHIC HOSPITAL"
"370097","40031","SOUTHWESTERN MEDICAL CENTER"
"370099","40119","HILLCREST HOSPITAL CUSHING"
"37009F","40017","FEDERAL REFORMATORY HOSP"
"370100","40023","CHOCTAW MEMORIAL HOSPITAL"
"370103","40009","SAYRE COMMUNITY HOSPITAL"
"370105","40109","BONE AND JOINT HOSPITAL"
"370106","40109","INTEGRIS SOUTHWEST MEDICAL CENTER"
"370107","40113","HOMINY CITY HOSPITAL"
"370108","40059","HARPER COUNTY COMMUNITY HOSPITAL"
"370109","40115","AFTON MEMORIAL HOSP"
"37010F","40031","US ARMY HOSP"
"370110","40003","ALFALFA COUNTY HOSPITAL"
"370112","40135","NORTHEASTERN HEALTH SYSTEM SEQUOYAH"
"370113","40041","INTEGRIS GROVE HOSPITAL"
"370114","40143","ASCENSION ST JOHN MEDICAL CENTER"
"370116","40137","TALLEY WALKER HOSP"
"370117","40019","ARDMORE ADVENTIST HOSPITAL"
"37011F","40149","US AIR FORCE HOSP"
"370121","40083","LOGAN HOSPITAL AND MEDICAL CENTER"
"370122","40063","WETUMKA GENERAL HOSPITAL"
"370123","40109","ST MICHAEL HOSPITAL"
"370125","40055","MANGUM CITY HOSPITAL"
"370126","40081","PRAGUE MUNICIPAL HOSPITAL"
"37012F","40101","VA HOSP"
"370130","40039","THOMAS MEMORIAL HOSPITAL INC"
"370131","40129","ROGER MILLS MEMORIAL HOSPITAL"
"370133","40113","FAIRFAX MEMORIAL HOSPITAL, INC"
"370136","40041","JAY MEMORIAL HOSPITAL"
"370138","40139","MEMORIAL HOSPITAL OF TEXAS COUNTY AUTHORITY"
"370139","40103","STILLWATER MEDICAL - PERRY"
"37013F","40109","US AIR FORCE HOSP"
"370140","40117","CLEVELAND AREA HOSPITAL AUTHORITY"
"370141","40143","DOCTORS HOSPITAL"
"370144","40109","DOCTORS GENERAL HOSPITAL"
"370146","40025","CIMARRON MEMORIAL HOSPITAL"
"370148","40109","EDMOND MEDICAL CENTER"
"370149","40125","SSM HEALTH ST ANTHONY HOSPITAL - SHAWNEE"
"37014F","40109","VA HOSP"
"370153","40075","ELKVIEW GENERAL HOSPITAL"
"370154","40063","HOLDENVILLE GENERAL HOSPITAL"
"370156","40049","PAULS VALLEY HOSPITAL AUTHORITY"
"370157","40019","HEALDTON MUNICIPAL HOSPITAL"
"370158","40087","PURCELL MUNICIPAL HOSPITAL"
"370159","40109","INTEGRIS BETHANY HOSPITAL"
"37015F","40021","US PUBLIC HEALTH SERVICE INDIAN HOSP"
"370161","40027","SOUTHWEST MEDICAL CENTER - MOORE"
"370163","40085","MERCY HEALTH LOVE COUNTY"
"370165","40067","JEFFERSON COUNTY HOSPITAL"
"370166","40145","WAGONER COMMUNITY HOSPITAL"
"370168","40151","E P CLAPPER MEMORIAL MEDICAL CENTER"
"370169","40091","EPIC MEDICAL CENTER"
"37016F","40077","US PUBLIC HEALTH SERVICE INDIAN HOSP"
"370170","40031","LAWTON INDIAN HOSPITAL"
"370171","40021","W W HASTINGS INDIAN HOSPITAL"
"370172","40077","CHOCTAW NATION HEALTH SERVICES AUTHORITY"
"370173","40131","CLAREMORE INDIAN HOSPITAL"
"370174","40039","USPHS CLINTON INDIAN HOSPITAL"
"370176","40143","SAINT FRANCIS HOSPITAL - BROKEN ARROW"
"370177","40043","SEILING MUNICIPAL HOSPITAL AUTHORITY"
"370178","40001","MEMORIAL HOSPITAL"
"370179","40107","CREEK NATION COMMUNITY HOSPITAL"
"370180","40123","CHICKASAW NATION MEDICAL CENTER"
"370181","40115","WILLOW CREST HOSPITAL"
"370182","40053","COMMUNITY HEALTH CENTER HOSPITAL"
"370183","40111","HILLCREST HOSPITAL HENRYETTA"
"370184","40143","CITY OF FAITH HOSPITAL"
"370185","40143","CHILDRENS MEDICAL CENTER INC"
"370186","40149","CORDELL MEMORIAL HOSPITAL"
"370187","40031","GREAT PLAINS HOSPITAL"
"370188","40109","HIGH POINTE"
"370189","40039","THOMAS MEMORIAL HOSPITAL"
"37018F","40065","US AIR FORCE HOSP"
"370190","40143","SOUTHWESTERN REGIONAL MEDICAL CENTER, LLC"
"370191","40031","SOUTHWESTERN MEDICAL CENTER"
"370192","40109","NORTHWEST SURGICAL HOSPITAL"
"370193","40109","AMERICAN TRANSITIONAL HOSP TULSA"
"370194","40109","TCA OF CENTRAL OKLAHOMA INC"
"370195","40109","AMERICAN TRANSITIONAL HOSPITAL"
"370196","40109","RENAISSANCE WOMENS CENTER OF EDMOND"
"370197","40101","SELECT SPECIALTY HOSPITAL"
"370198","40143","CONTINUOUS CARE CTR OF TULSA"
"370199","40109","LAKESIDE WOMEN'S HOSPITAL, A MEMBER OF INTEGRIS HE"
"37019F","40039","US PUBLIC HEALTH SERVICE INDIAN HOSP"
"370200","40133","SEMINOLE MEDICAL CENTER"
"370201","40109","SURGICAL HOSPITAL OF OKLAHOMA"
"370202","40143","HILLCREST HOSPITAL SOUTH"
"370203","40109","COMMUNITY HOSPITAL, LLC"
"370204","40063","WETUMKA GENERAL HOSPITAL"
"370205","40019","HEALDTON MUNICIPAL HOSPITAL"
"370206","40109","OKLAHOMA SPINE HOSPITAL"
"370207","40109","CENTRIS"
"370209","40047","INTEGRIS BASS PAVILION"
"37020F","40131","US PUBLIC HEALTH SERVICE INDIAN HOSP"
"370210","40143","OKLAHOMA SURGICAL HOSPITAL, LLC"
"370211","40017","INTEGRIS CANADIAN VALLEY HOSPITAL"
"370212","40027","OKLAHOMA CENTER FOR ORTHOPAEDIC & MULTI-SP"
"370213","40109","ADVANCE CARE HOSPITAL OF OKLAHOMA CITY"
"370214","40049","LINDSAY MUNICIPAL HOSPITAL"
"370215","40109","OKLAHOMA HEART HOSPITAL, LLC"
"370216","40143","TULSA SPINE & SPECIALTY HOSPITAL"
"370217","40147","CONTINUOUS CARE CENTER OF BARTLESVILLE"
"370218","40143","SAINT FRANCIS HOSPITAL SOUTH, LLC"
"370219","40125","SOLARA HOSPITAL SHAWNEE"
"37021F","40031","US PUBLIC HEALTH SERVICE INDIAN HOSP"
"370220","40109","ONECORE HEALTH"
"370222","40109","MCBRIDE ORTHOPEDIC HOSPITAL"
"370223","40027","MOORE MEDICAL CENTER"
"370224","40027","NORMAN SPECIALTY HOSPITAL"
"370225","40109","SUMMIT MEDICAL CENTER, LLC"
"370226","40101","SOLARA HOSPITAL MUSKOGEE"
"370227","40143","ASCENSION ST JOHN OWASSO"
"370228","40143","BAILEY MEDICAL CENTER, LLC"
"370229","40133","ALLIANCEHEALTH SEMINOLE"
"370231","40111","GEORGE NIGH LONG TERM ACUTE CARE HOSPITAL"
"370232","40101","MUSKOGEE COMMUNITY HOSPITAL"
"370233","40143","PINNACLE SPECIALTY HOSPITAL"
"370234","40109","OKLAHOMA HEART HOSPITAL SOUTH, LLC"
"370235","40143","ASCENSION ST JOHN BROKEN ARROW"
"370236","40109","INTEGRIS HEALTH EDMOND HOSPITAL"
"370237","40035","SAINT FRANCIS HOSPITAL VINITA, INC"
"370239","40009","SAYRE COMMUNITY HOSPITAL"
"370240","40109","INTEGRIS COMMUNITY HOSPITAL - COUNCIL CROSSING"
"370241","40027","PHYSICIANS SURGICAL CENTER"
"370242","40047","SURGERY CENTER OF ENID, INC"
"370243","40049","VALLEY COMMUNITY HOSPITAL"
"370244","40143","COUNCIL OAK COMPREHENSIVE HEALTHCARE"
"370245","40039","CLINTON REGIONAL HOSPITAL"
"370246","40037","CARRUS LAKESIDE HOSPITAL"
"370247","40019","EXCEPTIONAL COMMUNITY HOSPITAL ARDMORE"
"37027E","40009","ERICK HOSP"
"37032E","40035","EASTERN STATE HOSP"
"37036E","40027","OKLAHOMA CEREBRAL PALSY CENTER"
"37037E","40041","LYNN-ANN CONV HOSP"
"37038E","40077","EASTERN OKLAHOMA STATE TB SANATORIUM"
"37039E","40119","OKLAHOMA STATE UNIVERSITY HOSP & CLIN"
"37043E","40143","HISSOM MEM CENTER"
"37044E","40151","SHARE MEM HOSP"
"37048E","40047","ENID STATE SCHOOL"
"37049E","40039","WESTERN OKLAHOMA STATE TB SANITARIUM"
"370779","40103","STILLWATER MEDICAL - PERRY"
"370780","40071","STILLWATER MEDICAL-BLACKWELL"
"370781","40059","HARPER COUNTY COMMUNITY HOSPITAL"
"370783","40075","ELKVIEW GENERAL HOSPITAL"
"370784","40039","CLINTON REGIONAL HOSPITAL"
"370785","40001","MEMORIAL HOSPITAL"
"371300","40005","ATOKA COUNTY MEDICAL CENTER"
"371301","40081","PRAGUE REGIONAL MEMORIAL HOSPITAL"
"371302","40011","MERCY HOSPITAL WATONGA, INC"
"371303","40129","ROGER MILLS MEMORIAL HOSPITAL"
"371304","40069","MERCY HOSPITAL TISHOMINGO"
"371305","40105","ASCENSION ST JOHN NOWATA"
"371306","40085","MERCY HEALTH LOVE COUNTY"
"371307","40025","CIMARRON MEMORIAL HOSPITAL"
"371308","40063","WETUMKA GENERAL HOSPITAL"
"371309","40113","PAWHUSKA HOSPITAL, INC"
"371310","40019","MERCY HOSPITAL HEALDTON, INC."
"371311","40067","JEFFERSON COUNTY HOSPITAL"
"371312","40037","ASCENSION ST JOHN SAPULPA"
"371313","40073","MERCY HOSPITAL KINGFISHER, INC"
"371314","40015","THE PHYSICIANS' HOSPITAL IN ANADARKO"
"371315","40037","DRUMRIGHT MEMORIAL HOSPITAL"
"371316","40081","RURAL WELLNESS STROUD HOSPITAL"
"371317","40083","MERCY HOSPITAL LOGAN COUNTY, INC"
"371318","40113","RURAL WELLNESS FAIRFAX HOSPITAL"
"371319","40029","COAL COUNTY GENERAL HOSPITAL, INC."
"371320","40117","CLEVELAND AREA HOSPITAL"
"371321","40063","HOLDENVILLE GENERAL HOSPITAL"
"371322","40007","BEAVER COUNTY MEMORIAL HOSPITAL"
"371323","40039","WEATHERFORD REGIONAL HOSPITAL, INC OF WEATHERFORD"
"371324","40059","HARPER COUNTY COMMUNITY HOSPITAL"
"371325","40149","CORDELL MEMORIAL HOSPITAL"
"371326","40095","ALLIANCEHEALTH MADILL"
"371327","40011","OKEENE MUNICIPAL HOSPITAL"
"371328","40099","ARBUCKLE MEMORIAL HOSPITAL AUTHORITY"
"371329","40093","FAIRVIEW REGIONAL MEDICAL CENTER AUTHORITY"
"371330","40055","MANGUM REGIONAL MEDICAL CENTER"
"371331","40037","DRUMRIGHT REGIONAL HOSPITAL"
"371332","40043","SEILING MUNICIPAL HOSPITAL"
"371333","40107","CREEK NATION COMMUNITY HOSPITAL"
"371334","40015","CARNEGIE TRI-COUNTY MUNICIPAL HOSPITAL"
"371335","40061","HASKELL REGIONAL HOSPITAL, INC"
"371336","40045","NEWMAN MEMORIAL HOSPITAL"
"371337","40079","EASTERN OKLAHOMA MEDICAL CENTER"
"371338","40057","HARMON MEMORIAL HOSPITAL"
"371340","40139","MEMORIAL HOSPITAL OF TEXAS COUNTY AUTHORITY"
"371341","40151","SHARE MEDICAL CENTER"
"371342","40089","MCCURTAIN MEMORIAL HOSPITAL"
"372004","40109","PAM HEALTH SPECIALTY HOSPITAL OF OKLAHOMA CITY"
"372005","40109","OKC-AMG SPECIALTY HOSPITAL"
"372006","40143","SELECT SPECIALTY HOSPITAL - TULSA"
"372007","40113","SELECT SPECIALTY HOSPITAL - TULSA/MIDTOWN, LLC"
"372008","40109","SELECT SPECIALTY HOSPITAL - OKLA CITY EAST CAMPUS"
"372009","40109","SELECT SPECIALTY HOSPITAL - OKLAHOMA CITY, INC"
"372010","40101","INTENSIVA HOSPITAL OF EASTERN OKLAHOMA"
"372011","40143","TULSA-AMG SPECIALTY HOSPITAL, LLC"
"372012","40109","INSPIRE SPECIALTY HOSPITAL"
"372014","40147","CONTINUOUS CARE CENTER OF BARTLESVILLE"
"372015","40109","CENTRIS"
"372016","40047","INTEGRIS BASS PAVILION"
"372017","40023","LANE FROST HEALTH AND REHABILITATION CENTER"
"372018","40143","PAM SPECIALTY HOSPITAL OF TULSA"
"372019","40125","CORNERSTONE SPECIALTY HOSPITALS SHAWNEE"
"372020","40109","ADVANCE CARE HOSPITAL OF OKLAHOMA"
"372021","40027","NORMAN SPECIALTY HOSPITAL"
"372022","40101","CORNERSTONE SPECIALTY HOSPITALS MUSKOGEE"
"372023","40111","MUSCOGEE (CREEK) NATION LONG TERM ACUTE CARE HOSPI"
"373025","40109","SSM HEALTH REHABILITATION HOSPITAL-OKC"
"373026","40111","MUSCOGEE (CREEK) NATION PHYSICAL REHABILITATION CE"
"373027","40109","HORIZON SPECIALTY HOSPITAL"
"373028","40109","VENCOR HOSPITAL OKLAHOMA CITY"
"373029","40143","MEADOWBROOK SPECIALTY HOSPITAL OF TULSA"
"373030","40143","SPECIALTY HOSPITAL OF TULSA"
"373031","40109","HORIZON SPECIALTY HOSP"
"373032","40023","LANE FROST HEALTH AND REHABILITATION CENTER"
"373033","40109","MERCY REHABILITATION HOSPITAL OKLAHOMA CITY"
"373034","40143","ASCENSION ST JOHN REHAB HOSPITAL OF BROKEN ARROW"
"373035","40143","PAM REHABILITATION HOSPITAL OF TULSA"
"373036","40109","EVEREST  REHABILITATION HOSPITAL OKC, LLC"
"373037","40143","TULSA REHABILITATION HOSPITAL LLC"
"373038","40109","OKLAHOMA CITY REHABILITATION HOSPITAL, LLC"
"373039","40143","ASCENSION ST JOHN REHABILITATION HOSPITAL OF OWASS"
"373300","40027","J D MCCARTY CENTER FOR CHILDREN"
"373301","40143","CHILDRENS MEDICAL CENTER"
"373302","40109","THE CHILDREN'S CENTER, INC"
"373303","40109","THE CHILDREN'S CENTER, INC"
"374000","40027","GRIFFIN MEMORIAL HOSPITAL"
"374001","40153","NORTHWEST CENTER FOR BEHAVIORAL HEALTH (NCBH)"
"374002","40035","EASTERN STATE HOSPITAL"
"374003","40109","WILLOW VIEW MENTAL HEALTH SYSTEM"
"374005","40143","PARKSIDE"
"374006","40121","CARL ALBERT COMMUNITY MENTAL HEALTH CENTER"
"374007","40027","CENTRAL OKLA COMM MENTAL HEALTH CTR"
"374008","40031","JIM TALIAFERRO COMM MENTAL HEALTH CTR"
"374009","40143","CHILDRENS MEDICAL CENTER"
"374010","40047","MEADOWLAKE BEHAVIORAL HEALTH SYSTEM"
"374011","40031","COMANCHE COUNTY MEMORIAL HOSPITAL"
"374012","40143","BROOKHAVEN HOSPITAL, LLC"
"374013","40125","OAK CREST HOSPITAL AND COUNSELING CTRS"
"374015","40143","COUNTRY VIEW HOSP"
"374016","40123","ROLLING HILLS HOSPITAL, LLC"
"374017","40115","WILLOW CREST HOSPITAL"
"374018","40109","HIGH POINTE"
"374019","40027","CPC SOUTHWIND HOSPITAL"
"374020","40143","LAUREATE PSYCHIATRIC CLINIC AND HOSPITAL, INC"
"374021","40143","PARKSIDE, INC"
"374022","40109","HIGH POINTE"
"374023","40109","CEDAR RIDGE BEHAVIORAL HOSPITAL"
"374024","40143","SHADOW MOUNTAIN BEHAVIORAL HEALTH SYSTEM"
"374025","40109","OAKWOOD SPRINGS, LLC"
"374026","40143","TULSA CENTER FOR BEHAVIORAL HEALTH"
"374027","40027","BEHAVIORAL HEALTH CENTER AT PORTER HEALTH VILLAGE"
"379801","40109","O U MEDICAL CENTER"
"379802","40109","ST ANTHONY HOSPITAL"
"379803","40109","INTEGRIS BAPTIST MEDICAL CENTER"
"379804","40143","ST JOHN MEDICAL CENTER-TRANSPLANT"
"379805","40143","SAINT FRANCIS HOSPITAL"
"379806","40109","OU MEDICAL CENTER - PRESBYTERIAN TOWER"
"380001","41065","ADVENTIST HEALTH COLUMBIA GORGE"
"380002","41033","ASANTE THREE RIVERS MEDICAL CENTER"
"380003","41041","SAMARITAN PACIFIC COMMUNITIES HOSPITAL"
"380004","41067","PROVIDENCE ST VINCENT MEDICAL CENTER"
"380005","41029","ASANTE ASHLAND COMMUNITY HOSPITAL"
"380006","41027","PROVIDENCE HOOD RIVER MEMORIAL HOSP"
"380007","41051","LEGACY EMANUEL MEDICAL CENTER"
"380008","41043","SAMARITAN LEBANON COMMUNITY HOSPITAL"
"380009","41051","OHSU HOSPITAL AND CLINICS"
"380010","41051","WOODLAND PARK HOSPITAL"
"380011","41001","ST ELIZABETH HEALTH SERVICES, INC"
"380013","41039","PEACE HARBOR HOSPITAL"
"380014","41003","GOOD SAMARITAN REGIONAL MEDICAL CENTER"
"380016","41059","PENDLETON COMMUNITY HOSPITAL"
"380017","41051","LEGACY GOOD SAMARITAN MEDICAL CENTER"
"380018","41029","ASANTE ROGUE REGIONAL MEDICAL CENTER"
"380019","41013","PIONEER MEMORIAL HOSPITAL"
"380020","41039","MCKENZIE-WILLAMETTE MEDICAL CENTER"
"380021","41067","HILLSBORO MEDICAL CENTER"
"380022","41043","SAMARITAN ALBANY GENERAL HOSPITAL"
"380023","41059","GOOD SHEPHERD MEDICAL CENTER"
"380024","41051","HOLLADAY PARK MEDICAL CENTER"
"380025","41051","LEGACY MOUNT HOOD MEDICAL CENTER"
"380026","41007","COLUMBIA MEMORIAL HOSPITAL"
"380027","41019","MERCY MEDICAL CENTER"
"380029","41047","LEGACY SILVERTON MEDICAL CENTER"
"38002E","41047","OREGON STATE HOSPITAL- SALEM"
"38002F","41051","US AIR FORCE HOSP"
"380030","41051","MEDICAL CENTER HOSPITAL"
"380031","41063","WALLOWA MEMORIAL HOSPITAL"
"380033","41039","SACRED HEART UNIVERSITY DISTRICT"
"380035","41061","GRANDE RONDE HOSPITAL"
"380036","41039","COTTAGE GROVE HEALTHCARE COMM HOSPITAL"
"380037","41071","PROVIDENCE NEWBERG MEDICAL CENTER"
"380038","41005","PROVIDENCE WILLAMETTE FALLS MEDICAL CENTER"
"380039","41051","EASTMORELAND HOSPITAL"
"38003F","41051","VA HOSP"
"380040","41017","ST CHARLES REDMOND"
"380041","41051","CAREUNIT HOSPITAL OF PORTLAND"
"380042","41007","PROVIDENCE SEASIDE HOSPITAL"
"380043","41057","HARVEY E RINEHART MEMORIAL HOSPITAL"
"380044","41045","MALHEUR MEMORIAL HOSPITAL"
"380045","41009","ST HELENS HOSPITAL & HEALTH CENTER"
"380047","41017","ST CHARLES BEND CAMPUS"
"380048","41011","SOUTHERN COOS HOSPITAL AND HEALTH CTR"
"38004F","41019","VA HOSP"
"380050","41035","SKY LAKES MEDICAL CENTER"
"380051","41047","SALEM HOSPITAL"
"380052","41045","SAINT ALPHONSUS MEDICAL CENTER ONTARIO"
"380055","41051","BESS KAISER MEDICAL CENTER"
"380056","41047","SANTIAM HOSPITAL & CLINICS"
"380059","41019","MERCY FOREST GLEN HOSPITAL"
"380060","41051","ADVENTIST HEALTH PORTLAND"
"380061","41051","PROVIDENCE PORTLAND MEDICAL CENTER"
"380062","41049","PIONEER MEMORIAL HOSPITAL"
"380063","41033","THREE RIVERS-WA COMM HOSP & HEALTH CTR"
"380064","41019","DOUGLAS COMMUNITY MEDICAL CENTER"
"380065","41019","LOWER UMPQUA HOSPITAL"
"380066","41059","ST ANTHONY HOSPITAL"
"380068","41067","TUALITY FOREST GROVE HOSPITAL"
"380069","41025","HARNEY DISTRICT HOSPITAL"
"380070","41057","TILLAMOOK COUNTY GENERAL HOSPITAL"
"380071","41071","WILLAMETTE VALLEY MEDICAL CENTER"
"380072","41015","CURRY GENERAL HOSPITAL"
"380074","41041","NEW LINCOLN HOSPITAL"
"380075","41029","PROVIDENCE MEDFORD MEDICAL CENTER"
"380077","41029","CASCADE COMMUNITY HOSPITAL"
"380078","41023","BLUE MOUNTAIN HOSPITAL"
"380079","41039","EUGENE HOSPITAL AND CLINIC"
"380081","41031","MOUNTAIN VIEW HOSPITAL DISTRICT"
"380082","41005","PROVIDENCE MILWAUKIE HOSPITAL"
"380083","41041","NORTH LINCOLN HOSPITAL"
"380084","41053","VALLEY COMMUNITY HOSPITAL"
"380087","41011","COQUILLE VALLEY HOSPITAL"
"380088","41037","LAKE DISTRICT HOSPITAL"
"380089","41067","LEGACY MERIDIAN PARK MEDICAL CENTER"
"380090","41011","BAY AREA HOSPITAL"
"380091","41005","KAISER SUNNYSIDE MEDICAL CENTER"
"380094","41019","UMPQUA VALLEY COMMUNITY HOSPITAL"
"380096","41051","HOSPICE HOUSE"
"380098","41051","HOLLADAY PARK MEDICAL CENTER"
"380099","41039","COTTAGE GROVE COMMUNITY HOSPITAL"
"380100","41051","PHYSICIANS HOSPITAL"
"380101","41051","VIBRA SPECIALTY HOSPITAL OF PORTLAND, LLC"
"380102","41039","SACRED HEART MEDICAL CENTER  RIVERBEND"
"380103","41067","KAISER FOUNDATION HOSPITAL WESTSIDE"
"38013E","41039","SACRED HEART RIVERBEND"
"381301","41039","PEACEHEALTH COTTAGE GROVE COMMUNITY MEDICAL CENTER"
"381302","41041","SAMARITAN NORTH LINCOLN HOSPITAL"
"381303","41007","PROVIDENCE SEASIDE HOSPITAL"
"381304","41011","SOUTHERN COOS HOSPITAL & HEALTH CENTER"
"381305","41023","BLUE MOUNTAIN HOSPITAL"
"381306","41063","WALLOWA MEMORIAL HOSPITAL"
"381307","41025","HARNEY DISTRICT HOSPITAL"
"381308","41053","SALEM HEALTH WEST VALLEY"
"381309","41037","LAKE DISTRICT HOSPITAL"
"381310","41049","PIONEER MEMORIAL HOSPITAL"
"381311","41019","LOWER UMPQUA HOSPITAL DISTRICT"
"381312","41011","COQUILLE VALLEY HOSPITAL"
"381313","41013","ST CHARLES MEDICAL CENTER PRINEVILLE"
"381314","41041","SAMARITAN PACIFIC COMMUNITY HOSPITAL"
"381315","41001","SAINT ALPHONSUS MEDICAL CENTER - BAKER CITY"
"381316","41039","PEACE HARBOR MEDICAL CENTER"
"381317","41057","ADVENTIST HEALTH TILLAMOOK"
"381318","41027","PROVIDENCE HOOD RIVER MEMORIAL HOSPITAL"
"381319","41059","ST ANTHONY HOSPITAL"
"381320","41007","COLUMBIA MEMORIAL HOSPITAL"
"381321","41061","GRANDE RONDE HOSPITAL"
"381322","41015","CURRY GENERAL HOSPITAL"
"381323","41043","SAMARITAN LEBANON COMMUNITY HOSPITAL"
"381324","41031","ST CHARLES MADRAS"
"381325","41059","GOOD SHEPHERD MEDICAL CENTER"
"382004","41051","VIBRA SPECIALTY HOSPITAL OF PORTLAND"
"383300","41051","SHRINERS HOSPITAL FOR CHILDREN - PORTLAND"
"384000","41005","DAMMASCH STATE HOSPITAL"
"384001","41047","OREGON STATE HOSPITAL"
"384002","41059","EASTERN OREGON PSYCHIATRIC CENTER"
"384004","41067","CEDAR HILLS HOSPITAL"
"384006","41051","PACIFIC GATEWAY HOSPITAL AND"
"384007","41005","DAMMASCH STATE HOSPITAL"
"384008","41047","OREGON STATE HOSPITAL DISTINCT PART"
"384009","41039","LANE COUNTY PSYCHIATRIC HOSPITAL"
"384010","41051","BHC PACIFIC GATEWAY HOSPITAL"
"384011","41059","BLUE MOUNTAIN RECOVERY CENTER"
"384012","41067","CEDAR HILLS HOSPITAL"
"389800","41051","OHSU TRANSPLANT HOSPITAL"
"389801","41051","LEGACY TRANSPLANT SERVICES"
"389802","41067","PROVIDENCE ST VINCENT HEART TRANSPLANT PROGRAM"
"390001","42069","GEISINGER COMMUNITY MEDICAL CENTER"
"390002","42003","UPMC MCKEESPORT"
"390003","42037","GEISINGER-BLOOMSBURG HOSPITAL"
"390004","42041","PENN STATE HEALTH HOLY SPIRIT MEDICAL CENTER"
"390005","42049","CORRY MEMORIAL HOSPITAL"
"390006","42093","GEISINGER MEDICAL CENTER"
"390007","42091","ALLEGHENY UNIVERSITY HOSP - ELKINS PRK"
"390008","42073","ELLWOOD CITY MEDICAL CENTER"
"390009","42049","SAINT VINCENT HOSPITAL"
"390010","42129","MERCY JEANNETTE HOSPITAL"
"390011","42021","UPMC LEE REGIONAL"
"390012","42091","JEFFERSON LANSDALE HOSPITAL"
"390013","42119","WELLSPAN EVANGELICAL COMMUNITY HOSPITAL"
"390014","42041","SEIDLE MEMORIAL HOSPITAL"
"390015","42111","MEYERSDALE COMMUNITY HOSPITAL"
"390016","42073","UPMC JAMESON"
"390017","42073","ST FRANCIS HOSPITAL OF NEW CASTLE"
"390018","42129","CITIZENS GENERAL HOSPITAL"
"390019","42025","PALMERTON HOSPITAL"
"39001F","42013","JAMES E VAN ZANDT VA MEDICAL CENTER (ALTOONA)"
"390020","42101","UNIVERSITY MED CNTR"
"390021","42101","MEDICAL COLLEGE HOSPITALS - LAWNDALE"
"390022","42101","ST AGNES MEDICAL CENTER"
"390023","42101","NORTHEASTERN HOSPITAL"
"390024","42101","WILLS EYE HOSPITAL"
"390025","42101","KENSINGTON HOSPITAL"
"390026","42101","TEMPLE HEALTH - CHESTNUT HILL HOSPITAL"
"390027","42101","TEMPLE UNIVERSITY HOSPITAL"
"390028","42003","UPMC MERCY"
"390029","42003","ST FRANCIS MEDICAL CENTER"
"39002F","42019","BUTLER VA MEDICAL CENTER"
"390030","42107","LEHIGH VALLEY HOSPITAL-SCHUYLKILL"
"390031","42107","LEHIGH VALLEY HOSPITAL-SCHUYLKILL E. NORWEGIAN STR"
"390032","42003","ALLEGHENY VALLEY HOSPITAL"
"390034","42003","ST JOHNS HLTH & HOSP CNTR"
"390035","42017","ST LUKE'S HOSPITAL - UPPER BUCKS CAMPUS"
"390036","42007","HERITAGE VALLEY BEAVER"
"390037","42003","HERITAGE VALLEY SEWICKLEY"
"390039","42111","UPMC SOMERSET"
"39003F","42041","DUNHAM ARMY HOSP"
"390040","42049","UNION CITY MEM HOSP"
"390041","42051","UNIONTOWN HOSPITAL"
"390042","42125","UPMC WASHINGTON"
"390043","42117","SOLDIERS AND SAILORS MEMORIAL HOSPITAL"
"390044","42011","READING HOSPITAL"
"390045","42081","UPMC WILLIAMSPORT"
"390046","42133","WELLSPAN YORK HOSPITAL"
"390047","42101","ALLEGHENY UNIV HOSP - MAIN CAMPUS"
"390048","42087","GEISINGER-LEWISTOWN HOSPITAL"
"390049","42095","ST LUKE'S HOSPITAL BETHLEHEM"
"39004F","42029","COATESVILLE VA MEDICAL CENTER"
"390050","42003","ALLEGHENY GENERAL HOSPITAL"
"390051","42101","HAHNEMANN UNIVERSITY HOSPITAL"
"390052","42033","PENN HIGHLANDS CLEARFIELD"
"390054","42079","HAZLETON ST JOSEPH MEDICAL CENTER"
"390055","42003","UPMC SHADYSIDE"
"390056","42061","PENN HIGHLANDS HUNTINGDON"
"390057","42017","ST LUKE'S HOSPITAL - GRAND VIEW CAMPUS"
"390058","42041","UPMC CARLISLE"
"390059","42101","COOPER HOSPITAL  - CENTER CITY"
"39005F","42049","ERIE VA MEDICAL CENTER"
"390060","42021","GOOD SAMARITAN MEDICAL CENTER"
"390061","42071","UPMC PINNACLE LANCASTER"
"390062","42013","CONEMAUGH NASON MEDICAL CENTER"
"390063","42049","UPMC HAMOT"
"390064","42079","WILKES-BARRE GENERAL HOSPITAL"
"390065","42001","GETTYSBURG HOSPITAL"
"390066","42075","WELLSPAN GOOD SAMARITAN HOSPITAL"
"390067","42043","UPMC PINNACLE HOSPITALS"
"390068","42071","UPMC LITITZ"
"390069","42017","DELAWARE VALLEY MEDICAL CENTER"
"39006F","42075","LEBANON VA MEDICAL CENTER"
"390070","42017","LOWER BUCKS HOSPITAL"
"390071","42035","UPMC LOCK HAVEN"
"390072","42037","BERWICK HOSPITAL CENTER"
"390073","42013","UPMC ALTOONA"
"390074","42003","SUBURBAN GENERAL HOSPITAL"
"390075","42081","DIVINE PROVIDENCE HOSPITAL"
"390076","42029","BRANDYWINE HOSPITAL"
"390077","42101","ST JOSEPHS HOSPITAL"
"390078","42081","MUNCY VALLEY HOSPITAL"
"390079","42015","ROBERT PACKER HOSPITAL"
"39007F","42119","US PENITENTIARY HOSP"
"390080","42101","JEANES HOSPITAL"
"390081","42045","DELAWARE COUNTY MEMORIAL HOSPITAL"
"390083","42101","JOHN F KENNEDY MEMORIAL HOSPITAL"
"390084","42097","SUNBURY COMMUNITY HOSPITAL"
"390086","42033","PENN HIGHLANDS DUBOIS"
"390087","42101","OXFORD HOSPIAL"
"390088","42101","GERMANTOWN HOSPITAL & COMM HLTH SVCS"
"39008F","42101","US NAVAL HOSP"
"390090","42003","WEST PENN HOSPITAL"
"390091","42121","UPMC NORTHWEST"
"390092","42069","CARBONDALE GENERAL HOSPITAL"
"390093","42031","INDEPENDENCE HEALTH SYSTEM CLARION HOSPITAL"
"390095","42069","MARIAN COMMUNITY HOSPITAL"
"390096","42011","PENN STATE HEALTH ST. JOSEPH"
"390097","42091","HOLY REDEEMER HOSPITAL AND MEDICAL CENTER"
"390098","42043","HARRISBURG HOSP"
"390099","42039","SPENCER HOSPITAL"
"39009F","42101","PHILADELPHIA VA MEDICAL CENTER"
"390100","42071","LANCASTER GENERAL HOSPITAL"
"390101","42133","UPMC MEMORIAL"
"390102","42003","UPMC ST MARGARET"
"390103","42129","MONSOUR MEDICAL CENTER"
"390104","42083","UPMC KANE"
"390106","42081","JERSEY SHORE HOSPITAL"
"390107","42003","UPMC PASSAVANT"
"390108","42091","MONTGOMERY HOSPITAL"
"390109","42069","MID VALLEY HOSPITAL"
"39010F","42029","VALLEY FORGE HOSP"
"390110","42021","CONEMAUGH MEMORIAL MEDICAL CENTER"
"390111","42101","HOSPITAL OF UNIV OF PENNSYLVANIA"
"390112","42111","CHAN SOON- SHIONG MEDICAL CENTER AT WINDBER"
"390113","42039","MEADVILLE MEDICAL CENTER"
"390114","42003","MAGEE WOMENS HOSPITAL OF UPMC HEALTH SYSTEM"
"390115","42101","JEFFERSON HEALTH-NORTHEAST"
"390116","42091","SUBURBAN COMMUNITY HOSPITAL"
"390117","42009","UPMC BEDFORD MEMORIAL"
"390118","42083","BRADFORD REGIONAL MEDICAL CENTER"
"390119","42069","MOSES TAYLOR HOSPITAL"
"39011F","42003","VA PITTSBURGH HEALTHCARE SYS, HIGHLAND DRIVE DIV"
"390120","42033","DUBOIS HOSP"
"390121","42013","BON SECOURS  MERCY HOSPITAL"
"390122","42039","TITUSVILLE HOSPITAL"
"390123","42091","POTTSTOWN HOSPITAL"
"390125","42127","WAYNE MEMORIAL HOSPITAL"
"390126","42101","NORTHEASTERN HOSPITAL"
"390127","42029","PHOENIXVILLE HOSPITAL"
"390128","42003","UPMC  BRADDOCK"
"39012F","42003","VA PITTSURGH HEALTHCARE SYST, UNIVERSITY DRIVE DIV"
"390130","42021","CONEMAUGH MINERS MEDICAL CENTER"
"390131","42003","UPMC SOUTH SIDE"
"390132","42101","ST JOSEPH'S HOSPITAL"
"390133","42077","LEHIGH VALLEY HOSPITAL"
"390135","42101","ROXBOROUGH MEMORIAL HOSPITAL"
"390136","42003","MERCY PROVIDENCE HOSPITAL, INC"
"390137","42079","WILKES-BARRE GENERAL HOSPITAL"
"390138","42055","WELLSPAN WAYNESBORO HOSPITAL"
"390139","42045","BRYN MAWR HOSPITAL, THE"
"39013F","42079","WILKES-BARRE VA MEDICAL CENTER"
"390142","42101","JEFFERSON EINSTEIN PHILADELPHIA HOSPITAL"
"390143","42003","EYE AND EAR HOSPITAL OF PITTSBURGH"
"390145","42129","INDEPENDENCE HEALTH SYSTEM WESTMORELAND HOSPITAL"
"390146","42123","WARREN GENERAL HOSPITAL"
"390147","42125","PENN HIGHLANDS MON VALLEY"
"390148","42045","COMMUNITY HOSPITAL OF CHESTER"
"390149","42101","THOMAS JEFFERSON UNIV HOSP-FORD ROAD"
"39014E","42085","MERCER COTTAGE HOSP"
"39014F","42003","H J HEINZ III PROGRESSIVE CARE CENTER (PITTSBURGH)"
"390150","42059","UPMC GREENE"
"390151","42055","WELLSPAN CHAMBERSBURG HOSPITAL"
"390152","42013","TYRONE HOSP"
"390153","42029","PAOLI HOSPITAL"
"390154","42047","PENN HIGHLANDS ELK"
"390155","42045","SPRINGFIELD HOSP"
"390156","42045","MERCY CATHOLIC MEDICAL CENTER- MERCY FITZGERALD"
"390157","42003","HERITAGE VALLEY KENNEDY"
"390158","42011","ST JOSEPH MEDICAL CENTER"
"390159","42091","SACRED HEART HOSPITAL & REHAB CENTER"
"390160","42125","CANONSBURG GENERAL HOSPITAL"
"390161","42047","ELK COUNTY REGIONAL MEDICAL CENTER"
"390162","42095","ST LUKE'S HOSPITAL - EASTON CAMPUS"
"390163","42005","ACMH HOSPITAL"
"390164","42003","UPMC PRESBYTERIAN SHADYSIDE"
"390165","42085","SHENANGO VALLEY MEDICAL CENTER"
"390166","42051","TARA HOSPITAL AT BROWNSVILLE"
"390167","42045","TAYLOR HOSPITAL"
"390168","42019","INDEPENDENCE HEALTH SYSTEM BUTLER MEMORIAL HOSPITA"
"390169","42079","GEISINGER SOUTH WILKES-BARRE"
"39016E","42039","SAN ROSARIO HOSP"
"390170","42101","ALLEGHENY UNIV HOSPITALS GRADUATE"
"390171","42121","NORTHWEST MEDICAL CENTER, OIL CITY"
"390172","42003","FORBES METROPOLITAN HOSPITAL"
"390173","42063","INDIANA REGIONAL MEDICAL CENTER"
"390174","42101","THOMAS JEFFERSON UNIVERSITY HOSPITAL"
"390176","42007","COMMONWEALTH MEDICAL CENTER, INC"
"390177","42003","W ALLEGHENY HOSP"
"390178","42085","UPMC HORIZON"
"390179","42029","CHESTER COUNTY HOSPITAL"
"390180","42045","CROZER CHESTER MEDICAL CENTER"
"390181","42107","ASHLAND REGIONAL MEDICAL CENTER"
"390183","42107","ST LUKE'S MINERS MEMORIAL HOSPITAL"
"390184","42051","PENN HIGHLANDS CONNELLSVILLE"
"390185","42079","LEHIGH VALLEY HOSPITAL - HAZLETON"
"390186","42079","MERCY HOSPITAL OF NANTICOKE, PA"
"390187","42027","PHILIPSBURG STATE GENL HOSP"
"390188","42069","SCRANTON STATE GENERAL HOSPITAL"
"390189","42097","SHAMOKIN AREA COMMUNITY HOSPITAL"
"390191","42065","BROOKVILLE HOSPITAL"
"390192","42131","TYLER MEMORIAL HOSPITAL"
"390193","42049","METRO HEALTH CENTER"
"390194","42025","ST LUKE'S HOSPITAL - LEHIGHTON"
"390195","42091","LANKENAU MEDICAL CENTER"
"390196","42101","HOSPITAL OF THE FOX CHASE CANCER CENTER"
"390197","42077","ST LUKE'S HOSPITAL - SACRED HEART CAMPUS"
"390198","42049","LECOM MEDICAL CENTER AND BEHAVIORAL HEALTH PAV"
"390199","42065","PUNXSUTAWNEY AREA HOSPITAL"
"390200","42071","LANCASTER GENERAL HOSPITAL SUSQUEHANNA"
"390201","42089","LEHIGH VALLEY HOSPITAL - POCONO"
"390203","42017","DOYLESTOWN HOSPITAL"
"390204","42101","NAZARETH HOSPITAL"
"390205","42101","METHODIST HOSPITAL"
"390206","42043","COMMUNITY GEN OSTEOPATHIC HOSPITAL"
"390209","42057","FULTON COUNTY MED CNTR"
"39020E","42029","MALVERN INSTITUTE"
"390211","42085","SHARON REGIONAL MEDICAL CENTER"
"390213","42015","TROY COMMUNITY HOSPITAL INC"
"390215","42045","MERCY COMMUNITY HOSPITAL"
"390217","42129","INDEPENDENCE HEALTH SYSTEM FRICK HOSPITAL"
"390219","42129","INDEPENDENCE HEALTH SYSTEM LATROBE HOSPITAL"
"390220","42029","JENNERSVILLE HOSPITAL"
"390222","42045","RIDDLE MEMORIAL HOSPITAL"
"390223","42101","PENN PRESBYTERIAN MEDICAL CENTER"
"390224","42115","BARNES KASSON COUNTY HOSPITAL"
"390225","42071","WELLSPAN EPHRATA COMMUNITY HOSPITAL"
"390226","42101","PENNSYLVANIA HOSPITAL"
"390228","42003","ST CLAIR HOSPITAL"
"390229","42003","MONTEFIORE HOSPITAL"
"39022E","42027","STATE CORRECTIONAL INSTITUTE HOSP"
"390231","42091","JEFFERSON ABINGTON HOSPITAL"
"390232","42075","HYMAN S CAPLAN PAV/GOOD SAM HOSPITAL"
"390233","42133","UPMC HANOVER"
"390234","42101","METROPOLITAN HOSPITAL-PARKVIEW"
"390235","42101","EPISCOPAL HOSPITAL"
"390236","42015","GUTHRIE TOWANDA MEMORIAL HOSPITAL"
"390237","42069","REGIONAL HOSPITAL OF SCRANTON"
"390238","42003","PITTSBURGH SPECIALTY HOSPITAL"
"39023E","42041","STATE CORRECTIONAL INSTITUTE HOSP"
"390240","42083","PORT ALLEGANY COMMUNITY HOSPITAL"
"390242","42077","ALLENTOWN OSTEOPATHIC HOSPITAL"
"390244","42035","BUCKTAIL MEDICAL CENTER"
"390245","42101","PARKVIEW HOSPITAL"
"390246","42105","CHARLES COLE MEMORIAL HOSPITAL"
"390247","42101","HOSPITAL OF THE HOME FOR JEWISH AGED"
"390249","42115","ENDLESS MOUNTAIN HEALTH SYSTEMS"
"390252","42129","WESTMORELAND-MC GINNIS HOSPITAL"
"390256","42043","MILTON S HERSHEY MEDICAL CENTER"
"390258","42017","ST MARY MEDICAL CENTER"
"39025E","42079","STATE CORRECTIONAL INSTITUTE HOSP"
"390260","42017","ALLEGHENY UNIVERSITY HOSPITALS - BUCKS"
"390261","42077","LEHIGH VALLEY HOSPITAL"
"390262","42003","ST FRANCIS CENTRAL HOSPITAL"
"390263","42077","LEHIGH VALLEY HOSPITAL - MUHLENBERG"
"390265","42003","JEFFERSON HOSPITAL"
"390266","42085","GROVE CITY HOSPITAL"
"390267","42003","FORBES HOSPITAL"
"390268","42027","MOUNT NITTANY MEDICAL CENTER"
"390270","42079","GEISINGER WYOMING VALLEY MEDICAL CENTER"
"390272","42091","VALLEY FORGE MEDICAL CENTER"
"390274","42079","HAZLETON SPEC SURGERY HOSP"
"390275","42011","CARON HOSPITAL"
"390276","42071","UNIV HOSP REHAB CNTR-CHILD & ADULTS"
"390277","42101","ALLEGHENY UNIV HOSPITALS MT SINAI"
"390278","42091","EAGLEVILLE HOSPITAL"
"390279","42027","PHILIPSBURG AREA HOSPITAL"
"39027E","42061","STATE CORRECTIONAL INSTITUTE HOSP"
"390280","42101","GIRARD MEDICAL CENTER"
"390281","42105","VENCOR HOSPITAL  PHILADELPHIA"
"390282","42003","VENCOR HOSPITAL  PITTSBURGH"
"390283","42003","SELECT SPECIALTY HOSPITAL - PITTSBURGH"
"390284","42101","SELECT SPECIALTY HOSPITAL - PHILADELPH"
"390285","42101","GRADUATE HOSPITAL"
"390286","42017","WARMINSTER HOSPITAL"
"390287","42101","MCP MEDICAL CENTER"
"390288","42101","PARKVIEW HOSPITAL"
"390289","42091","ELKINS PARK HOSPITAL"
"39028E","42075","LAZEN NOSE & THROAT HOSP"
"390290","42101","HAHNEMANN UNIVERSITY HOSPITAL"
"390291","42019","UPMC CRANBERRY"
"390292","42021","SELECT SPECIALTY HOSPITAL - JOHNSTOWN"
"390293","42101","SPECIALITY HOSPITAL OF PHILADELPHIA"
"390294","42077","GOOD SHEPHERD SPECIALTY HOSPITAL"
"390295","42095","SCCI HOSPITAL EASTON"
"390296","42043","SCCI HOSPITAL HARRISBURG"
"390297","42129","SELECT SPECIALTY HOSPITAL OF GREENSBRG"
"390298","42049","SELECT SPECIALTY HOSPITAL - ERIE"
"390299","42041","SELECT SPECIALTY HOSPITAL CAMP HILL"
"39029E","42091","STATE CORRECTIONAL INSTITUTE HOSP"
"390300","42071","SEMPERCARE HOSPITAL OF LANCASTER"
"390301","42079","KINDRED HOSPITAL - WYOMING VALLEY"
"390302","42017","BARIX CLINICS OF PENNSYLVANIA"
"390303","42003","KINDRED HOSPITAL AT HERITAGE VALLEY"
"390304","42101","ROXBOROUGH MEMORIAL HOSPITAL"
"390305","42003","SEMPERCARE HOSPITAL AT UPMC"
"390306","42003","SEMPERCARE OF MCKEESPORT"
"390307","42085","EDGEWOOD SURGICAL HOSPITAL"
"390308","42101","ST AGNES LONG TERM CARE HOSPITAL"
"390309","42101","WOMENS MEDICAL HOSPITAL"
"39030E","42101","STATE CORRECTIONAL INSTITUTE HOSP"
"390310","42093","SELECT SPECIALTY HOSPITAL DANVILLE"
"390311","42029","LIFECARE HOSPITALS OF CHESTER COUNTY"
"390312","42101","CANCER TREATMENT CENTERS OF AMERICA, PHILADELPHIA"
"390313","42107","SAINT CATHERINE MEDICAL CENTER FOUNTAIN SPRINGS"
"390314","42077","LVH- COORDINATED BETHLEHEM"
"390315","42003","KINDRED HOSPITAL PITTSBURGH - NORTH SHORE"
"390316","42011","SURGICAL INSTITUTE OF READING"
"390317","42017","DSI OF BUCKS COUNTY"
"390318","42077","WESTFIELD HOSPITAL"
"390319","42051","BROWNSVILLE TRI COUNTY HOSPITAL"
"39031E","42101","ST CHRISTOPHERS HOSP FOR CHILDREN"
"390320","42101","GOOD SHEPHERD PENN PARTNERS"
"390321","42077","LVH- COORDINATED ALLENTOWN"
"390322","42017","ROTHMAN ORTHOPAEDIC SPECIALTY HOSPITAL LLC"
"390323","42125","ADVANCED SURGICAL HOSPITAL"
"390324","42091","PHYSICIAN'S CARE SURGICAL HOSPITAL"
"390325","42133","OSS ORTHOPAEDIC HOSPITAL"
"390326","42095","ST LUKE'S HOSPITAL - ANDERSON CAMPUS"
"390327","42133","WELLSPAN SURGERY AND REHABILITATION HOSPITAL"
"390328","42003","UPMC EAST"
"390329","42091","JEFFERSON EINSTEIN MONTGOMERY HOSPITAL"
"39032E","42101","CHILDREN'S HOSPITAL OF PHILADELPHIA"
"390330","42089","ST LUKE'S HOSPITAL - MONROE CAMPUS"
"390331","42101","WILLS EYE HOSPITAL"
"390332","42107","GEISINGER ST. LUKE'S  HOSPITAL"
"390333","42129","AHN EMERUS WESTMORELAND, LLC"
"390334","42003","AHN WEXFORD HOSPITAL"
"390335","42025","ST LUKE'S HOSPITAL - CARBON CAMPUS"
"390336","42041","PENN STATE HEALTH HAMPDEN MEDICAL CENTER"
"390337","42081","GEISINGER MEDICAL CENTER MUNCY"
"390338","42069","LEHIGH VALLEY HOSPITAL - DICKSON CITY"
"390339","42071","PENN STATE HEALTH LANCASTER MEDICAL CENTER"
"39033E","42101","BOOTH MEMORIAL HOSP"
"39034E","42101","EYE HOSP OF PHILADELPHIA"
"39035E","42101","ST VINCENTS HOSP FOR WOMEN & CHILDREN"
"39036E","42003","STATE CORRECTIONAL INSTITUTE HOSP"
"39037E","42003","ROSELIA FOUNDLING & MATERNITY HOSP"
"39038E","42003","CHILDRENS HOSP OF PITTSBURGH"
"39039E","42003","BOOTH MEM HOSP"
"39041E","42071","METFORD PRIVATE HOSP"
"390430","42077","LEHIGH VALLEY HOSPITAL - MACUNGIE"
"390431","42029","CHRISTIANACARE HOSPITAL, WEST GROVE CAMPUS"
"39043E","42091","WILLOW GROVE HOSP"
"39044E","42043","HOTTENSTEIN PRIVATE HOSP"
"39045E","42069","ST JOSEPHS CHILD & MATERNITY HOSP"
"39046E","42045","WAWA HOSP"
"39047E","42003","SOUTH HILLS EAR NOSE & THROAT HOSP"
"39048E","42069","TAYLOR HOSP"
"39049E","42091","DUFUR HOSP"
"39050E","42101","MEDICAL COLLEGE OF PENNSYLVANIA HOSPIT"
"39051E","42017","LIVENGRIN FOUNDATION"
"39052E","42045","KEYSTONE CENTER"
"391300","42081","GEISINGER JERSEY SHORE HOSPITAL"
"391301","42081","UPMC MUNCY"
"391302","42111","CONEMAUGH MEYERSDALE MEDICAL CENTER"
"391303","42057","FULTON COUNTY MEDICAL CENTER"
"391304","42035","BUCKTAIL MEDICAL CENTER"
"391305","42015","TROY COMMUNITY HOSPITAL"
"391306","42115","ENDLESS MOUNTAINS HEALTH SYSTEMS"
"391307","42013","PENN HIGHLANDS TYRONE"
"391308","42049","LECOM HEALTH CORRY MEMORIAL HOSPITAL"
"391309","42115","BARNES-KASSON COUNTY HOSPITAL"
"391310","42027","PHILIPSBURG AREA HOSPITAL"
"391311","42069","MID-VALLEY HOSPITAL"
"391312","42065","PENN HIGHLANDS BROOKVILLE"
"391313","42105","UPMC COLE"
"391314","42039","TITUSVILLE AREA HOSPITAL"
"391315","42047","PENN HIGHLANDS ELK"
"391316","42117","UPMC WELLSBORO"
"391317","42021","CONEMAUGH MINERS MEDICAL CENTER"
"391318","42083","UPMC KANE"
"391319","42123","WARREN GENERAL HOSPITAL"
"392021","42027","REHAB HOSP FOR SPEC SVCS OF NITTANY VA"
"392022","42003","D T WATSON REHABILITATION HOSP"
"392023","42101","CHILDREN'S SEASHORE HOUSE"
"392024","42003","LIFECARE HOSPITALS OF PITTSBURGH"
"392025","42079","PAM SPECIALTY HOSPITAL OF WILKES-BARRE"
"392026","42101","GIRARD MEDICAL CENTER"
"392027","42101","KINDRED HOSPITAL PHILADELPHIA"
"392028","42003","PAM HEALTH SPECIALTY HOSPITAL OF PITTSBURGH"
"392029","42003","SELECT SPECIALTY HOSPITAL - PITTSBURGH/UPMC"
"392030","42001","SELECT SPCIALTY HOSPITAL OF PHILA / AEMC"
"392031","42021","SELECT SPECIALTY HOSPITAL - JOHNSTOWN"
"392032","42045","KINDRED HOSPITAL - DELAWARE COUNTY"
"392033","42077","GOOD SHEPHERD SPECIALTY HOSPITAL"
"392034","42095","KINDRED HOSPITAL EASTON"
"392035","42043","TRIUMPH HOSPITAL - HARRISBURG"
"392036","42129","SELECT SPECIALTY HOSPITAL LAUREL HIGHLANDS INC"
"392037","42049","SELECT SPECIALTY HOSPITAL - ERIE"
"392038","42041","LIFECARE HOSPITALS OF MECHANICSBURG"
"392039","42043","SELECT SPECIALTY HOSPITAL - CENTRAL PA HARRISBURG"
"392040","42071","SELECT SPECIALTY HOSPITAL LANCASTER"
"392041","42003","LIFECARE HOSPITALS OF PITTSBURGH- MONROEVILLE"
"392042","42079","KINDRED HOSPITAL - WYOMING VALLEY"
"392043","42007","PAM HEALTH SPECIALITY HOSPITAL AT HERITAGE VALLEY"
"392044","42003","SELECT SPECIALTY HOSPITAL - PITTSBURGH/UPMC"
"392045","42003","SELECT SPECIALTY HOSPITAL - MCKEESPORT, INC"
"392046","42101","KINDRED HOSPITAL SOUTH PHILADELPHIA"
"392047","42093","SELECT SPECIALTY HOSPITAL - DANVILLE"
"392048","42029","LIFECARE HOSPITALS OF CHESTER COUNTY"
"392049","42003","KINDRED HOSPITAL PITTSBURGH - NORTH SHORE"
"392050","42101","GOOD SHEPHERD PENN PARTNERS"
"393025","42029","BRYN MAWR REHABILITATION HOSPITAL"
"393026","42011","ENCOMPASS HEALTH REHABILITATION HOSPITAL OF READIN"
"393027","42003","ENCOMPASS HEALTH REHAB HOSPITAL OF HARMARVILLE"
"393028","42049","LAKE ERIE INST OF REHAB"
"393029","42003","D T WATSON REHAB HOSPITAL FOR CHILDREN"
"393030","42069","ALLIED SERVICES INSTITUTE OF REHABILITATION"
"393031","42041","ENCOMPASS HEALTH REHABILITATION HOSPITAL OF MECHAN"
"393032","42091","MONTGOMERY REHAB HOSPITAL OF CHESTNUT HILL"
"393033","42101","MOSS REHAB HOSP"
"393034","42071","ELIZABETHTOWN HOSP FOR CHILDREN&YOUTH"
"393035","42077","GOOD SHEPHERD REHABILITATION HOSPITAL, THE"
"393036","42079","JOHN HEINZ INSTITUTE OF REHABILITATION MEDICINE"
"393037","42133","ENCOMPASS HEALTH REHABILITATION HOSPITAL OF YORK,"
"393038","42101","MAGEE REHABILITATION HOSPITAL"
"393039","42027","ENCOMPASS HEALTH REHABILITATION HOSPITAL OF NITTAN"
"393040","42013","ENCOMPASS HEALTH REHABILITATION HOSPITAL OF ALTOON"
"393041","42049","HEALTHSOUTH GREAT LAKES REHAB HOSPITAL"
"393042","42003","UPMC REHABILITATION HOSPITAL"
"393043","42003","HEALTHSOUTH REHAB HOSPTIAL OF GREATER PITTSBURGH"
"393044","42071","UNIV HOSP REHAB CNTR-CHILD/ADULT"
"393045","42003","ENCOMPASS HEALTH REHABILITATION HOSP OF SEWICKLEY"
"393046","42049","ENCOMPASS HEALTH REHABILITATION HOSPITAL OF ERIE,"
"393047","42093","GEISINGER ENCOMPASS HEALTH REHABILITATION HOSPITAL"
"393048","42003","CHILDRENS INSTITUTE OF PITTSBURGH"
"393049","42041","HEALTHSOUTH REHAB HOSP FOR SPECIAL SVS"
"393050","42077","GOOD SHEPHERD REHABILITATION HOSPITAL"
"393051","42101","ANGELA JANE PAVILION REHABILITATION HOSPITAL"
"393052","42029","WEST CHESTER REHABILITATION HOSPITAL"
"393053","42043","PENN STATE HEALTH REHABILITATION HOSPITAL"
"393054","42071","LANCASTER REHABILITATION HOSPITAL"
"393055","42017","ST MARY REHABILITATION HOSPITAL"
"393056","42043","HELEN M SIMPSON REHABILITATION HOSPITAL"
"393300","42101","CHILDRENS SEASHORE HOUSE"
"393301","42101","ST CHRISTOPHERS HOSP FOR CHILDREN"
"393302","42003","UPMC CHILDREN'S HOSPITAL OF PITTSBURGH"
"393303","42101","CHILDREN'S HOSPITAL OF PHILADELPHIA"
"393304","42003","CHILDREN'S HOME OF PITTSBURGH, THE"
"393305","42101","CHILDREN'S REHAB HOSP"
"393306","42101","TEMPLE UNIVERSITY CHILDREN'S MED CNTR"
"393307","42101","ST CHRISTOPHER'S HOSPITAL FOR CHILDREN"
"393308","42003","CHILDREN'S INSTITUTE OF PITTSBURGH, THE"
"393309","42101","SHRINERS HOSPITALS FOR CHILDREN - PHILADELPHIA"
"394001","42091","NORRISTOWN STATE HOSPITAL"
"394002","42045","HAVERFORD STATE HOSP"
"394003","42101","PHILADELPHIA STATE HOSP"
"394004","42093","DANVILLE STATE HOSPITAL"
"394005","42003","WOODVILLE STATE HOSP"
"394006","42091","NORTHWESTERN INSTITUTE OF PHYCHIATRY"
"394007","42101","KIRKBRIDE CENTER"
"394008","42101","FRIENDS HOSPITAL"
"394010","42043","HARRISBURG STATE HOSPITAL"
"394011","42077","ALLENTOWN STATE HOSPITAL"
"394012","42069","CLARKS SUMMIT STATE HOSPITAL"
"394014","42011","WERNERSVILLE STATE HOSPITAL"
"394016","42123","WARREN STATE HOSPITAL"
"394018","42003","MAYVIEW STATE HOSPITAL"
"394019","42111","SOMERSET STATE HOSPIAL"
"394020","42075","PHILHAVEN HOSPITAL"
"394023","42101","BELMONT BEHAVIORAL HOSPITAL"
"394025","42003","WESTERN PSYCHIATRIC INSTI & CLINIC"
"394026","42129","TORRANCE STATE HOSPITAL"
"394027","42101","FAIRMOUNT BEHAVIORAL HEALTH SYSTEM"
"394028","42091","EAGLEVILLE HOSP REHAB CTR"
"394031","42091","EUGENIA HOSP INC"
"394033","42091","MONTGOMERY COUNTY EMERGENCY SERVICE"
"394034","42091","HORSHAM CLINIC"
"394035","42091","HUNTINGTON HOSP"
"394036","42007","COMMUNITY MENTAL HEALTH CTR"
"394037","42017","EASTERN STATE SCHOOL HOSPITAL"
"394038","42017","FOUNDATIONS BEHAVIORAL HEALTH"
"394039","42079","FIRST HOSPITAL OF WYOMING VALLEY"
"394040","42027","MEADOWS PSYCHIATRIC CENTER"
"394041","42043","EDGEWATER PSYCHIATRIC CNTR"
"394042","42003","ALLEGHENY NEUROPSYCH INSTI"
"394043","42031","CLARION PSYCHIATRIC CENTER"
"394044","42003","MERCY PSYCHIATRIC INSTITUTE"
"394045","42125","LAKEWOOD PSYCHIATRIC HOSPITAL"
"394046","42127","FARVIEW STATE HOSPITAL"
"394047","42077","KIDSPEACE ORCHARD HILLS CAMPUS"
"394048","42081","DIVINE PROVIDENCE HOSPITAL"
"394049","42091","BROOKE GLEN BEHAVIORAL HOSPITAL"
"394050","42041","ROXBURY TREATMENT CENTER"
"394051","42043","PENNSYLVANIA PSYCHIATRIC INSTITUTE"
"394052","42011","HAVEN BEHAVIORAL HOSPITAL OF EASTERN PENNSYLVANIA"
"394053","42101","HAVEN BEHAVIORAL HOSPITAL OF PHILADELPHIA"
"394054","42003","EAST END BEHAVIORAL HEALTH HOSPITAL"
"394055","42071","LANCASTER BEHAVIORAL HEALTH HOSPITAL"
"394056","42011","TOWER BEHAVIORAL HEALTH"
"394057","42101","MALVERN BEHAVIORAL HEALTH"
"394058","42037","BERWICK FREE-STANDING PSYCHIATRIC HOSPITAL"
"394059","42069","GEISINGER BEHAVIORAL HEALTH CENTER NORTHEAST"
"394061","42079","WYOMING VALLEY BEHAVIORAL HOSPITAL"
"394062","42029","HAVEN BEHAVIORAL HOSPITAL OF WEST CHESTER"
"394063","42093","GEISINGER BEHAVIORAL HEALTH CENTER DANVILLE"
"394064","42003","THREE RIVERS BEHAVIORAL HEALTH"
"399800","42093","GEISINGER MEDICAL CENTER - TRANSPLANT CENTER"
"399801","42003","UPMC PRESBYTERIAN SHADYSIDE"
"399802","42079","GEISINGER WYOMING VALLEY KIDNEY TRANSPLANT UNIT"
"399803","42003","UPMC CHILDREN'S HOSPITAL OF PGH - TRANSPLANT CTR"
"399804","42003","ALLEGHENY GENERAL HOSPITAL  TRANSPLANT CARE"
"399805","42101","HAHNEMANN UNIVERSITY HOSPITAL TRANSPLANT CENTER"
"399806","42101","TEMPLE UNIVERSITY HOSPITAL - TRANSPLANT CENTER"
"399807","42043","MILTON S HERSHEY MEDICAL CENTER TRANSPLANT CENTER"
"399808","42101","HOSPITAL OF THE UNIVERSITY OF PENNSYLVANIA"
"399809","42043","UPMC PINNACLE HOSPITALS TRANSPLANT CENTER"
"399810","42101","THOMAS JEFFERSON UNIVERSITY HOSPITAL TRANSPLANT"
"399811","42091","MAIN LINE HOSPITAL LANKENAU TRANSPLANT CENTER"
"399812","42101","CHILDREN'S HOSPITAL OF PHILADELPHIA TRANSPLANT"
"399813","42101","ALBERT EINSTEIN MEDICAL CENTER TRANSPLANT CENTER"
"399814","42101","ST CHRISTOPHERS HOSPITAL FOR CHILDREN TRANSPLANT"
"399815","42077","LEHIGH VALLEY HOSPITAL - TRANSPLANT CENTER"
"399816","42045","CROZER CHESTER MEDICAL CENTER - TRANSPLANT CENTER"
"399817","42049","UPMC HAMOT - TRANSPLANT CENTER"
"399818","42101","ST CHRISTOPHER'S HOSPITAL FOR CHILDREN- TRANSPLANT"
"399819","42011","READING HOSPITAL - TRANSPLANT CENTER"
"400001","72127","PRESBYTERIAN COMMUNITY HOSPITAL"
"400002","72113","HOSPITAL EPISCOPAL ST LUKES"
"400003","72113","HOSPITAL METROPOLITANO DR PILA"
"400004","72127","ASOCIACION HOSPITAL DEL MAESTRO, INC"
"400005","72069","HOPE MEDICAL CENTER LLC"
"400006","72127","DOCTORS' CENTER HOSPITAL SAN JUAN"
"400007","72069","RYDER MEMORIAL HOSPITAL INC"
"400008","72127","DE DIEGO HOSPITAL"
"400009","72059","SANTA ROSA CLINIC"
"400010","72081","HOSPITAL GENERAL DE CASTANER"
"400011","72069","HOSPITAL MENONITA HUMACAO, INC"
"400012","72127","HOSPITAL ONCOLOGICO DR ISAAC GONZALEZ MARTINEZ"
"400013","72035","HOSPITAL MENONITA DE CAYEY"
"400014","72097","BELLA VISTA HOSPITAL"
"400015","72127","SAN JUAN MUNICIPALITY HOSPITAL"
"400016","72127","AUXILIO MUTUO HOSPITAL"
"400017","72127","SAN CARLOS GENERAL HOSPITAL"
"400018","72009","HOSPITAL MENONITA DE AIBONITO"
"400019","72127","HOSPITAL PAVIA SANTURCE"
"40001F","72005","US AIR FORCE HOSP"
"400021","72125","HOSPITAL DE LA CONCEPCION"
"400022","72113","HOSPITAL DAMAS INC"
"400023","72127","INSTITUTO OFTALMICO DE PUERTO RICO"
"400024","72097","CLINICA ESPANOLA INC"
"400025","72127","DRES HERMANOS YORDAN"
"400026","72015","LAFAYETTE HOSPITAL"
"400027","72127","HATO REY COMMUNITY HOSPITAL"
"400028","72113","HOSPITAL ONCOLOGICO ANDRES GRILLASCA"
"400029","72053","FAJARDO SUB REGIONAL HOSPITAL"
"40002F","72127","US ARMY HOSP"
"400031","72069","HUMACAO AREA HOSPITAL"
"400032","72021","BAYAMON MEDICAL CENTER"
"400037","     ","CAYEY HEALTH CENTER"
"400038","     ","SAN GERMAN HEALTH CENTER"
"40003F","72127","VA HOSP"
"400044","72113","HOSPITAL EPISCOPAL SAN LUCAS II"
"400048","72059","HOSPITAL MENONITA GUAYAMA"
"40004E","72025","SAN RAFAEL CLINIC"
"400060","     ","GUAYNABO HEALTH CENTER"
"400061","72127","HOSPITAL UNIVERSITARIO DE ADULTOS"
"400079","72005","HOSPITAL  COMUNITARIO BUEN SAMARITANO INC"
"40007E","72145","SANCHEZ CASTANO HOSP"
"400083","     ","BARRANQUITAS HEALTH CENTER"
"400087","72013","HOSPITAL PAVIA ARECIBO"
"400088","72127","HOSPITAL MIMIYA INC"
"400089","72127","SAN JORGE HOSPITAL"
"40008F","72127","US NAVAL HOSP"
"400090","     ","HOSPITAL SAN RAFAEL"
"400094","72053","DR GUBERNS HOSPITAL"
"400098","72127","HOSPITAL SAN FRANCISCO"
"400102","72021","DOCTORS CENTER HOSPITAL BAYAMON INC"
"400103","72097","MAYAGUEZ MEDICAL CENTER DR RAMON EMETERIO BETANCES"
"400104","72025","HOSPITAL MENONITA CAGUAS INC"
"400105","72021","HOSPITAL UNIVERSITARIO DR RUIZ ARNAU"
"400106","72127","METROPOLITAN HOSPITAL"
"400108","     ","HOSP SAN MIGUEL INC"
"400109","72021","HOSPITAL ESPANOL AUXILIO MUTUO SAN PABLO"
"40010E","72097","CLINICA DR PEREA"
"400110","72153","HOSPITAL PAVIA YAUCO"
"400111","72099","HOSPITAL SAN CARLOS BORROMEO"
"400112","72031","HOSPITAL UPR, DR  FEDERICO TRILLA"
"400113","72113","HOSPITAL MENONITA PONCE"
"400114","72091","MANATI MEDICAL CENTER DR OTERO LOPEZ"
"400115","72145","CENTRO MEDICO WILMA N VAZQUEZ"
"400116","72127","SAN GERARDO HOSPITAL"
"400117","72013","HOSPITAL METROPOLITANO  DR SUSONI"
"400118","72091","DOCTORS' CENTER HOSPITAL, INC"
"400119","72127","CLINICA DR FERNANDEZ GARCIA"
"400120","72025","HOSPITAL PAVIA CAGUAS"
"400121","72127","HOSPITAL SAN GERARDO"
"400122","72061","PROFESSIONAL HOSPITAL GUAYNABO INC"
"400123","72097","HOSPITAL PEREA"
"400124","72127","CENTRO CARDIOVASCULAR DE PUERTO RICO Y EL CARIBE"
"400125","72053","HIMA-SAN PABLO FAJARDO"
"400126","72125","HOSPITAL METROPOLITANO DE SAN GERMAN"
"400127","72127","ASEM"
"400128","72127","HOSPITAL PAVIA HATO REY, INC"
"40012E","72009","AIBONITO MUN HOSP"
"400130","72141","HOSPITAL METROPOLITANO DE LA MONTANA"
"400131","72053","CARIBBEAN MEDICAL CENTER"
"400132","72127","DOCTORS CENTER HOSPITAL  CAROLINA LLC"
"400133","72127","HIMA SAN PABLO CUPEY"
"400134","72127","THE SAN JORGE HOSPITAL INC"
"400135","72127","HOSPITAL  CENTRO COMPRENSIVO DEL CANCER"
"400136","72097","HOSPITAL SAN ANTONIO INC"
"400137","72051","DOCTORS CENTER HOSPITAL ORLANDO HEALTH DORADO"
"400138","72021","PUERTO RICO WOMEN AND CHILDREN HOSPITAL LLC"
"400139","72127","HOSPITAL EPISCOPAL  SAN LUCAS METRO"
"40013E","72015","ARROYO MUN HOSP"
"400140","72053","CENTRO MEDICO DEL NORESTE"
"400141","72053","CENTRO MEDICO DEL NORESTE"
"40015E","72013","EL BUEN PASTOR"
"40016E","72077","JUNCOS MUN HOSP"
"40017E","72081","LARES MUN HOSP"
"40019E","72089","LUGUILLO MUN HOSP"
"40020E","72095","MAUNABO MUN HOSP"
"40022E","72103","NAGUABO MUN HOSP"
"40023E","72113","PONCE PSYCHIATRIC HOSP"
"40024E","72127","REHABILITATION CENTER"
"40025E","72121","SABANA GRANDE MUN HOSP"
"40026E","72123","SALINAS MUN HOSP"
"40027E","72091","SAN AGUSTIN HOSP"
"40028E","72133","SANTA ISABEL MUN HOSP"
"40029E","72055","SOUTH PUERTO RICO SUGAR HOSP"
"40030E","72127","WOMANS HOSP"
"40032E","72099","HOSPITAL SAN CARLOS BORROMEO"
"402001","72127","CLINICA DR E FERNANDEZ GARCIA"
"403025","72127","ENCOMPASS HEALTH REHABILITATION HOSPITAL OF SAN JU"
"403026","72091","ENCOMPASS HEALTH REHABILITATION HOSPITAL MANATI"
"403027","72127","MULTY MEDICAL FACILITIES CORPORATION"
"403028","72021","VARMED REHABILITATION CENTER"
"403301","72127","UNIVERSITY PEDIATRIC HOSPITAL"
"403302","72127","SAN JORGE CHILDRENS HOSPITAL INC"
"404002","72021","MEPSI CENTER"
"404004","72041","FIRST HOSPITAL PANAMERICANO"
"404005","72127","SAN JUAN CAPESTRANO  HOSPITAL INC"
"404006","72127","HOSPITAL PSIQUIATRIA DR RAMON FERNANDEZ"
"404007","72023","HOSPITAL OASIS DE VIDA"
"404008","72113","INSPIRA BEHAVIOR CARE CORP"
"404009","72009","CENTRO DE SALUD CONDUCTUAL MENONITA-CIMA"
"409800","72127","AUXILIO MUTUO HOSP TRANSPLANT"
"410001","44007","MEMORIAL HOSPITAL OF RHODE ISLAND"
"410002","44007","COMMUNITY HOSPITAL OF RHODE ISLAND"
"410004","44007","ROGER WILLIAMS MEDICAL CENTER"
"410005","44007","OUR LADY OF FATIMA HOSPITAL"
"410006","44005","NEWPORT HOSPITAL"
"410007","44007","RHODE ISLAND HOSPITAL"
"410008","44009","SOUTH COUNTY HOSPITAL INC"
"410009","44003","KENT COUNTY MEMORIAL HOSPITAL"
"410010","44007","WOMEN & INFANTS HOSPITAL OF RHODE ISLAND"
"410011","44007","LANDMARK MEDICAL CENTER"
"410012","44007","THE MIRIAM HOSPITAL"
"410013","44009","WESTERLY HOSPITAL"
"410014","44007","JOHN FOGARTY MEMORIAL HOSPITAL"
"410016","44007","NOTRE DAME HOSPITAL"
"41001F","44005","US NAVAL HOSP"
"41002F","44007","VA HOSP"
"41004F","     ","US NAVAL HOSP"
"41005F","44007","VETERANS AFFAIRS MEDICAL CENTER"
"412000","     ","DR U E ZAMBARANO HOSPITAL"
"412001","44007","ELEANOR SLATER HOSPITAL"
"413025","44007","REHABILITATION HOSPITAL OF RHODE ISLAND"
"413026","44007","ENCOMPASS HEALTH REHAB HOSPITAL OF JOHNSTON"
"414000","44007","BUTLER HOSPITAL"
"414003","44007","EMMA PENDLETON BRADLEY HOSPITAL"
"414004","44007","RIMC-INST OF MENTAL HEALTH"
"414005","44007","INSTITUTE OF MENTAL HEALTH"
"419801","44007","RHODE ISLAND HOSPITAL - TRANSPLANT CENTER"
"420002","45091","PIEDMONT MEDICAL CENTER"
"420003","45059","LAURENS DISTRICT HOSPITAL"
"420004","45019","MUSC MEDICAL CENTER"
"420005","45033","MCLEOD MEDICAL CENTER - DILLON"
"420006","45019","CHARLESTON MEMORIAL HOSPITAL"
"420007","45083","SPARTANBURG MEDICAL CENTER"
"420009","45073","PRISMA HEALTH OCONEE MEMORIAL HOSPITAL"
"420010","45031","CAROLINA PINES REGIONAL MEDICAL CENTER"
"420011","45077","CANNON MEMORIAL HOSPITAL"
"420014","45039","FAIRFIELD MEMORIAL HOSPITAL"
"420015","45077","PRISMA HEALTH BAPTIST EASLEY HOSPITAL"
"420016","45011","SOUTHERN PALMETTO HOSPITAL"
"420017","45067","ENGLISH PARK MEDICAL CENTER"
"420018","45079","PRISMA HEALTH RICHLAND HOSPITAL"
"420019","45023","MUSC HEALTH"
"42001E","45053","COASTAL CAROLINA MEDICAL CENTER"
"420020","45043","TIDELANDS HEALTH"
"420023","45045","ST FRANCIS-DOWNTOWN"
"420024","45007","SALUDA VALLEY COMMUNITY HOSPITAL"
"420026","45079","MUSC HEALTH COLUMBIA MEDICAL CENTER DOWNTOWN"
"420027","45007","ANMED HEALTH"
"420028","45061","LEE COUNTY MEMORIAL HOSPITAL"
"420029","45045","GREENVILLE GENERAL HOSPITAL"
"420030","45029","COLLETON MEDICAL CENTER"
"420031","45005","ALLENDALE COUNTY HOSPITAL"
"420032","45091","DIVINE SAVIOUR HOSPITAL"
"420033","45083","PRISMA HEALTH GREER MEMORIAL HOSPITAL"
"420035","45059","WHITTEN CENTER HOSPITAL"
"420036","45057","MUSC HEALTH LANCASTER MEDICAL CENTER"
"420037","45045","PRISMA HEALTH HILLCREST HOSPITAL"
"420038","45059","PRISMA HEALTH LAURENS COUNTY HOSPITAL"
"420039","45087","WALLACE THOMSON HOSPITAL"
"420040","45041","FLORENCE GENERAL HOSPITAL"
"420042","45067","MULLINS HOSPITAL"
"420043","45021","CHEROKEE MEDICAL CENTER"
"420044","45041","CAROLINA HOSPITAL SYSTEM"
"420048","45055","KERSHAW MEDICAL CENTER"
"420049","45051","CONWAY MEDICAL CENTER"
"420050","45031","SOUTHLAND MEDICAL CENTER"
"420051","45041","MCLEOD REGIONAL MEDICAL CENTER-PEE DEE"
"420053","45071","NEWBERRY COUNTY MEMORIAL HOSPITAL"
"420054","45069","MARLBORO PARK HOSPITAL"
"420055","45067","MUSC HEALTH MARION MEDICAL CENTER"
"420056","45009","BAMBERG COUNTY MEMORIAL HOSPITAL"
"420057","45031","MCLEOD MEDICAL CENTER - DARLINGTON"
"420059","45089","WILLIAMSBURG REGIONAL HOSPITAL"
"420061","45001","ABBEVILLE COUNTY MEMORIAL HOSPITAL"
"420062","45025","CHESTERFIELD GENERAL HOSPITAL"
"420064","45051","LORIS COMMUNITY HOSPITAL"
"420065","45019","BON SECOURS-ST FRANCIS XAVIER HOSPITAL"
"420066","45041","LAKE CITY COMMUNITY HOSPITAL"
"420067","45013","BEAUFORT COUNTY MEMORIAL HOSPITAL"
"420068","45075","THE REGIONAL MEDICAL CENTER OF ORANGEBURG- CALHOUN"
"420069","45027","CLARENDON MEMORIAL HOSPITAL"
"420070","45085","PRISMA HEALTH MIDLANDS"
"420071","45047","SELF REGIONAL HEALTHCARE"
"420072","45049","HAMPTON REGIONAL MEDICAL CENTER"
"420073","45063","LEXINGTON MEDICAL CENTER"
"420074","45013","LOW COUNTRY GENERAL HOSPITAL"
"420075","45037","EDGEFIELD COUNTY HOSPITAL"
"420076","45083","DOCTORS MEM HOSP SPART LTD PARTNERSHIP"
"420078","45045","PRISMA HEALTH GREENVILLE MEMORIAL HOSPITAL"
"420079","45019","TRIDENT MEDICAL CENTER"
"420080","45013","HILTON HEAD REGIONAL MEDICAL CENTER"
"420081","45045","NORTH GREENVILLE HOSPITAL"
"420082","45003","AIKEN REGIONAL MEDICAL CENTER"
"420083","45083","MARY BLACK HEALTH SYSTEM SPARTANBURG"
"420084","45079","EDWARD A RONDEAU GENERAL HOSPITAL"
"420085","45051","GRAND STRAND REGIONAL MEDICAL CENTER"
"420086","45079","PRISMA HEALTH BAPTIST"
"420087","45019","ROPER HOSPITAL"
"420088","45019","ROPER HOSPITAL NORTH INC"
"420089","45019","EAST COOPER MEDICAL CENTER"
"420091","45041","MUSC HEALTH FLORENCE MEDICAL CENTER"
"420092","45047","RECOVERY CENTER AT SELF MEMORIAL"
"420093","45083","B J WORKMAN MEMORIAL HOSPITAL"
"420094","45083","SPARTANBURG HOSP FOR RESTORATIVE CARE"
"420095","45019","SPECIALTY HOSPITAL OF SOUTH CAROLINA"
"420096","45079","INTERMEDICAL HOSPITAL OF SC"
"420097","45041","REGENCY HOSPITAL OF SOUTH CAROLINA"
"420098","45043","TIDELANDS WACCAMAW COMMUNITY HOSPITAL"
"420099","45045","NORTH GREENVILLE LONG TERM ACUTE CARE HOSPITAL"
"42009F","45013","US NAVAL HOSP"
"420100","45045","REGENCY HOSPITAL OF GREENVILLE"
"420101","45053","SOUTH CAROLINA COASTAL MEDICAL CENTER LLC"
"420102","45045","PRISMA HEALTH  PATEWOOD HOSPITAL"
"420103","45083","PELHAM MEDICAL CENTER"
"420104","45019","MOUNT PLEASANT HOSPITAL"
"420105","45051","MCLEOD LORIS  HOSPITAL"
"420106","45063","PRISMA HEALTH BAPTIST PARKRIDGE"
"420107","45025","MCLEOD HEALTH CHERAW"
"420108","45087","UNION MEDICAL CENTER"
"420109","45027","MCLEOD HEALTH CLARENDON"
"42010F","45019","US NAVAL HOSP"
"420110","45015","ROPER ST FRANCIS HOSPITAL-BERKELY INC"
"420111","45019","SURGERY CENTER OF CHARLESTON"
"420112","45003","CENTER FOR COLON AND DIGESTIVE DISEASES LLC"
"420113","45091","SURGERY CENTER OF EDGEWATER"
"420114","45045","SURGERY CENTER AT PELHAM"
"420115","45083","AMBULATORY SURGERY CENTER OF SPARTANBURG, LLC"
"420116","45073","SYNERGY SPINE CENTER"
"42011F","45079","JENNINGS BRYAN DORN VA MEDICAL CENTER"
"42012F","45079","US ARMY HOSP"
"42013F","45051","US AIR FORCE HOSP"
"42014F","45085","US AIR FORCE HOSP"
"42029F","45019","RALPH H JOHNSON VA MEDICAL CENTER"
"42030F","45019","US NAVAL HOSPITAL"
"421300","45005","ALLENDALE COUNTY HOSPITAL"
"421301","45001","ABBEVILLE AREA MEDICAL CENTER"
"421302","45039","FAIRFIELD MEMORIAL HOSPITAL"
"421303","45089","WILLIAMSBURG REGIONAL HOSPITAL"
"421304","45037","EDGEFIELD COUNTY HEALTHCARE AN AFFILIATE OF SELF R"
"422003","45079","JAMES F BYRNES CENTER"
"422004","45083","SPARTANBURG HOSP FOR RESTORATIVE CARE"
"422005","45019","CHARLESTON-AMG SPECIALITY HOSPITAL INC"
"422006","45079","PRISMA HEALTH LTACH-BAPTIST"
"422007","45041","REGENCY HOSPITAL OF FLORENCE"
"422008","45045","PRISMA HEALTH NORTH GREENVILLE LTACH"
"422009","45045","REGENCY HOSPITAL OF GREENVILLE"
"423025","45079","ENCOMPASS HEALTH REHABILITATION HOSPITAL OF COLA"
"423026","45041","ENCOMPASS HEALTH REHABILITATION HOSPITAL OF FLORE"
"423027","45019","MUSC HEALT REHABILITATION HOSPITAL"
"423028","45091","ENCOMPASS HEALTH REHABILITATION HOSPITAL OF ROCK H"
"423029","45007","ANMED HEALTH REHABILITATION HOSPITAL"
"423030","45047","GREENWOOD REGIONAL REHABILITATION HOSPITAL, INC"
"423031","45083","SPARTANBURG REHABILITATION INSTITUTE, INC"
"423032","45013","ENCOMPASS HEALTH REHAB HOSPITAL OF BLUFFTON"
"423033","45043","TIDELANDS HEALTH REHABILITATION HOSPITALS"
"423034","45055","MIDLANDS REGIONAL REHABILITATION HOSPITAL"
"423035","45045","ENCOMPASS HEALTH REHABILITATION HOSPITAL GREENVILL"
"423036","45063","LEXINGTON REGIONAL REHABILITATION HOSPITAL"
"423037","45091","ENCOMPASS HEALTH REHABILITATION HOSPITAL FORT MILL"
"423300","45045","SHRINERS HOSPITALS FOR CHILDREN"
"424000","45079","SOUTH CAROLINA STATE HOSP-"
"424001","45079","CRAFTS-FARROW STATE HOSP"
"424002","45051","LIGHTHOUSE BEHAVIORAL HEALTH HOSPITAL"
"424003","45079","WILLIAM S HALL PSYCHIATRIC INSTITUTE"
"424005","45079","G WERBER BRYAN PSYCH HOSP"
"424006","45019","PALMETTO LOWCOUNTRY BEHAVIORAL HEALTH"
"424007","45045","SPRINGBROOK BEHAVIORAL HEALTH SYSTEM"
"424008","45063","THREE RIVERS BEHAVIORAL HEALTH"
"424009","45051","CHARTER SANDS BEHAVIORAL HEALTH SYSTEM"
"424010","45045","CAROLINA CTR FOR BEHAVIORAL HEALTH,THE"
"424011","45007","PATRICK B HARRIS PSYCHIATRIC HOSPITAL"
"424012","45003","AURORA PAVILION,THE"
"424013","45075","THE WILLIAM J MCCORD ADOLESCENT TREATMENT FACILITY"
"424014","45057","REBOUND BEHAVIORAL HEALTH"
"424015","45085","MIDLANDS BEHAVIORAL HEALTH HOSPITAL"
"429800","45019","MUSC MEDICAL CENTER"
"429801","45045","PH TRANSPLANT CENTER"
"429803","45057","MUSC HEALTH LANCASTER MEDICAL CENTER"
"430001","46029","MEMORIAL MEDICAL CENTER"
"430004","46081","NORTHERN HILLS GENERAL HOSPITAL"
"430005","46029","PRAIRIE LAKES HOSPITAL"
"430007","46079","MADISON COMMUNITY HOSPITAL"
"430008","46011","BROOKINGS HEALTH SYSTEM"
"430009","46019","BELLE FOURCHE HEALTH CARE CENTER-RPCH"
"430010","46051","ST BERNARDS PROVIDENCE HOSPITAL"
"430011","46005","HURON REGIONAL MEDICAL CENTER"
"430012","46135","AVERA SACRED HEART HOSPITAL"
"430013","46035","AVERA QUEEN OF PEACE"
"430014","46013","AVERA ST LUKES"
"430015","46065","AVERA ST MARY'S HOSPITAL"
"430016","46099","AVERA MCKENNAN HOSPITAL & UNIVERSITY HEALTH CENTER"
"430017","46035","METHODIST HOSPITAL"
"430018","46015","MID-DAKOTA HOSPITAL"
"43001F","46093","U S AIR FORCE HOSP"
"430020","46077","KINGSBURY COUNTY MEMORIAL HOSPITAL"
"430022","46091","MARSHALL COUNTY HEALTHCARE CENTER"
"430023","46099","DELLS AREA HEALTH CENTER - AVERA"
"430024","46077","DESMET MEMORIAL HOSP"
"430025","46049","FAULK CO MEM HOSPITAL"
"430026","46023","PLATTE HEALTH CENTER"
"430027","46099","SANFORD USD MEDICAL CENTER"
"430028","46093","STURGIS COMM HEALTH CARE CTR"
"430029","46027","SIOUX VALLEY VERMILLION HOSPITAL"
"43002F","46093","V A BLACK HILLS HEALTH CARE"
"430030","46045","IPSWICH COMMUNITY HOSPITAL"
"430031","46059","HAND COUNTY MEM HOSPITAL"
"430032","46029","MEMORIAL CARE UNIT"
"430033","46067","AVERA ST BENEDICT HEALTH CENTER"
"430034","46115","COMMUNITY MEMORIAL HOSP"
"430036","46067","FREEMAN COMMUNITY HOSPITAL"
"430037","46009","ST MICHAELS HOSPITAL"
"430038","46037","LAKE AREA HOSPITAL"
"430039","46043","DOUGLAS CO MEM HOSPITAL"
"43003F","46047","VA CENTER"
"430040","46129","MOBRIDGE REGIONAL HOSPITAL"
"430041","46101","FLANDREAU MUNICIPAL HOSPITAL"
"430042","46107","GETTYSBURG MEM HOSPITAL"
"430043","46123","WINNER REGIONAL HEALTHCARE CENTER"
"430044","46047","SOUTHERN HILLS HOSPITAL"
"430047","46053","AVERA GREGORY HEALTHCARE CENTER"
"430048","46081","MONUMENT HEALTH SPEARFISH HOSPITAL"
"430049","46023","WAGNER COMMUNITY MEMORIAL HOSPITAL"
"430051","46033","CUSTER COMMUNITY HOSPITAL"
"430054","46083","CANTON-INWOOD MEMORIAL HOSPITAL"
"430056","46055","HANS P PETERSON MEMORIAL HOSPITAL"
"430057","46125","PIONEER MEMORIAL HOSPITAL"
"43005F","46099","SIOUX FALLS V A MEDICAL CENTER"
"430060","46107","HOLY INFANT HOSPITAL"
"430062","46089","EUREKA COMMUNITY HEALTH SERVICES"
"430064","46109","COTEAU DES PRAIRIES HOSPITAL"
"430065","46039","DEUEL COUNTY MEMORIAL HOSPITAL"
"430066","46073","AVERA WESKOTA MEMORIAL MEDICAL CENTER"
"430072","46013","DAKOTA MIDLAND HOSPITAL"
"430073","46009","LANDMANN-JUNGMAN MEMORIAL HOSPITAL"
"430076","46007","BENNETT COUNTY HEALTHCARE CENTER"
"430077","46103","MONUMENT HEALTH RAPID CITY HOSPITAL"
"430079","46045","BOWDLE HOSPITAL"
"430080","46105","FIVE COUNTIES HOSPITAL"
"430081","46102","PHS INDIAN HOSPITAL AT PINE RIDGE"
"430082","46103","PHS INDIAN HOSPITAL AT RAPID CITY - SIOUX SAN"
"430083","46041","PHS INDIAN HOSPITAL AT EAGLE BUTTE"
"430084","46121","PHS INDIAN HOSPITAL AT ROSEBUD"
"430085","46109","PHS INDIAN HOSPITAL AT SISSETON"
"430086","46023","PHS INDIAN HOSPITAL"
"430087","46053","COMMUNITY MEMORIAL HOSPITAL"
"430088","46057","ESTELLINE COMM HOSP"
"430089","46127","DUNES SURGICAL HOSPITAL"
"430090","46099","SIOUX FALLS SPECIALTY HOSPITAL LLP"
"430091","46103","BLACK HILLS SURGICAL HOSPITAL LLC"
"430092","46013","DAKOTA PLAINS SURGICAL CENTER LLP"
"430093","46103","SAME DAY SURGERY CENTER LLC"
"430094","46081","SPEARFISH REGIONAL SURGERY CENTER"
"430095","46099","AVERA HEART HOSPITAL OF SOUTH DAKOTA"
"430096","46135","LEWIS AND CLARK SPECIALTY HOSPITAL"
"430097","46013","SANFORD ABERDEEN MEDICAL CENTER"
"430098","46102","PINE RIDGE IHS HOSPITAL"
"430099","46103","REHAB & CRITICAL CARE HOSPITAL OF THE BLACK HILLS"
"430779","46009","LANDMANN JUNGMAN MEMORIAL HOSPITAL CORPORATION"
"431300","46079","MADISON REGIONAL HEALTH SYSTEM"
"431301","46049","FAULKTON AREA MEDICAL CENTER"
"431302","46107","AVERA MISSOURI RIVER HEALTH CENTER"
"431303","46105","FIVE COUNTIES HOSPITAL - CRITICAL ACCESS HOSPITAL"
"431304","46019","BELLE FOURCHE HEALTH CARE CENTER-RPCH"
"431305","46043","DOUGLAS COUNTY MEMORIAL HOSPITAL-CAH"
"431306","46023","PLATTE HEALTH CENTER"
"431307","46039","SANFORD CLEAR LAKE MEDICAL CENTER"
"431308","46089","EUREKA COMMUNITY HEALTH SERVICES - CAH"
"431309","46053","COMMUNITY MEMORIAL HOSPITAL"
"431310","46101","AVERA FLANDREAU HOSPITAL - CAH"
"431311","46037","SANFORD WEBSTER MEDICAL CENTER"
"431312","46091","MARSHALL COUNTY HEALTHCARE CENTER - CAH"
"431313","46067","FREEMAN MEDICAL CENTER - CAH"
"431314","46007","BENNETT COUNTY HOSPITAL AND NURSING HOME - CAH"
"431315","46023","WAGNER COMMUNITY MEMORIAL HOSPITAL - CAH"
"431316","46115","COMMUNITY MEMORIAL HOSPITAL"
"431317","46009","LANDMANN-JUNGMAN MEMORIAL HOSPITAL - CAH"
"431318","46045","BOWDLE HOSPITAL - CAH"
"431319","46055","HANS P PETERSON MEMORIAL HOSPITAL - CAH"
"431320","46081","MONUMENT HEALTH LEAD-DEADWOOD HOSPITAL"
"431321","46093","MONUMENT HEALTH STURGIS HOSPITAL"
"431322","46047","FALL RIVER HOSPITAL - CAH"
"431323","46033","MONUMENT HEALTH CUSTER HOSPITAL"
"431324","46073","AVERA WESKOTA MEMORIAL MEDICAL CENTER - CAH"
"431325","46129","MOBRIDGE REGIONAL HOSPITAL - CAH"
"431326","46051","MILBANK AREA HOSPITAL/AVERA HEALTH"
"431327","46009","ST MICHAEL'S HOSPITAL - CAH"
"431328","46125","PIONEER MEMORIAL HOSPITAL - CAH"
"431329","46015","SANFORD CHAMBERLAIN MEDICAL CENTER"
"431330","46067","AVERA ST BENEDICT HEALTH CENTER - CAH"
"431331","46099","AVERA DELLS AREA HOSPITAL  - CAH"
"431332","46077","AVERA DE SMET MEMORIAL HOSPITAL - CAH"
"431333","46083","SANFORD CANTON-INWOOD MEDICAL CENTER - CAH"
"431334","46123","WINNER REGIONAL HEALTHCARE CENTER - CAH"
"431335","46005","HURON REGIONAL MEDICAL CENTER"
"431336","46027","SANFORD VERMILLION MEDICAL CENTER"
"431337","46059","AVERA HAND COUNTY MEMORIAL HOSPITAL AND CLINIC"
"431338","46053","AVERA GREGORY HOSPITAL"
"431339","46109","COTEAU DES PRAIRIES HEALTH CARE SYSTEM"
"431340","46035","AVERA QUEEN OF PEACE"
"431383","46041","EAGLE BUTTE INDIAN HEALTH SERVICE HOSPITAL"
"432001","46103","BLACK HILLS REHABILITATION HOSPITAL"
"432002","46099","SELECT SPECIALTY HOSPITAL - SOUTH DAKOTA"
"432003","46103","REHAB & CRITICAL CARE HOSPITAL OF THE BLACK HILLS"
"433025","46103","BLACK HILLS REHAB HOSP"
"433026","46099","INTENSIVA HOSPITAL OF SIOUX FALLS"
"433027","46099","ENCOMPASS HEALTH REHAB HOSPITAL OF SIOUX FALLS"
"433300","46099","LIFESCAPE"
"434002","46135","SD HUMAN SERVICES CTR-ADMIN BLDG"
"434003","46135","SOUTH DAKOTA HUMAN SERVICES CENTER"
"434004","46099","CHARTER SF BEHAVIORAL HEALTH SYSTEM"
"439801","46099","SANFORD USD MEDICAL CENTER"
"439802","46099","AVERA MCKENNAN TRANSPLANT INSTITUTE"
"440001","47171","UNICOI COUNTY  HOSPITAL"
"440002","47113","JACKSON-MADISON COUNTY GENERAL HOSPITAL"
"440003","47165","HIGHPOINT HEALTH-SUMNER WITH ASCENSION SAINT THOMA"
"440005","47051","EMERALD HODGSON HOSPITAL"
"440006","47037","TRISTAR SKYLINE MEDICAL CENTER"
"440007","47031","UNITY MEDICAL CENTER"
"440008","47077","HENDERSON COUNTY COMMUNITY HOSPITAL"
"440009","47035","CUMBERLAND MEDICAL CENTER"
"440010","47181","WAYNE MEDICAL CENTER"
"440011","47009","BLOUNT MEMORIAL HOSPITAL"
"440012","47163","BRISTOL REGIONAL MEDICAL CENTER"
"440014","47081","(CLOSED) BAPTIST HICKMAN COMMUNITY HOSPITAL"
"440015","47093","UNIVERSITY OF TN MEDICAL CENTER (THE)"
"440016","47017","BAPTIST MEMORIAL HOSPITAL - CARROLL COUNTY"
"440017","47163","HOLSTON VALLEY MEDICAL CENTER"
"440018","47019","SYCAMORE SHOALS HOSPITAL"
"440019","47093","BAPTIST HOSPITAL OF EAST TENNESSEE"
"440020","47055","SOUTHERN TENNESSEE REGIONAL HEALTH SYSTEM PULASKI"
"440022","47145","(CLOSED) BAPTIST HOSPITAL OF ROANE COUNTY"
"440023","47143","(CLOSED) RHEA MEDICAL CENTER"
"440024","47011","(CLOSED) SKYRIDGE MEDICAL CENTER"
"440025","47059","LAUGHLIN MEMORIAL HOSPITAL, INC"
"440026","47037","(CLOSED) NASHVILLE REHAB HOSPITAL"
"440028","47163","KINGSPORT HOSP"
"440029","47187","WILLIAMSON MEDICAL CENTER"
"440030","47063","MORRISTOWN HAMBLEN HOSPITAL ASSOCIATION"
"440031","47145","ROANE MEDICAL CENTER"
"440032","47073","HAWKINS COUNTY MEMORIAL HOSPITAL"
"440033","47013","TENNOVA HEALTHCARE LAFOLLETTE MEDICAL CENTER"
"440034","47001","METHODIST MEDICAL CENTER OF OAK RIDGE"
"440035","47125","VANDERBILT CLARKSVILLE HOSPITAL"
"440038","47177","WARREN REGIONAL HOSPITAL"
"440039","47037","VANDERBILT UNIVERSITY MEDICAL CENTER"
"440040","47135","PERRY COMMUNITY HOSPITAL"
"440041","47139","(CLOSED) COPPER BASIN MEDICAL CENTER"
"440046","47043","TRISTAR HORIZON MEDICAL CENTER"
"440047","47053","(CLOSED) GIBSON GENERAL HOSPITAL"
"440048","47157","BAPTIST MEMORIAL HOSPITAL"
"440049","47157","METHODIST HOSPITALS OF MEMPHIS"
"440050","47059","GREENEVILLE COMMUNITY HOSPITAL"
"440051","47109","TENNOVA HEALTHCARE-MCNAIRY REGIONAL"
"440052","47151","SCOTT COUNTY HOSPITAL"
"440053","47149","ASCENSION SAINT THOMAS RUTHERFORD HOSPITAL"
"440054","47107","STARR REGIONAL MEDICAL CENTER ETOWAH"
"440055","47041","DOCTORS HOSPITAL"
"440056","47089","TENNOVA HEALTHCARE JEFFERSON MEMORIAL HOSPITAL"
"440057","47025","CLAIBORNE MEDICAL CENTER"
"440058","47051","SOUTHERN TENNESSEE REGIONAL HEALTH SYSTEM WINCHEST"
"440059","47141","COOKEVILLE REGIONAL MEDICAL CENTER"
"440060","47053","WEST TENNESSEE HEALTHCARE MILAN HOSPITAL"
"440061","47183","WEST TENNESSEE HEALTHCARE VOLUNTEER HOSPITAL"
"440063","47179","JOHNSON CITY MEDICAL CENTER"
"440064","47115","(CLOSED) GRANDVIEW MEDICAL CENTER"
"440065","47147","TRISTAR NORTHCREST MEDICAL CENTER"
"440067","47063","LAKEWAY REGIONAL HOSPITAL"
"440068","47107","STARR REGIONAL MEDICAL CENTER ATHENS"
"440069","47037","GEORGE W HUBBARD HOSPITAL MEHARRY MED"
"440070","47039","DECATUR COUNTY GENERAL HOSPITAL"
"440071","47157","(CLOSED) ST JOSEPH HOSPITAL"
"440072","47045","WEST TENNESSEE HEALTHCARE DYERSBURG HOSPITAL"
"440073","47119","MAURY REGIONAL HOSPITAL"
"440074","47153","SEQUATCHIE GENERAL HOSPITAL"
"440078","47111","(CLOSED) MACON COUNTY GENERAL HOSPITAL"
"440079","47067","HANCOCK COUNTY HOSPITAL"
"440081","47155","LECONTE MEDICAL CENTER"
"440082","47037","ASCENSION SAINT THOMAS HOSPITAL"
"440083","47049","JAMESTOWN REGIONAL MEDICAL CENTER"
"440084","47123","SWEETWATER HOSPITAL ASSOCIATION"
"440086","47099","WEATHERS HOSP"
"440087","47087","(CLOSED) JACKSON COUNTY HOSPITAL"
"440090","47115","(CLOSED) COLUMBIA WHITWELL MEDICAL CENTER INC"
"440091","47065","MEMORIAL HEALTHCARE SYSTEM, INC"
"440095","47165","HIGHLAND HOSPITAL"
"440100","47085","(CLOSED) THREE RIVERS HOSPITAL"
"440101","47061","GRUNDY CO GENERAL HOSP"
"440102","47103","LINCOLN MEDICAL CENTER"
"440103","47065","(CLOSED) NORTH PARK HOSPITAL"
"440104","47065","ERLANGER HEALTH SYSTEM"
"440105","47179","JOHNSON CITY SPECIALTY HOSPITAL"
"440109","47071","HARDIN MEDICAL CENTER"
"440110","47105","FORT LOUDON MEDICAL CENTER"
"440111","47037","METRO NASHVILLE GENERAL HOSPITAL"
"440113","47099","SCOTT MEMORIAL HOSPITAL"
"440114","47097","(CLOSED) BAPTIST MEMORIAL HOSPITAL LAUDERDALE"
"440115","47053","HUMBOLDT GENERAL HOSPITAL INC"
"440117","47001","ST MARYS NORTH HOSPITAL"
"440120","47093","TENNOVA HEALTHCARE NORTH KNOXVILLE MEDICAL CENTER"
"440121","47065","VENCORE HOSPITAL CHATTANOOGA"
"440125","47093","FORT SANDERS REGIONAL MEDICAL CENTER"
"440128","47093","LAKESHORE MENTAL HEALTH INSTITUTE"
"440130","47131","BAPTIST MEMORIAL HOSPITAL UNION CITY"
"440131","47167","BAPTIST MEMORIAL HOSPITAL TIPTON"
"440132","47079","WEST TENNESSEE HEALTHCARE HENRY COUNTY HOSPITAL"
"440133","47037","SAINT THOMAS MIDTOWN HOSPITAL"
"440134","47149","SMYRNA HOSPITAL INC"
"440135","47037","(CLOSED) SKYLINE MADISON CAMPUS"
"440136","47189","MCFARLAND HOSPITAL"
"440137","47003","VANDERBILT BEDFORD HOSPITAL"
"44013F","47157","VETERANS AFFAIRS MEDICAL CENTER"
"440141","47027","CUMBERLAND RIVER HOSPITAL"
"440142","47159","(CLOSED) RIVERVIEW REGIONAL MEDICAL CENTER SOUTH"
"440143","47117","(CLOSED) MARSHALL MEDICAL CENTER"
"440144","47031","VANDERBILT TULLAHOMA-HARTON HOSPITAL"
"440145","47005","(CLOSED) CAMDEN GENERAL HOSPITAL"
"440146","47093","(CLOSED) FHC OAKWOOD"
"440147","47157","(CLOSED) BAPTIST REHABILITATION GERMANTOWN"
"440148","47041","ASCENSION SAINT THOMAS DEKALB"
"440149","47083","(CLOSED) TRINITY HOSPITAL"
"440150","47037","TRISTAR SUMMIT MEDICAL CENTER"
"440151","47177","ASCENSION SAINT THOMAS RIVER PARK HOSPITAL"
"440152","47157","REGIONAL ONE HEALTH"
"440153","47029","TENNOVA HEALTHCARE - NEWPORT MEDICAL CENTER"
"440154","47069","WESTERN MENTAL HEALTH INSTITUTE"
"440156","47065","PARKRIDGE MEDICAL CENTER"
"440157","47007","(CLOSED) BLEDSOE COUNTY HOSPITAL"
"440159","47157","DELTA SPECIALTY HOSPITAL"
"440160","47101","LEWIS COUNTY HOSPITAL"
"440161","47037","TRISTAR CENTENNIAL MEDICAL CENTER"
"440162","47065","(CLOSED) HEALTHSOUTH CHATTANOOGA REHAB HOSPITAL"
"440166","47157","(CLOSED) UNIVERSITY OF TENNESSEE BOWLD HOSPITAL"
"440167","47037","WEST SIDE HOSPITAL"
"440168","47047","METHODIST HEALTHCARE FAYETTE HOSPITAL"
"44016F","47179","JAMES H QUILLEN VA MEDICAL CENTER"
"440170","47157","GERMANTOWN COMMUNITY HOSPITAL"
"440171","47091","JOHNSON COUNTY MEMORIAL HOSPITAL"
"440173","47093","PARKWEST MEDICAL CENTER"
"440174","47075","(CLOSED) HAYWOOD PARK COMMUNITY HOSPITAL"
"440175","47099","SOUTHERN TENNESSEE REGIONAL HEALTH SYSTEM LAWRENCE"
"440176","47163","INDIAN PATH COMMUNITY HOSPITAL"
"440177","47053","FORUM HOSPITAL TRENTON"
"440178","47065","(CLOSED) COLUMIBA EAST RIDGE HOSP"
"44017F","47149","TN VALLEY HEALTHCARE SYSTEM ALVIN C YORK"
"440180","47013","JELLICO REGIONAL HOSPITAL, LLC"
"440181","47069","BOLIVAR GENERAL HOSPITAL"
"440182","47017","MCKENZIE REGIONAL HOSPITAL"
"440183","47157","ST FRANCIS HOSPITAL"
"440184","47179","FRANKLIN WOODS COMMUNITY HOSPITAL"
"440185","47011","BRADLEY MEDICAL CENTER"
"440186","47159","(CLOSED) RIVERVIEW REGIONAL MEDICAL CENTER NORTH"
"440187","47133","LIVINGSTON REGIONAL HOSPITAL"
"440188","47093","EAST TENNESSEE CHILDRENS HOSP-"
"440189","47113","TENNOVA HEALTHCARE-REGIONAL JACKSON"
"44018F","47037","TN VALLEY HEALTHCARE SYSTEM NASHVILLE"
"440191","47065","RIVERCHASE HOSPITAL"
"440192","47185","SAINT THOMAS HIGHLANDS HOSPITAL"
"440193","47189","VANDERBILT WILSON COUNTY HOSPITAL"
"440194","47165","TRISTAR HENDERSONVILLE MEDICAL CENTER"
"440196","47169","(CLOSED) TROUSDALE MEDICAL CENTER"
"440197","47037","TRISTAR SOUTHERN HILLS MEDICAL CENTER"
"440200","47015","ASCENSION SAINT THOMAS STONES RIVER HOSPITAL"
"440202","47157","B'NAI B'RITH HOME & HOSP FOR THE AGED"
"440203","47031","(CLOSED) MEDICAL CENTER OF MANCHESTER"
"440204","47037","NASHVILLE METRO BORDEUX HOSPITAL"
"440205","47021","(CLOSED) COLUMBIA CHEATHAM MEDICAL CENTER"
"440206","47091","(CLOSED) JOHNSON COUNTY HOSPITAL INC"
"440208","47157","BAPTIST MEMORIAL RESTORATIVE CARE HOSP"
"440209","47037","AMERICAN TRANSITIONAL HOSP MIDDLE TN"
"440210","47065","(CLOSED) WOMEN'S EAST PAVILION"
"440212","47157","METHODIST ALLIANCE EXTENDED CARE HOSP"
"440213","47157","SELECT SPECIALTY HOSPITAL MEMPHIS"
"440214","47093","INTENSIVA HOSPITAL OF KNOXVILLE"
"440215","47093","SELECT SPECIALTY HOSPITAL-KNOXVILLE"
"440216","47087","(CLOSED) JACKSON COUNTY HOSPITAL"
"440217","47157","(CLOSED) BAPTIST MEMORIAL HOSPITAL-COLLIERVILLE"
"440218","47037","SAINT THOMAS HOSPITAL FOR SPECIALTY SURGERY"
"440219","47169","(CLOSED) TROUSDALE MEDICAL CENTER"
"440220","47163","(CLOSED) SELECT SPECIALTY HOSPITAL-TRICITIES"
"440221","47091","(CLOSED) JOHNSON COUNTY HEALTH CENTER"
"440222","47157","BAPTIST MEMORIAL HOSPITAL FOR WOMEN"
"440223","47149","(CLOSED) BAPTIST WOMENS TREATMENT CTR MURFREESBORO"
"440224","47037","(CLOSED) BAPTIST WOMEN'S TREATMENT CENTER"
"440225","47093","(CLOSED) BAPTIST HOSPITAL FOR WOMEN"
"440226","47093","BAPTIST HOSPITAL WEST"
"440227","47149","TRISTAR STONECREST MEDICAL CENTER"
"440228","47157","SAINT FRANCIS BARTLETT MEDICAL CENTER"
"440229","47125","(CLOSED) BEHAVIORAL HEALTHCARE CENTER AT CLARK"
"440230","47119","BEHAVIORAL HEALTHCARE CENTER AT COLUMBIA"
"440231","47149","TRUSTPOINT HOSPITAL"
"440232","47083","HOUSTON COUNTY COMMUNITY HOSPITAL"
"440233","47151","PIONEER COMMUNITY HOSPITAL OF SCOTT"
"440234","47157","REGIONAL ONE HEALTH EXTENDED CARE HOSPITAL"
"440235","47151","BIG SOUTH FORK MEDICAL CENTER"
"440236","47027","CUMBERLAND RIVER HOSPITAL"
"440237","47157","CAMPBELL CLINIC SURGERY CENTER, LLC"
"440238","47075","HAYWOOD COUNTY COMMUNITY HOSPITAL"
"440239","47113","SELECT SPECIALTY HOSPITAL - WEST TENNESSEE"
"440779","47021","TRISTAR ASHLAND CITY MEDICAL CENTER"
"440780","47181","WAYNE MEDICAL CENTER"
"441300","47081","ASCENSION SAINT THOMAS HICKMAN"
"441301","47169","HIGHPOINT HEALTH-TROUSDALE WITH ASCENSION SAINT"
"441302","47007","(CLOSED) BLEDSOE COMMUNITY MEDICAL CENTER"
"441303","47085","ASCENSION SAINT THOMAS THREE RIVERS"
"441304","47091","JOHNSON COUNTY COMMUNITY HOSPITAL"
"441305","47111","MACON COMMUNITY HOSPITAL"
"441306","47007","ERLANGER BLEDSOE HOSPITAL"
"441307","47159","HIGHPOINT HEALTH-RIVERVIEW WITH ASCENSION SAINT TH"
"441308","47031","MEDICAL CENTER OF MANCHESTER"
"441309","47117","MARSHALL MEDICAL CENTER"
"441310","47143","RHEA MEDICAL CENTER"
"441311","47021","TRISTAR ASHLAND CITY MEDICAL CENTER"
"441312","47083","PATIENTS' CHOICE MEDICAL CENTER OF ERIN"
"441313","47067","HANCOCK COUNTY HOSPITAL"
"441314","47097","LAUDERDALE COMMUNITY HOSPITAL"
"441315","47139","COPPER BASIN MEDICAL CENTER"
"441316","47005","WEST TENNESSEE HEALTHCARE CAMDEN HOSPITAL"
"441317","47151","SCOTT COUNTY HOSPITAL"
"441318","47151","PIONEER COMMUNITY HOSPITAL OF SCOTT"
"441319","47027","CUMBERLAND RIVER HOSPITAL"
"441320","47069","WEST TENNESSEE HEALTHCARE BOLIVAR HOSPITAL"
"441322","47083","HOUSTON COUNTY COMMUNITY HOSPITAL"
"441323","47151","BIG SOUTH FORK MEDICAL CENTER"
"441324","47013","JELLICO REGIONAL HOSPITAL, LLC"
"441325","47135","PERRY COMMUNITY HOSPITAL"
"442003","47037","NASHVILLE METROPOLITAN BORDEAUX HOSP"
"442006","47037","CURAHEALTH NASHVILLE"
"442007","47065","KINDRED HOSPITAL - CHATTANOOGA"
"442008","47157","BAPTIST MEMORIAL RESTORATIVE CARE HOSP"
"442010","47157","SELECT SPECIALTY HOSPITAL- MEMPHIS EAST"
"442011","47037","SELECT SPECIALTY HOSPITAL-NASHVILLE"
"442012","47093","SELECT SPECIALTY HOSPITAL-KNOXVILLE"
"442013","47157","METHODIST EXTENDED CARE HOSPITAL"
"442014","47157","SELECT SPECIALTY HOSPITAL MEMPHIS"
"442015","47093","SELECT SPECIALTY HOSPITAL-NORTH KNOXVILLE"
"442016","47163","SELECT SPECIALTY HOSPITAL-TRICITIES"
"442017","47157","REGIONAL ONE HEALTH EXTENDED CARE HOSPITAL"
"442018","47113","SELECT SPECIALTY HOSPITAL - WEST TENNESSEE"
"443025","47065","SISKIN HOSPITAL FOR PHYSICAL REHABILITATION"
"443026","47179","(CLOSED) JAMES H & CECILE C QUILLEN REHAB HOSP"
"443027","47163","REHABILITATION HOSPITAL OF KINGSPORT, A JOINT VENT"
"443028","47037","VANDERBILT STALLWORTH REHAB HOSPITAL"
"443029","47157","ENCOMPASS HEALTH REHABILITIATION HOSPITAL OF MEMPH"
"443030","47183","WEST TENNESSEE HEALTHCARE REHABILITATION HOSPITAL"
"443031","47157","ENCOMPASS HEALTH METHODIST REHABILITATION HOSPITAL"
"443032","47065","ENCOMPASS HEALTH REHABILITATION HOSPITAL OF CHATTA"
"443033","47179","QUILLEN REHABILITATION HOSPITAL, AJV OF BALLAD HLT"
"443034","47157","BAPTIST MEMORIAL REHABILITATION HOSPITAL"
"443035","47187","ENCOMPASS HEALTH REHABILITATION HOSPITAL OF FRANKL"
"443036","47113","WEST TENNESSEE HEALTHCARE REHABILITATION HOSPTIAL"
"443037","47093","KNOXVILLE REHABILITATION HOSPITAL"
"443038","47037","ASCENSION SAINT THOMAS REHABILITATION HOSPITAL"
"443039","47093","PATRICIA NEAL REHABILITATION HOSPITAL"
"443300","47065","METROPOLITAN HOSP"
"443301","47157","(CLOSED) LEBONHEUR CHILDRENS HOSP"
"443302","47157","ST JUDE CHILDRENS RESEARCH HOSPITAL"
"443303","47093","EAST TENNESSEE CHILDRENS HOSPITAL"
"444000","47093","LAKESHORE MENTAL HEALTH INSTITUTE"
"444001","47157","MEMPHIS MENTAL HEALTH INSTITUTE"
"444002","47065","MOCCASSIN BEND MENTAL HEALTH INSTITUTE"
"444003","47001","RIDGEVIEW PSYCHIATRIC HOSPITAL AND CENTER"
"444004","47157","LAKESIDE BEHAVIORAL HEALTH SYSTEM"
"444005","47183","UNITY PSYCHIATRIC CARE-MARTIN"
"444006","47179","(CLOSED) WOODRIDGE HOSPITAL"
"444007","47187","ROLLING HILLS PSYCHIATRIC HOSPITAL"
"444008","47069","WESTERN MENTAL HEALTH INSTITUTE"
"444009","47037","MIDDLE TN MENTAL HLTH INSTITUTE"
"444010","47113","PATHWAYS OF TENNESSEE, INC"
"444011","47065","(CLOSED) COLUMBIA VALLEY PSYCHIATRIC HOSP"
"444012","47163","(CLOSED) INDIAN PATH PAVILION"
"444013","47037","(CLOSED) FHC NASHVILLE"
"444014","47037","MIDDLE TN MENTAL HEALTH INSTITUTE"
"444015","47157","(CLOSED) UTMG BEHAVIORAL HEALTH CENTER INC"
"444016","47065","(CLOSED) CUMBERLAND HALL PSYCHIATRIC HOSPITAL"
"444017","47009","(CLOSED) PENINSULA HOSPITAL"
"444018","47037","(CLOSED) PSYCHIATRIC HOSPITAL AT VANDERBILT,THE"
"444019","47125","UNITY PSYCHIATRIC CARE-CLARKSVILLE"
"444020","47157","(CLOSED) COMMUNITY BEHAVIORAL HEALTH LLC"
"444021","47119","UNITY PSYCHIATRIC CARE-COLUMBIA"
"444022","47141","TEN BROECK TENNESSEE"
"444023","47113","PERIMETER BEHAVIORAL CENTER OF JACKSON"
"444024","47157","UNITY PSYCHIATRIC CARE-MEMPHIS"
"444025","47157","CRESTWYN BEHAVIORAL HEALTH"
"444026","47065","ERLANGER BEHAVIORAL HOSPITAL, LLC"
"444027","47163","CREEKSIDE BEHAVIORAL HEALTH"
"444028","47001","BEHAVIORAL HEALTH OF ROCKY TOP, LLC"
"444029","47119","PINEWOOD SPRINGS"
"444030","47037","ASCENSION SAINT THOMAS BEHAVIORAL HEALTH HOSPITAL"
"444031","47093","KNOXVILLE CENTER FOR BEHAVIORAL MEDICINE"
"444032","47093","EAST TENNESSEE BEHAVIORAL HEALTH"
"444033","47157","COMPASS INTERVENTION CENTER"
"449800","47093","UNIVERSITY OF TN TRANSPLANT CENTER AT KNOXVILLE"
"449801","47179","(CLOSED) JOHNSON CITY MEDICAL TRANSPLANT CENTER"
"449802","47037","VANDERBILT UNIVERSITY TRANSPLANT CENTER"
"449803","47157","BAPTIST MEMORIAL HOSPITAL TRANSPLANT CENTER"
"449804","47037","CENTENNIAL MEDICAL TRANSPLANT CENTER"
"449805","47157","LEBONHEUR CHILDREN'S MEDICAL TRANSPLANT CENTER"
"449806","47157","METHODIST HC TRANSPLANT"
"449807","47065","ERLANGER REGIONAL KIDNEY TRANSPLANT"
"449808","47037","ST THOMAS HOSPITAL TRANSPLANT"
"450002","48141","THE HOSPITALS OF PROVIDENCE MEMORIAL CAMPUS"
"450004","48067","LINDEN MUNICIPAL HOSPITAL"
"450005","48361","MEMORIAL HERMANN BAPTIST ORANGE HOSPITAL"
"450007","48265","PETERSON REGIONAL MEDICAL CENTER"
"450008","48027","CHILDREN'S HOSPITAL -SCOTT & WHITE HEALTHCARE"
"450010","48485","UNITED REGIONAL HEALTH CARE SYSTEM"
"450011","48041","CHI ST JOSEPH HEALTH REGIONAL HOSPITAL"
"450013","48141","LANDMARK MEDICAL CENTER"
"450014","48057","MEMORIAL MEDICAL CENTER"
"450015","48113","PARKLAND HEALTH AND HOSPITAL SYSTEM"
"450016","48215","MCALLEN MEDICAL CENTER"
"450018","48167","UNIVERSITY OF TEXAS MEDICAL BRANCH"
"450019","48141","SOUTHWESTERN GENERAL HOSPITAL"
"450020","48491","JOHNS COMMUNITY HOSPITAL"
"450021","48113","BAYLOR UNIVERSITY MEDICAL CENTER"
"450022","48495","MEMORIAL HOSPITAL"
"450023","48469","CITIZENS MEDICAL CENTER"
"450024","48141","UNIVERSITY MEDICAL CENTER OF EL PASO"
"450025","48485","BETHANIA REGIONAL HEALTH CARE CENTER"
"450027","48201","GULF COAST HOSPITAL"
"450028","48061","VALLEY BAPTIST MEDICAL CENTER- BROWNSVILLE"
"450029","48479","LAREDO MEDICAL CENTER"
"450031","48113","MEDICAL CENTER OF MESQUITE,THE"
"450032","48183","CHRISTUS GOOD SHEPHERD MEDICAL CENTER"
"450033","48061","VHS HARLINGEN HOSPITAL COMPANY LLC"
"450034","48245","CHRISTUS SOUTHEAST TEXAS- ST ELIZABETH"
"450035","48201","ST JOSEPH MEDICAL CENTER"
"450037","48183","CHRISTUS GOOD SHEPHERD MEDICAL CENTER- LONGVIEW"
"450039","48439","JPS HEALTH NETWORK"
"450040","48303","COVENANT MEDICAL CENTER"
"450041","48281","CLC ROLLINS BROOK HOSPITAL INC"
"450042","48309","ASCENSION PROVIDENCE"
"450043","48439","ST JOSEPH HOSPITAL"
"450044","48113","UT SOUTHWESTERN UNIVERSITY HOSPITAL"
"450045","48029","KING WILLIAM HEALTH CARE CENTER"
"450046","48355","CHRISTUS SPOHN HOSPITAL CORPUS CHRISTI"
"450047","48061","DOLLY VINSANT MEMORIAL HOSPITAL"
"450048","48331","ST EDWARD HOSPITAL"
"450050","48475","WARD MEMORIAL HOSPITAL"
"450051","48113","METHODIST DALLAS MEDICAL CENTER"
"450052","48035","GOODALL WITCHER HOSPITAL"
"450053","48285","LAVACA MEDICAL CENTER"
"450054","48027","BAYLOR SCOTT & WHITE MEDICAL  CENTER - TEMPLE"
"450055","48353","ROLLING PLAINS MEMORIAL HOSPITAL"
"450056","48453","ASCENSION SETON MEDICAL CENTER AUSTIN"
"450057","48303","WEST TEXAS HOSPITAL"
"450058","48029","BAPTIST MEDICAL CENTER"
"450059","48091","CHRISTUS SANTA ROSA HOSPITAL NEW BRAUNFELS"
"450060","48201","WESTBURY HOSPITAL"
"450063","48369","PARMER COUNTY COMMUNITY HOSPITAL INC"
"450064","48439","TEXAS HEALTH ARLINGTON MEMORIAL HOSPITAL"
"450065","48039","SWEENY COMMUNITY HOSPITAL"
"450066","48113","GASTON EPISCOPAL HOSPITAL"
"450068","48201","MEMORIAL HERMANN TEXAS MEDICAL CENTER"
"450069","48439","CONTINENTAL HOSPITAL BOULEVARD"
"450070","48459","GILMER MEDICAL CENTER"
"450072","48039","CHI ST LUKE'S HEALTH BRAZOSPORT"
"450073","48415","COGDELL MEMORIAL HOSPITAL"
"450074","48355","SOUTHSIDE HEALTH CENTER"
"450076","48201","UNIVERSITY OF TEXAS M D ANDERSON CANCER CENTER"
"450077","48163","WINTER GARDEN MED CENTER HOSPITAL"
"450078","48253","ANSON GENERAL HOSPITAL"
"450079","48113","BAYLOR SCOTT AND WHITE MEDICAL CENTER  IRVING"
"450080","48449","TITUS REGIONAL MEDICAL CENTER"
"450081","48123","YOAKUM COMMUNITY HOSPITAL"
"450082","48025","CHRISTUS SPOHN HOSPITAL BEEVILLE"
"450083","48423","UT HEALTH EAST TEXAS TYLER REGIONAL HOSPITAL"
"450084","48233","GOLDEN PLAINS COMMUNITY HOSPITAL"
"450085","48503","GRAHAM REGIONAL MEDICAL CENTER"
"450087","48439","MEDICAL CITY NORTH HILLS"
"450090","48097","NORTH TEXAS MEDICAL CENTER"
"450092","48323","FORT DUNCAN MEDICAL CENTER"
"450093","48259","COMFORT COMMUNITY HOSP"
"450094","48113","DALLAS SOUTHWEST MEDICAL CENTER"
"450095","48113","DALLAS MEDICAL AND SURGICAL HOSPITAL"
"450096","48245","CHRISTUS ST MARY HOSPITAL"
"450097","48201","HCA HOUSTON HEALTHCARE SOUTHEAST"
"450098","48063","EAST TEXAS MEDICAL CENTER PITTSBURG"
"450099","48179","PAMPA REGIONAL MEDICAL CENTER"
"450101","48309","BAYLOR SCOTT & WHITE MEDICAL CENTER - HILLCREST"
"450102","48423","CHRISTUS MOTHER FRANCES HOSPITAL"
"450104","48187","GUADALUPE REGIONAL MEDICAL CENTER"
"450107","48141","LAS PALMAS MEDICAL CENTER A CAMPUS OF LPDS HEALTHC"
"450108","48493","CONNALLY MEMORIAL MEDICAL CENTER"
"450109","48097","MUENSTER MEMORIAL HOSPITAL"
"450110","48303","SOUTH PARK HOSPITAL & MEDICAL CENTER"
"450111","48201","MEMORIAL HOSPITAL PADADENA"
"450112","48277","MCCUISTION REGIONAL MEDICAL CENTER"
"450113","48001","PALESTINE REG MED CTR"
"450115","48183","MEDICAL CENTER-GLADEWATER"
"450116","48453","SETON HOLY CROSS"
"450118","48355","COLUMBIA DOCTORS REGIONAL MED CENTER"
"450119","48215","SOUTH TEXAS HEALTH SYSTEM BEHAVIORAL"
"450121","48439","OSTEOPATHIC MEDICAL CENTER OF TEXAS"
"450122","48331","MILAM REGIONAL MEDICAL CENTER"
"450123","48245","RENAISSANCE HOSPITAL GROVES"
"450124","48453","DELL SETON  MED CENTER AT THE UNIVERSITY OF TX"
"450126","48201","EAST HOUSTON REGIONAL MEDICAL CENTER"
"450127","48287","LEE MEMORIAL HOSPITAL"
"450128","48215","KNAPP MEDICAL CENTER"
"450129","48303","MERCY HOSP"
"450130","48029","NIX HEALTH CARE SYSTEM"
"450131","48355","NORTHWEST REGIONAL HOSPITAL"
"450132","48135","MEDICAL CENTER HOSPITAL"
"450133","48329","MIDLAND MEMORIAL HOSPITAL"
"450134","48303","OAKWOOD FAMILY HOSPITAL"
"450135","48439","TEXAS HEALTH HARRIS METHODIST FORT WORTH"
"450136","48113","SHILOH PARK HOSPITAL"
"450137","48439","BAYLOR SCOTT AND WHITE ALL SAINTS MEDICAL CENTER"
"450140","48103","CRANE MEMORIAL HOSPITAL"
"450141","48193","HICO HOSPITAL"
"450142","48439","COLUMBIA HEB HOSPIAL"
"450143","48021","ASCENSION SETON SMITHVILLE"
"450144","48003","PERMIAN REGIONAL MEDICAL CENTER ANDREWS COUNTY HO"
"450145","48391","REFUGIO COUNTY MEMORIAL HOSP DISTRICT"
"450146","48195","HANSFORD HOSPITAL"
"450147","48469","DETAR HEALTHCARE SYSTEM"
"450148","48251","TEXAS HEALTH HARRIS METHODIST HOSPITAL CLEBURNE"
"450149","48113","DALLAS/FORT WORTH MEDICAL CENTER"
"450150","48043","BIG BEND REGIONAL MEDICAL CENTER"
"450151","48149","FAYETTE MEMORIAL HOSPITAL"
"450152","48027","ADVENTHEALTH CENTRAL TEXAS"
"450153","48355","CHRISTUS SPOHN HOSPITAL SHORELINE"
"450154","48465","VAL VERDE REGIONAL MEDICAL CENTER"
"450155","48117","HEREFORD REGIONAL MEDICAL CENTER"
"450157","48503","HAMILTON HOSPITAL"
"450160","48165","MEMORIAL HOSPITAL (451358)"
"450162","48303","GRACE SURGICAL HOSPITAL"
"450163","48273","CHRISTUS SPOHN HOSPITAL KLEBERG"
"450164","48071","BAYSIDE COMMUNITY HOSPITAL"
"450165","48013","METHODIST HOSPITAL | ATASCOSA"
"450166","48435","LILLIAN M HUDSPETH MEMORIAL HOSPITAL"
"450169","48417","SHACKELFORD COUNTY HOSPITAL DISTRICT"
"450170","48399","NORTH RUNNELS HOSPITAL"
"450174","48439","CONTINENTAL HOSPITAL NORTH"
"450175","48257","COLONIAL HOSPITAL INC"
"450176","48215","MISSION REGIONAL MEDICAL CENTER"
"450177","48463","UVALDE MEMORIAL HOSPITAL"
"450178","48371","PECOS COUNTY MEMORIAL HOSPITAL"
"450179","48141","VALLEY COMMUNITY HOSPITAL"
"450181","48501","YOAKUM COUNTY HOSPITAL"
"450182","48279","SOUTH PLAINS HOSPITAL CLINIC INC"
"450183","48355","CORPUS CHRISTI OSTEOPATHIC HOSPITAL"
"450184","48201","MEMORIAL HERMANN HOSPITAL SYSTEM"
"450185","48087","COLLINGSWORTH GENERAL HOSPITAL"
"450187","48477","SCOTT & WHITE HOSPITAL BRENHAM"
"450188","48387","ETMC CLARKSVILLE"
"450190","48167","ST MARYS HOSPITAL"
"450191","48491","ST DAVIDS GEORGETOWN HOSPITAL"
"450192","48217","HILL REGIONAL HOSPITAL"
"450193","48201","CHI ST LUKE'S HEALTH BAYLOR COLLEGE OF MEDICINE ME"
"450194","48073","UT HEALTH EAST TEXAS JACKSONVILLE HOSPITAL"
"450195","48167","MAINLAND CENTER HOSPITAL"
"450196","48277","PARIS REGIONAL HEALTH"
"450197","48201","PASADENA GENERAL HOSPITAL"
"450200","48037","WADLEY REGIONAL MEDICAL CENTER"
"450201","48389","REEVES COUNTY HOSPITAL DISTRICT"
"450203","48367","MEDICAL CITY WEATHERFORD"
"450206","48241","MARY E DICKERSON MEMORIAL HOSPITAL"
"450207","48113","MESQUITE PHYSICIANS HOSPITAL"
"450208","48227","HALL BENNETT MEMORIAL HOSPITAL"
"450209","48375","NORTHWEST TEXAS HOSPITAL"
"450210","48365","UT HEALTH EAST TEXAS CARTHAGE HOSPITAL"
"450211","48005","CHI ST LUKES HEALTH MEMORIAL LUFKIN"
"450213","48029","UNIVERSITY HEALTH SYSTEM"
"450214","48481","GULF COAST MEDICAL CENTER"
"450217","48191","HALL COUNTY HOSPITAL"
"450218","48083","OVERALL-MORRIS MEMORIAL HOSPITAL"
"450219","48299","BAYLOR SCOTT & WHITE MEDICAL CENTER - LLANO"
"450221","48341","MEMORIAL HOSPITAL"
"450222","48339","HCA HOUSTON HEALTHCARE CONROE"
"450224","48499","MOTHER FRANCES HOSPITAL- WINNSBORO"
"450229","48441","HENDRICK MEDICAL CENTER"
"450230","48009","ARCHER COUNTY HOSPITAL"
"450231","48375","BSA HOSPITAL"
"450233","48497","BRIDGEPORT HOSPITAL"
"450234","48093","COMANCHE COUNTY MEDICAL CENTER"
"450235","48177","MEMORIAL HOSPITAL"
"450236","48223","CHRISTUS MOTHER FRANCES HOSPITAL SULPHUR SPRINGS"
"450237","48029","CHRISTUS SANTA ROSA MEDICAL CENTER"
"450239","48099","CORYELL MEMORIAL HEALTHCARE SYSTEM"
"450241","48237","FAITH COMMUNITY HOSPITAL"
"450242","48155","FOARD COUNTY HOSPITAL DISTRICT"
"450243","48253","HAMLIN MEMORIAL HOSPITAL"
"450246","48321","PALACIOUS COMMUNITY MEDICAL CENTER"
"450248","48201","ST ELIZABETH HOSPITAL OF HOUSTON"
"450249","48197","HARDEMAN COUNTY MEMORIAL HOSPITAL"
"450250","48447","THROCKMORTON COUNTY MEM HOSPITAL"
"450253","48015","BELLVILLE MEDICAL CENTER"
"450256","48241","BUNA MEDICAL CENTER HOSPITAL"
"450258","48483","PARKVIEW HOSPITAL"
"450259","48201","DOCTORS HOSPITAL EAST LOOP"
"450261","48161","WORTHAM HOSPITAL"
"450263","48455","TRINITY MEMORIAL HOSPITAL"
"450264","48437","SWISHER MEMORIAL HOSPITAL"
"450267","48137","EDWARDS CO MEM HOSP"
"450268","48113","SOUTHWEST DALLAS HOSPITAL"
"450269","48069","PLAINS MEMORIAL HOSPITAL"
"450270","48217","LAKE WHITNEY MEDICAL CENTER"
"450271","48497","MEDICAL CITY DECATUR"
"450272","48209","CHRISTUS SANTA ROSA HOSPITAL-SAN MARCOS"
"450275","48343","DAVID GRANBERRY MEMORIAL HOSPITAL"
"450276","48077","CLAY COUNTY MEMORIAL HOSPITAL"
"450278","48197","CHILLICOTHE HOSPITAL"
"450280","48113","BAYLOR SCOTT & WHITE MEDICAL CENTER GARLAND"
"450281","48477","BOHNE MEMORIAL HOSPITAL"
"450282","48017","WEST PLAINS MEDICAL CENTER INC"
"450283","48467","COZBY GERMANY HOSPITAL"
"450284","48181","MKT RAILROAD EMPLOYEES HOSP"
"450286","48185","GRIMES ST JOSEPH HEALTH CENTER"
"450288","48093","DELEON HOSPITAL"
"450289","48201","HARRIS HEALTH"
"450292","48257","TEXAS HEALTH PRESBYTERIAN HOSPITAL KAUFMAN"
"450293","48163","FRIO REGIONAL HOSPITAL"
"450296","48291","CLEVELAND REGIONAL MEDICAL CTR"
"450297","48439","TWIN OAKS MEDICAL CENTER"
"450299","48041","CHI ST JOSEPH HEALTH COLLEGE STATION HOSPITAL"
"450300","48123","YORKTOWN MEMORIAL HOSPITAL"
"450303","48107","CROSBYTON CLINIC HOSPITAL"
"450305","48431","STERLING COUNTY HOSPITAL"
"450306","48253","STAMFORD MEMORIAL HOSPITAL"
"450307","48317","MARTIN COUNTY HOSPITAL DISTRICT"
"450309","48325","MEDINA COMMUNITY HOSPITAL"
"450311","48401","OVERTON MEDICAL CENTER"
"450312","48201","MEDICAL ARTS HOSP OF HOUSTON INC"
"450313","48141","NEWARK METHODIST HOSP"
"450315","48113","VISTA HOSPITAL OF DALLAS"
"450317","48411","SAN SABA HOSPITAL"
"450319","48035","MERIDIAN HOSPITAL"
"450320","48201","ROSEWOOD MEDICAL CENTER"
"450321","48151","FISHER COUNTY HOSPITAL DISTRICT"
"450322","48371","PECOS COUNTY GENERAL HOSPITAL"
"450324","48181","TEXOMA MEDICAL CENTER"
"450325","48381","FAMILY HOSPITAL CENTER"
"450327","48483","SHAMROCK GENERAL HOSPITAL"
"450328","48419","SHELBY GENERAL HOSPITAL"
"450330","48157","OAKBEND MEDICAL CENTER"
"450331","48439","CHERRY LANE HOSP"
"450332","48143","HARRIS METHODIST DUBLIN"
"450333","48201","SUN BELT REGIONAL MED CENTER-EAST"
"450334","48399","BALLINGER MEMORIAL HOSPITAL INC"
"450337","48073","EAST TEXAS MEDICAL CENTER RUSK"
"450338","48255","KARNES CITY HOSPITAL INC"
"450340","48451","SAN ANGELO COMMUNITY MEDICAL CENTER"
"450341","48071","MEDICAL CENTER OF WINNIE INC"
"450342","48201","OMNI HOSPITAL & MEDICAL CENTER"
"450343","48193","HAMILTON GENERAL HOSPITAL"
"450346","48245","BAPTIST BEAUMONT HOSPITAL"
"450347","48471","HUNTSVILLE MEMORIAL HOSPITAL"
"450348","48145","FALLS COMMUNITY HOSPITAL AND CLINIC"
"450349","48139","BAYLOR MEDICAL CENTER AT ENNIS"
"45034E","48067","BROOKS HOSP"
"450351","48143","TEXAS HEALTH HARRIS METHODIST HOSPITAL STEPHENVILL"
"450352","48231","HUNT REGIONAL HEALTHCARE"
"450353","48249","ALICE REGIONAL HOSPITAL"
"450355","48111","COON MEMORIAL HOSPITAL AND HOME"
"450357","48055","LOCKHART HOSPITAL"
"450358","48201","HOUSTON METHODIST HOSPITAL"
"450359","48141","NORTHPARK HOSPITAL"
"45035E","48481","TEXAS GULF SULPHUR CO HOSP"
"450362","48053","ASCENSION SETON HIGHLAND LAKES"
"450365","48113","DALLAS MEMORIAL HOSPITAL"
"450366","48201","SAM HOUSTON MEMORIAL HOSPITAL"
"450369","48075","CHILDRESS REGIONAL MEDICAL CENTER"
"450370","48089","COLUMBUS COMMUNITY HOSPITAL"
"450371","48423","DOCTORS MEMORIAL HOSPITAL"
"450372","48139","BAYLOR SCOTT & WHITE MEDICAL CENTER- WAXAHACHIE"
"450373","48159","EAST TEXAS MEDICAL CENTER MOUNT VERNON"
"450374","48079","COCHRAN MEMORIAL HOSPITAL"
"450376","48451","CONCHO VALLEY REGIONAL HOSPITAL"
"450378","48201","TWELVE OAKS MEDICAL CENTER"
"450379","48113","DALLAS MEDICAL CENTER"
"450381","48055","SETON EDGAR B DAVIS"
"450382","48499","MINEOLA GEN HOSPITAL INC"
"450388","48029","METHODIST HOSPITAL"
"450389","48213","UT HEALTH EAST TEXAS ATHENS HOSPITAL"
"450391","48113","LAKEWOOD HOSPITAL,THE"
"450393","48181","COMMUNITY SPECIALTY HOSPITAL"
"450394","48085","WESTPARK MEDICAL CENTER"
"450395","48373","CHI ST LUKES HEALTH MEMORIAL LIVINGSTON"
"450399","48445","BROWNFIELD REGIONAL MEDICAL CENTER"
"450400","48293","PARKVIEW REGIONAL HOSPITAL"
"450402","48015","BRAZOS VALLEY HOSPITAL"
"450403","48085","MEDICAL CITY MCKINNEY"
"450410","48201","TRI CITY REGIONAL HOSPITAL"
"450411","48133","EASTLAND MEMORIAL HOSPITAL"
"450415","48285","SHINER HOSPITAL INC"
"450416","48121","FLOW MEMORIAL HOSPITAL"
"450417","48291","LIBERTY DAYTON COMMUNITY HOSPITAL LC"
"450418","48201","BELLAIRE MEDICAL CENTER"
"450419","48439","TEXAS HEALTH HARRIS METHODIST HOSPITAL AZLE"
"450421","48121","DENTON OSTEOPATHIC HOSP INC"
"450422","48113","BAYLOR SCOTT AND WHITE MEDICAL CENTER UPTOWN"
"450423","48201","TWELVE OAKS HOSPITAL"
"450424","48201","HOUSTON METHODIST BAYTOWN HOSPITAL"
"450425","48423","COMMUNITY HOSPITAL OF TYLER"
"450429","48189","HI PLAINS HOSPITAL"
"450431","48453","ST DAVID'S MEDICAL CENTER"
"450438","48089","COLORADO FAYETTE MEDICAL CENTER"
"450440","48201","DEATON HOSPITAL"
"450446","48201","RIVERSIDE GENERAL HOSPITAL"
"450447","48349","NAVARRO REGIONAL HOSPITAL"
"450450","48175","GOLIAD COUNTY HOSPITAL"
"450451","48425","GLEN ROSE MEDICAL CENTER"
"450454","48145","ROSEBUD COMMUNITY HOSPITAL"
"450455","48199","HARDIN MEMORIAL HOSP"
"450457","48303","METHODIST HOSPITAL LUBBOCK"
"450458","48327","MENARD HOSPITAL"
"450459","48319","MASON MEMORIAL HOSP"
"450460","48457","TYLER COUNTY HOSPITAL"
"450462","48113","TEXAS HEALTH PRESBYTERIAN HOSPITAL  DALLAS"
"450464","48207","HASKELL MEMORIAL HOSPITAL"
"450465","48321","MATAGORDA REGIONAL MEDICAL CENTER"
"450467","48313","MADISON ST JOSEPH HEALTH CENTER"
"450469","48181","AHS SHERMAN MEDICAL CENTER"
"450472","48051","BURLESON MEMORIAL HOSPITAL"
"450473","48419","MEMORIAL HOSPITAL"
"450475","48401","UT HEALTH EAST TEXAS HENDERSON HOSPITAL"
"450476","48133","RANGER GENERAL HOSPITAL"
"450481","48225","COMMUNITY MEM HOSP"
"450484","48005","WOODLAND HEIGHTS MEDICAL CENTER"
"450486","48333","CHILDRESS GENERAL HOSPITAL"
"450488","48183","ALLEGIANCE SPECIALTY HOSPITAL OF KILGORE"
"450489","48115","MEDICAL ARTS HOSPITAL"
"450492","48351","NEWTON COUNTY MEMORIAL HOSPITAL"
"450493","48239","MAURITZ MEMORIAL HOSPITAL"
"450497","48337","CENTRAL HOSPITAL OF BOWIE LP"
"450498","48429","STEPHENS MEMORIAL HOSPITAL"
"45049E","48167","GALVESTON CO MEM HOSP"
"450508","48347","NACOGDOCHES MEMORIAL HOSPITAL"
"45050E","48231","SEYLER CLINIC & HOSP"
"450513","48343","HOSPITAL IN THE PINES INC"
"450514","48245","MID-JEFFERSON HOSPITAL"
"450517","48405","MEMORIAL MEDICAL CENTER SAN AUGUSTINE (451360)"
"450518","48245","HSA PORT ARTHUR, LLC"
"45051E","48113","TIMBERLAWN SANITARIUM"
"450523","48201","DIAGNOSTIC CENTER HOSPITAL"
"450527","48395","ROBERTSON REGIONAL MEDICAL CENTER"
"450530","48167","MAINLAND MEDICAL CENTER"
"450534","48357","OCHILTREE GENERAL HOSPITAL (451359)"
"450535","48201","BAYCOAST MEDICAL CENTER"
"450537","48113","METHODIST RICHARDSON MEDICAL CENTER"
"450538","48039","ALVIN MEDICAL CENTER"
"450539","48189","COVENANT HOSPITAL PLAINVIEW"
"45053E","48453","UNIVERSITY OF TEXAS STUDENT HLTH CTR"
"450544","48201","DOCTORS HOSPITAL-PARKWAY"
"450545","48329","WESTWOOD MEDICAL CENTER"
"450546","48201","ATH HEIGHTS HOSPITAL"
"450547","48499","EAST TEXAS MEDICAL CENTER QUITMAN"
"45054E","48439","W I COOK CHILDRENS HOSP"
"450550","48201","COLUMBIA N HOUSTON MED CTR AIRLINE CAM"
"450551","48089","RICE MEDICAL CENTER"
"450557","48153","CAPROCK HOSPITAL DISTRICT"
"450558","48441","ABILENE REGIONAL MEDICAL CENTER"
"450559","48169","GARZA MEMORIAL HOSPITAL"
"450561","48375","BAPTIST ST ANTHONY'S HEALTH SYSTEM"
"450563","48439","BAYLOR SCOTT & WHITE MEDICAL CENTER  GRAPEVINE"
"450565","48363","PALO PINTO GENERAL HOSPITAL"
"450567","48439","DUNCAN MEM HOSP"
"450568","48201","YORK PLAZA HOSPITAL & MEDICAL CENTER"
"450569","48021","BASTROP HOSPITAL"
"450570","48199","SILSBEE DOCTORS HOSPITAL"
"450571","48451","SHANNON MEDICAL CENTER"
"450573","48241","CHRISTUS JASPER MEMORIAL HOSPITAL"
"450574","48095","CONCHO COUNTY HOSPITAL"
"450575","48231","PRESBYTERIAN HOSPITAL OF COMMERCE"
"450577","48133","BLACKWELL HOSP S EASTLAND CO HOSP DIST"
"450578","48211","HEMPHILL COUNTY HOSPITAL"
"450579","48105","CROCKETT COUNTY HOSPITAL"
"45057E","48113","SCOTTISH RITE CRIPPLED CHILDREN HOSP"
"450580","48225","TIMBERLANDS HOSPITAL"
"450581","48409","TAFT HOSPITAL DISTRICT"
"450582","48413","SCHLEICHER COUNTY MEDICAL CENTER"
"450583","48267","KIMBLE HOSPITAL"
"450584","48487","WILBARGER GENERAL HOSPITAL"
"450586","48023","SEYMOUR HOSPITAL"
"450587","48049","HENDRICK MEDICAL CENTER BROWNWOOD"
"450588","48315","MARION COUNTY HOSPITAL"
"45058F","48441","US AIR FORCE HOSP"
"450590","48113","GRANVILLE C MORTON HOSPITAL"
"450591","48039","ANGLETON-DANBURY MEDICAL CENTER"
"450595","48217","HUBBARD HOSPITAL"
"450596","48221","LAKE GRANBURY MEDICAL CENTER"
"450597","48123","CUERO REGIONAL HOSPITAL"
"450600","48133","E L GRAHAM MEMORIAL HOSPITAL"
"450603","48109","CULBERSON COUNTY HOSPITAL DISTRICT"
"450604","48171","METHODIST HOSPITAL HILL COUNTRY"
"450605","48409","CARE REGIONAL MEDICAL CENTER"
"450607","48383","REAGAN MEMORIAL HOSPITAL"
"450609","48305","LYNN COUNTY HOSPITAL DISTRICT"
"45060F","48375","VA HOSP"
"450610","48201","MEMORIAL HERMANN MEMORIAL CITY MEDICAL CENTER"
"450613","48219","COOK MEMORIAL HOSPITAL"
"450614","48309","HILLCREST MEDICAL CENTER AT WEST"
"450615","48067","ATLANTA HOSPITAL AUTHORITY"
"450617","48201","HCA HOUSTON HEALTHCARE CLEAR LAKE"
"45061F","48453","US AIR FORCE HOSP"
"450620","48127","DIMMIT REGIONAL HOSPITAL"
"450621","48161","TEAGUE GENERAL HOSPITAL"
"450623","48147","NORTHEAST MEDICAL CENTER"
"450624","48037","NEW BOSTON GENERAL HOSPITAL"
"450626","48239","JACKSON COUNTY HOSPITAL DISTRICT"
"450627","48489","WILLACY METHODIST HOSP"
"450628","48293","LIMESTONE MEDICAL CENTER"
"450629","48029","COLONIAL HILLS HOSPITAL"
"45062F","48227","US AIR FORCE HOSP"
"450630","48201","SPRING BRANCH MEDICAL CENTER"
"450631","48029","METHODIST SPECIALTY AND TRANSPLANT HOS"
"450632","48153","W J MANGOLD MEMORIAL HOSPITAL"
"450633","48029","METROPOLITAN METHODIST HOSPITAL"
"450634","48121","MEDICAL CITY DENTON"
"450635","48201","INST FOR IMMUNOLOGICAL DISORDERS,THE"
"450637","48339","DOCTORS HOSPITAL"
"450638","48201","HCA HOUSTON HEALTHCARE NORTHWEST"
"450639","48439","TEXAS HEALTH HEB"
"45063F","48227","WEST TEXAS VA HEALTHCARE SYSTEM"
"450641","48337","NOCONA GENERAL HOSPITAL"
"450643","48479","DOCTORS HOSPITAL OF LAREDO"
"450644","48201","HCA HOUSTON HEALTHCARE WEST"
"450646","48141","DEL SOL MEDICAL CENTER"
"450647","48113","MEDICAL CITY DALLAS"
"450648","48331","RICHARDS MEMORIAL HOSPITAL"
"450649","48307","HEART OF TEXAS MEMORIAL HOSPITAL"
"45064F","48147","VA HOSP"
"450651","48085","MEDICAL CITY PLANO"
"450652","48381","PALO DURO HOSPITAL"
"450653","48227","SHANNON MEDICAL CENTER"
"450654","48427","STARR COUNTY MEMORIAL HOSPITAL"
"450655","48473","MEMORIAL HOSP OF WALLER CO"
"450656","48347","NACOGDOCHES MEDICAL CENTER"
"450657","48113","CITY OAKS HOSPITAL"
"450658","48161","FREESTONE MEDICAL CENTER"
"450659","48201","HCA HOUSTON HEALTHCARE MEDICAL CENTER"
"45065F","48355","US NAVAL HOSP"
"450660","48201","MEDICAL CTR HOSP"
"450661","48135","ODESSA REGIONAL MEDICAL CENTER"
"450662","48061","VALLEY REGIONAL MEDICAL CENTER"
"450665","48255","OTTO KAISER MEMORIAL HOSPITAL"
"450666","48245","BEAUMONT MEDICAL AND SURGICAL CENTER"
"450667","48433","STONEWALL MEMORIAL HOSPITAL"
"450668","48141","SIERRA MEDICAL CENTER"
"450669","48121","MEDICAL CITY LEWISVILLE"
"45066F","48113","VA HOSP"
"450670","48201","HCA HOUSTON HEALTHCARE TOMBALL"
"450671","48275","KNOX CO HOSP DISTRICT"
"450672","48439","MEDICAL CITY FORT WORTH"
"450673","48485","ELECTRA MEMORIAL HOSPITAL"
"450674","48201","WOMANS HOSPITAL OF TEXAS,THE"
"450675","48439","MEDICAL CITY ARLINGTON"
"450676","48081","WEST COKE CO HOSP DISTRICT"
"450677","48251","TEXAS HEALTH HUGULEY HOSPITAL FORT WORTH SOUTH"
"450678","48113","WHITE ROCK MEDICAL CENTER"
"450679","48289","LEON COUNTY MEMORIAL HOSPITAL INC"
"45067F","48465","US AIR FORCE HOSP"
"450681","48029","ST LUKES LUTHERAN HOSPITAL"
"450682","48113","SOUTHEASTERN METHODIST HOSPITAL"
"450683","48257","RENAISSANCE HOSPITAL TERRELL"
"450684","48201","MEMORIAL HERMANN NORTHEAST HOSPITAL"
"450685","48029","LUTHERAN GENERAL HOSPITAL"
"450686","48303","UNIVERSITY MEDICAL CENTER"
"450687","48113","PIONEER PARK MEDICAL CENTER"
"450688","48113","DALLAS REGIONAL MEDICAL CENTER"
"45068F","48141","WILLIAM BEAUMONT GEN HOSP"
"450690","48423","UNIVERSITY OF TEXAS HEALTH SCIENCE CENTER AT TYLER"
"450691","48113","PHYSICIANS REGIONAL HOSPITAL"
"450694","48481","EL CAMPO MEMORIAL HOSPITAL"
"450696","48113","LIFECARE MEDICAL ARTS HOSPITAL L P"
"450697","48029","TEXAS VISTA MEDICAL CENTER"
"450698","48279","LAMB HEALTHCARE CENTER"
"45069F","48029","US ARMY HOSP"
"450700","48403","SABINE COUNTY HOSPITAL"
"450702","48183","LONGVIEW REGIONAL MEDICAL CENTER"
"450703","48037","COLUMBIA MEDICAL ARTS HOSPITAL"
"450704","48113","TRI CITY HEALTH CENTRE INC"
"450705","48461","RANKIN COUNTY HOSPITAL DISTRICT"
"450706","48201","KATY MEDICAL CENTER"
"450709","48201","HOUSTON METHODIST CLEAR LAKE HOSPITAL"
"45070F","48027","US ARMY HOSP"
"450711","48215","RIO GRANDE REGIONAL HOSPITAL"
"450712","48265","STARLITE VILLAGE HOSPITAL"
"450713","48453","ST DAVID'S SOUTH AUSTIN MEDICAL CENTER"
"450715","48113","MEDICAL CENTER AT LANCASTER"
"450716","48201","HCA HOUSTON HEALTHCARE CYPRESS FAIRBANKS"
"450717","48157","FORT BEND MEDICAL CENTER HOSPITAL"
"450718","48491","ROUND ROCK MEDICAL CENTER"
"450719","48439","MANSFIELD HOSPITAL"
"45071F","48439","US AIR FORCE HOSP"
"450720","48031","LYNDON B JOHNSON MEMORIAL HOSPITAL"
"450721","48101","W Q RICHARDS MEMORIAL HOSPITAL"
"450722","48241","KIRBYVILLE COMMUNITY HOSPITAL"
"450723","48113","METHODIST CHARLTON MEDICAL CENTER"
"450724","48469","DETAR HOSPITAL NORTH"
"450725","48029","METHODIST WOMENS AND CHILDRENS HOSPITA"
"450726","48047","BROOKS COUNTY HOSPITAL"
"450727","48335","MITCHELL COUNTY HOSPITAL"
"450728","48461","MCCAMEY HOSPITAL AND CONVALESCENT CTR"
"450729","48113","LAKE CLIFF HOSPITAL"
"45072F","48439","US PUBLIC HEALTH SERVICE HOSP"
"450730","48121","CARROLLTON REGIONAL MEDICAL CENTER"
"450732","48339","MEMORIAL HOSPITAL - THE WOODLANDS"
"450733","48029","NORTHEAST METHODIST HOSPITAL"
"450734","48029","SAN ANTONIO STATE CHEST HOSPITAL"
"450735","48413","SCHLEICHER COUNTY MEDICAL CENTER"
"450736","48161","WORTHAM HOSPITAL"
"450737","48329","CLEARVIEW HOSPITAL"
"450738","     ","MINEOLA GENERAL HOSPITAL INC"
"450739","48035","MERIDIAN HOSPITAL"
"45073F","48167","US PUBLIC HEALTH SERVICE HOSP"
"450740","48259","COMFORT COMMUNITY HOSPITAL"
"450741","48217","HUBBARD HOSPITAL"
"450742","48113","BAYLOR SCOTT AND WHITE MEDICAL CENTER LAKE POINTE"
"450743","48121","TEXAS HEALTH PRESBYTERIAN HOSPITAL DENTON"
"450744","48217","HUBBARD HOSPITAL"
"450745","48439","SCHICK SHADEL HOSP OF DALLAS FT WORTH"
"450746","48275","KNOX COUNTY HOSPITAL"
"450747","48001","PALESTINE REGIONAL MEDICAL CENTER"
"450748","48239","MAURITZ MEMORIAL HOSPITAL"
"450749","48455","EAST TEXAS MEDICAL CENTER TRINITY"
"45074F","48201","VA HOSP"
"450750","48241","LAKES REGIONAL MEDICAL CENTER"
"450751","48037","LIVING HOPE NEW BOSTON MEDICAL CENTER"
"450752","48141","LANDMARK MED CTR"
"450753","48343","HOSPITAL IN THE PINES"
"450754","48193","HAMILTON GENERAL HOSPITAL"
"450755","48219","COVENANT HOSPITAL LEVELLAND"
"450756","48411","SAN SABA HOSP"
"450757","48495","WINKLER COUNTY MEMORIAL HOSPITAL"
"450758","48113","HEALTHSOUTH DALLAS REHAB HOSPITAL"
"450759","48423","COMM HOSP OF TYLER"
"45075F","48265","VA HOSP"
"450760","48141","SOUTHWESTERN GENERAL HOSPITAL"
"450761","48017","MULESHOE AREA MEDICAL CENTER"
"450763","48233","GOLDEN PLAINS COMMUNITY HOSPITAL"
"450764","48439","HARRIS CONTINUED CARE HOSP"
"450765","48055","ST LUKES HOSPITAL OF CALDWELL COUNTY"
"450766","48113","UT SOUTHWESTERN UNIVERSITY HOSPITAL-ZALE LIPSHY"
"450767","48201","CHARLES R DREW MED CTR"
"450768","48439","MANSFIELD COMM HOSP"
"450769","48433","STONEWALL MEM HOSP"
"45076F","     ","FEDERAL CORRECTIONAL INSTITUTE HOSP"
"450770","48331","CENTRAL TEXAS HOSPITAL"
"450771","48085","TEXAS HEALTH PRESBYTERIAN HOSPITAL PLANO"
"450773","48201","INTRACARE MEDICAL PAVILION HOSPITAL"
"450774","48201","TOPS SURGICAL SPECIALTY HOSPITAL"
"450775","48201","HCA HOUSTON HEALTHCARE KINGWOOD"
"450776","48083","COLEMAN COUNTY MEDICAL CENTER"
"450777","48051","BURLESON ST JOSEPH HEALTH CENTER"
"450778","48105","CROCKETT COUNTY HOSPITAL"
"450779","48439","TEXAS HEALTH HARRIS METHODIST HOSPITAL SOUTHWEST F"
"45077F","48479","US AIR FORCE HOSP"
"450780","48029","METHODIST HOSPITAL AMBULATORY SURGERY"
"450781","48113","HEALTHSOUTH DALLAS REHABILITATION INST"
"450783","48439","THC ARLINGTON"
"450784","48201","TOTAL LIFE CARE CENTER"
"450785","48355","SURGICARE SPEC HOSP OF CORPUS CHRISTI"
"450786","48201","AMERICAN TRANSITIONAL HOSP-HOUSTON W"
"450787","48005","MEMORIAL ACUTE LONG TERM CARE HOSP"
"450788","48355","CORPUS CHRISTI MEDICAL CENTER,THE"
"450789","48201","TRANSITIONAL HOSP CORP OF HOUSTON"
"45078F","48303","US AIR FORCE HOSP"
"450790","48245","SPECIAL CARE CTR OF ST ELIZABETH HOSP"
"450791","48181","TEXOMA MED CTR RESTORATIVE CARE HOSP"
"450792","48201","IHS HOSPITAL AT HOUSTON"
"450793","48029","COMPASS HOSP OF SAN ANTONIO THE"
"450794","48453","CHRISTOPHER HOUSE"
"450795","48201","ST ANTHONY'S HOSPITAL"
"450796","48381","NORTHWEST TEXAS SURGERY CENTER"
"450797","48201","US PAIN & SPINE HOSPITAL"
"450798","48067","BROOKS HOSPITAL INC"
"450799","48113","COMPASS HOSP OF DALLAS"
"45079F","48145","VA HOSP"
"450800","48423","EAST TEXAS MED CTR SPECIALTY HOSP"
"450801","48037","CHRISTUS ST MICHAEL HEALTH SYSTEM"
"450802","48375","PANHANDLE SURGICAL HOSPITAL"
"450803","48201","UNITED MEMORIAL MEDICAL CENTER"
"450804","48201","TEXAS ORTHOPEDIC HOSPITAL"
"450805","48201","ATH HOUSTON MEDICAL CTR"
"450806","48355","CHRISTUS SPOHN HOSPITAL SOUTH"
"450807","48383","REAGAN MEM HOSP"
"450808","48453","NORTHWEST HILLS SURGICAL HOSPITAL"
"450809","48453","ST. DAVID'S NORTH AUSTIN MEDICAL CENTER"
"45080F","48363","US ARMY HOSP"
"450810","48201","CASA A SPECIAL HOSPITAL"
"450811","48215","MCALLEN MEDICAL CENTER/ HEART HOSPITAL"
"450812","48201","DUBUIS HOSP FOR CONTINUING CARE"
"450813","48163","COMMUNITY GENERAL HOSPITAL"
"450814","48339","BEACON HEALTH LTD"
"450815","48037","SPECIALTY HOSPITAL OF TEXARKANA"
"450817","48453","RENAISSANCE WOMEN'S CENTER OF AUSTIN"
"450818","48451","SCCI HOSPITAL SAN ANGELO"
"450819","48037","DUBUIS HOSP FOR CONTIN CARE TEXARKANA"
"45081F","48029","WILFORD HALL MEDICAL CENTER"
"450820","48157","HOUSTON METHODIST SUGARLAND HOSPITAL"
"450822","48113","MEDICAL CITY LAS COLINAS"
"450823","48413","SCHLEICHER COUNTY MEDICAL CENTER"
"450824","48453","HEART HOSPITAL OF AUSTIN"
"450825","48215","CORNERSTONE REGIONAL HOSPITAL"
"450826","48085","PRESBYTERIAN MEDICAL CENTER OF WYLIE"
"450827","48485","KELL WEST REGIONAL HOSPITAL"
"450828","48249","CHRISTUS SPOHN HOSPITAL ALICE"
"450829","48029","HEALTHSOUTH SURGERY CENTER OF PECAN VALLEY"
"45082F","48451","US AIR FORCE HOSP"
"450830","48043","BIG BEND REGIONAL MEDICAL CENTER"
"450831","48201","SURGERY SPECIALTY HOSPITALS OF AMERICA SE HOUSTON"
"450832","48201","HOUSTON METHODIST ST CATHERINE HOSPITAL"
"450833","48139","ENNIS REGIONAL MEDICAL CENTER"
"450834","48041","PHYSICIANS CENTRE,THE"
"450835","48201","MEMORIAL HERMANN CONTINUING CARE HOSP"
"450836","48113","KINDRED HOSPITAL-WHITE ROCK"
"450837","48029","SELECT SPECIALTY HOSPITAL SAN ANTONIO"
"450838","48241","DICKERSON MEMORIAL HOSPITAL"
"450839","48419","SHELBY REGIONAL MEDICAL CENTER"
"45083F","48029","US AIR FORCE HOSP"
"450840","48085","TEXAS HEALTH PRESBYTERIAN HOSPITAL ALLEN"
"450841","48061","BROWNSVILLE SURGICAL HOSPITAL"
"450842","48201","MEMORIAL HERMANN CONTINUING CARE SW"
"450844","48201","HOUSTON METHODIST WILLOWBROOK HOSPITAL"
"450845","48141","EL PASO SPECIALTY HOSPITAL"
"450846","48141","SCCI HOSPITAL  EL PASO"
"450847","48201","MEMORIAL HERMANN KATY HOSPITAL"
"450848","48157","MEMORIAL HERMANN SUGAR LAND HOSPITAL"
"450849","48113","BARIX CLINICS OF TEXAS INC"
"45084F","48113","FEDERAL CORRECTIONAL INSTITUTE HOSP"
"450850","48329","WEST TEXAS MEDICAL CENTER, LLC"
"450851","48113","BAYLOR SCOTT & WHITE  HEART AND VASCULAR HOSPITAL"
"450852","48113","SELECT SPECIALTY HOSPITAL SOUTH DALLAS"
"450853","48085","BAYLOR MEDICAL CENTER AT FRISCO"
"450854","48277","DUBUIS HOSPITAL OF PARIS"
"450855","48061","HARLINGEN MEDICAL CENTER"
"450856","48029","SOUTH TEXAS SPINE AND SURGICAL HOSPITAL"
"450857","48329","SEMPERCARE HOSPITAL OF MIDLAND"
"450858","48439","PHYSICIAN'S METROPLEX HOSPITAL, LLC"
"450859","48361","GOLDEN TRIANGLE SPECIALITY MEDICAL CENTER"
"45085F","48181","US AIR FORCE HOSP"
"450860","48157","SUGAR LAND SURGICAL HOSPITAL LLP"
"450861","48183","SEMPERCARE HOSPITAL OF LONGVIEW"
"450862","48339","ST LUKE'S THE WOODLANDS HOSPITAL"
"450863","48375","REGENCY HOSPITAL OF ODESSA"
"450864","48423","BAYLOR SCOTT & WHITE TEXAS SPINE & JOINT HOSPITAL"
"450865","48453","ASCENSION SETON  SOUTHWEST"
"450866","48355","DUBUIS HOSPITAL OF CORPUS CHRISTI"
"450867","48453","ASCENSION SETON NORTHWEST"
"450868","48135","ALLIANCE HOSPITAL"
"450869","48215","DOCTORS HOSPITAL AT RENAISSANCE"
"45086F","48027","VA CENTER"
"450870","48339","SELECT SPECIALTY HOSPITAL - CONROE, INC (452089)"
"450871","48453","ARISE AUSTIN MEDICAL CENTER"
"450872","48439","USMD HOSPITAL AT ARLINGTON L P"
"450873","48029","PROMISE SPECIALTY HOSPITAL OF SAN ANTONIO (452090)"
"450874","48113","BAYLOR SCOTT AND WHITE SURGICAL HOSPITAL LAS COLIN"
"450875","48375","QUAIL CREEK SURGICAL HOSPITAL"
"450876","48303","LUBBOCK HEART HOSPITAL LP"
"450877","48141","LEGENT HOSPITAL OF EL PASO"
"450878","48029","TEXSAN HEART HOSPITAL"
"450879","48479","PROVIDENCE HOSPITAL"
"45087F","48309","US AIR FORCE HOSP"
"450880","48439","BAYLOR SCOTT AND WHITE SURGICAL HOSPITAL FORTWORTH"
"450881","48355","KINDRED HOSPITAL CORPUS CHRISTI"
"450882","48423","TYLER CONTINUECARE HOSPITAL AT MOTHER FRANCES"
"450883","48121","BAYLOR MEDICAL CENTER AT TROPHY CLUB"
"450884","48459","EAST TEXAS MEDICAL CENTER - GILMER"
"450885","48085","BAYLOR SCOTT &  WHITE MEDICAL CENTER - CENTENNIAL"
"450886","48439","SOUTHWEST SURGICAL HOSPITAL"
"450887","48361","CONTINUECARE HOSPITAL OF SOUTHEAST TEXAS"
"450888","48439","TEXAS HEALTH HARRIS METHODIST HOSPITAL SOUTHLAKE"
"450889","48113","TEXAS INSTITUTE FOR SURGERY AT PRESBYTERIAN HOSPIT"
"45088F","48309","VA HOSP"
"450890","48085","BAYLOR REGIONAL MEDICAL CENTER AT PLANO"
"450891","48085","TEXAS HEALTH CENTER FOR DIAGNOSTICS & SURGERY PLAN"
"450892","48215","SOLORA HOSPITAL MCALLEN"
"450893","48121","THE HEART HOSPITAL BAYLOR DENTON"
"450894","48113","PINE CREEK MEDICAL CENTER LLP"
"45089F","48485","US AIR FORCE HOSP"
"45090F","48029","SOUTH TEXAS VETERANS HEALTH CARE SYS"
"45095E","48227","COWPER CLINIC"
"45107E","48245","BEAUMONT REMEDIAL CLINIC"
"45108E","48113","CASA BLANCA HOSP"
"45112E","48403","CITY HOSP"
"45114E","48343","LONE STAR STEEL COMPANY HOSP"
"45116E","48113","JONES CHILDRENS HAVEN HOSP"
"45117E","48113","TEXAS CLINIC HOSP"
"45118E","48167","SHRINERS HOSP FOR CRIPPLED CHILDREN"
"45121E","48029","SAINTS HOSP"
"45122E","48423","MEDICAL & SURGICAL CLINIC HOSP"
"451300","48369","PARMER COUNTY COMMUNITY HOSPITAL"
"451301","48383","REAGAN MEMORIAL HOSPITAL"
"451302","48067","GOOD SHEPHARD MEDICAL CENTER-LINDEN"
"451303","48293","LIMESTONE MEDICAL CENTER"
"451304","48413","SCHLEICHER COUNTY MEDICAL CENTER"
"451305","48051","BURLESON ST JOSEPH HEALTH CENTER"
"451306","48267","KIMBLE HOSPITAL"
"451307","48371","IRAAN GENERAL HOSPITAL DISTRICT"
"451308","48501","YOAKUM COUNTY HOSPITAL"
"451309","48461","MCCAMEY HOSPITAL"
"451310","48399","BALLINGER MEMORIAL HOSPITAL"
"451311","48039","SWEENY COMMUNITY HOSPITAL"
"451312","48089","RICE MEDICAL CENTER"
"451313","48151","FISHER COUNTY HOSPITAL DISTRICT"
"451314","48495","WINKLER COUNTY MEMORIAL HOSPITAL"
"451315","48399","NORTH RUNNELS HOSPITAL"
"451316","48313","MADISON ST JOSEPH HEALTH CENTER"
"451317","48391","REFUGIO COUNTY MEMORIAL HOSPITAL"
"451318","48433","STONEWALL MEMORIAL HOSPITAL DISTRICT"
"451319","48073","CHRISTUS MOTHER FRANCES HOSPITAL- JACKSONVILLE"
"451320","48071","BAYSIDE COMMUNITY HOSPITAL"
"451321","48231","HUNT REGIONAL COMMUNITY HOSPITAL"
"451322","48185","GRIMES ST JOSEPH HEALTH CENTER"
"451323","48281","ADVENTHEALTH ROLLINS BROOK"
"451324","48435","LILLIAN M HUDSPETH MEMORIAL HOSPITAL"
"451325","48095","CONCHO COUNTY HOSPITAL"
"451326","48197","CHILLICOTHE HOSPITAL DISTRICT"
"451327","48191","HALL COUNTY HOSPITAL"
"451328","48071","RICELAND MEDICAL CENTER"
"451329","48461","RANKIN HOSPITAL MEDICAL CLINIC"
"45132E","48439","ELMWOOD SANATORIUM"
"451330","48325","MEDINA REGIONAL HOSPITAL"
"451331","48111","COON MEMORIAL HOSPITAL"
"451332","48321","PALACIOS COMMUNITY MEDICAL CENTER"
"451333","48317","MARTIN COUNTY HOSPITAL DISTRICT"
"451334","48483","PARKVIEW HOSPITAL"
"451335","48097","MUENSTER MEMORIAL HOSPITAL"
"451336","48093","DELEON HOSPITAL"
"451337","48153","W J MANGOLD MEMORIAL HOSPITAL"
"451338","48109","CULBERSON HOSPITAL"
"451339","48447","THROCKMORTON COUNTY MEMORIAL HOSPITAL"
"451340","48483","SHAMROCK GENERAL HOSPITAL"
"451341","48207","HASKELL MEMORIAL HOSPITAL"
"451342","48335","MITCHELL COUNTY HOSPITAL DISTRICT"
"451343","48485","ELECTRA MEMORIAL HOSPITAL"
"451344","48195","HANSFORD COUNTY HOSPITAL"
"451345","48107","CROSBYTON CLINIC HOSPITAL"
"451346","48123","YOAKUM COMMUNITY HOSPITAL"
"451347","48083","COLEMAN COUNTY MEDICAL CENTER COMPANY"
"451348","48307","HEART OF TEXAS MEMORIAL HOSPITAL"
"451349","48437","SWISHER MEMORIAL HOSPITAL"
"451350","48069","PLAINS MEMORIAL HOSPITAL"
"451351","48305","LYNN COUNTY HOSPITAL DISTRICT"
"451352","48197","HARDEMAN COUNTY MEMORIAL HOSPITAL"
"451353","48103","CRANE COUNTY HOSPITAL DISTRICT"
"451354","48503","HAMILTON HOSPITAL"
"451355","48087","COLLINGSWORTH GENERAL HOSPITAL"
"451356","48057","MEMORIAL MEDICAL CENTER"
"451357","48331","LITTLE RIVER HEALTHCARE"
"451358","48165","MEMORIAL HOSPITAL"
"451359","48357","OCHILTREE GENERAL HOSPITAL"
"451360","48405","CHI ST LUKES HEALTH MEMORIAL SAN AUGUSTINE"
"451361","48403","SABINE COUNTY HOSPITAL"
"451362","48077","CLAY COUNTY MEMORIAL HOSPITAL"
"451363","48239","JACKSON HEALTHCARE CENTER"
"451364","48255","OTTO KAISER MEMORIAL HOSPITAL"
"451365","48053","ASCENSION SETON HIGHLAND LAKES"
"451366","48079","COCHRAN MEMORIAL HOSPITAL"
"451367","48063","UT HEALTH EAST TEXAS PITTSBURG HOSPITAL"
"451369","48233","GOLDEN PLAINS COMMUNITY HOSPITAL"
"451370","48147","TMC- BONHAM HOSPITAL"
"451371","48055","ASCENSION SETON EDGAR B DAVIS"
"451372","48017","MULESHOE AREA MEDICAL CENTER"
"451373","48475","WARD MEMORIAL HOSPITAL"
"451374","48491","BAYLOR SCOTT & WHITE MEDICAL CENTER -TAYLOR"
"451375","48291","LIBERTY DAYTON REGIONAL MEDICAL CENTER"
"451376","48285","LAVACA MEDICAL CENTER"
"451377","48389","REEVES REGIONAL HEALTH"
"451378","48043","BIG BEND REGIONAL MEDICAL CENTER"
"451379","48099","CORYELL MEMORIAL HOSPITAL"
"451380","48499","UT HEALTH EAST TEXAS QUITMAN HOSPITAL"
"451381","48499","CHRISTUS MOTHER FRANCES HOSPITAL- WINNSBORO"
"451382","48093","COMANCHE COUNTY MEDICAL CENTER"
"451384","48415","COGDELL MEMORIAL HOSPITAL"
"451385","48035","GOODALL WITCHER HOSPITAL"
"451386","48341","MEMORIAL HOSPITAL"
"451387","48463","UVALDE MEMORIAL HOSPITAL"
"451389","48371","PECOS COUNTY MEMORIAL HOSPITAL"
"451390","48127","DIMMIT REGIONAL HOSPITAL"
"451391","48163","FRIO REGIONAL HOSPITAL"
"451392","48193","HAMILTON GENERAL HOSPITAL"
"451393","48225","CROCKETT MEDICAL CENTER"
"451394","48275","KNOX COUNTY HOSPITAL"
"451395","48217","HILL REGIONAL HOSPITAL"
"451396","48299","MID COAST MEDICAL CENTER - CENTRAL"
"451397","48477","BAYLOR SCOTT & WHITE HOSPITAL BRENHAM"
"451398","48179","PAMPA REGIONAL MEDICAL CENTER"
"451399","48023","SEYMOUR HOSPITAL"
"45145E","48227","MEDICAL ARTS CLINIC HOSP"
"45146E","48409","SINTON HOSP"
"45148E","48453","ST JUDES OAK RIDGE HOSP"
"45154E","48291","DAYTON MEM HOSP"
"45157E","48241","MAX MIXSON MEM CLINIC HOSP"
"45159E","48469","DEVEREUX FOUNDATION,THE"
"45160E","48439","FT WORTH NEUROPSYCHIATRIC HOSP"
"45161E","48257","JACKSON CLINIC HOSP"
"45164E","48027","BUROW CLINIC HOSP"
"45165E","48029","PARK NORTH GENERAL HOSP"
"45167E","48439","HURST-EULESS-BEDFORD HOSP"
"45168E","48113","WYLIE HOSP"
"45170E","48439","SCHICK HOSP"
"45185E","48383","REAGAN MEMORIAL HOSPITAL"
"45186E","48113","VETERANS ADMINISTRATION HOSPITAL"
"45187E","48105","CROCKETT COUNTY HOSP"
"45188E","48139","ENNIS REGIONAL MEDICAL CENTER"
"45189E","48241","DICKERSON MEMORIAL HOSPITAL"
"45190E","48339","ST LUKE'S COMMUNITY MEDICAL CENTER"
"451990","48113","LEAVES,THE"
"452003","48113","DALLAS REHABILITATION INSTITUTE"
"452010","48451","BAPTIST MEMORIALS GERIATRIC HOSP"
"452011","48201","ST ANTHONY CENTER"
"452012","48029","SAN ANTONIO STATE CHEST HOSP"
"452013","48061","SOUTH TEXAS HOSPITAL"
"452014","48113","BAYLOR INSTITUTE FOR REHABILITATION"
"452015","48113","KINDRED HOSPITAL DALLAS"
"452016","48029","KINDRED HOSPITAL SAN ANTONIO"
"452017","48113","BAYLOR CENTER FOR RESTORATIVE CARE"
"452018","48439","TEXAS HEALTH SPECIALTY HOSPITAL FORT WORTH"
"452019","48439","KINDRED HOSPITAL FORT WORTH- MANSFIELD"
"452020","48029","BUENA VISTA LONG TERM HOSP INC"
"452021","48201","INTRACARE MED PAVILION HOSP"
"452022","48085","SELECT SPECIALTY HOSPITAL-DALLAS"
"452023","48201","KINDRED HOSPITAL HOUSTON MEDICAL CENTER"
"452024","48441","BAYLOR CARE CENTER FOR EXTENDED CARE"
"452025","48339","NEUROBEHAVIORAL INST OF HOUSTON"
"452026","48029","SANTA ROSA LONG TERM HOSPITAL"
"452027","48201","KINDRED HOSPITAL MIDTOWN"
"452028","48439","KINDRED HOSPITAL-TARRANT COUNTY"
"452029","48441","CONTINUECARE HOSPITAL AT HENDRICK MEDICAL CENTER"
"452030","48201","AMERICAN TRANSITIONAL HOSP HOUSTON W"
"452031","48005","PAM SPECIALTY HOSPITAL OF LUFKIN"
"452032","48201","CLEAR LAKE-AMG SPECIALTY HOSPITAL"
"452033","48029","TEXAS CENTER FOR INFECTIOUS DISEASE"
"452034","48453","CORNERSTONE SPECIALTY HOSPITALS ROUND ROCK"
"452035","48141","MESA HILLS SPECIALTY HOSPITAL"
"452036","48355","CORPUS CHRISTI SPECIALTY HOSPITAL"
"452037","48113","HORIZON SPECIALTY HOSP-DALLAS"
"452038","48453","TEXAS NEURO REHABILITATION CENTER"
"452039","48201","KINDRED HOSPITAL HOUSTON NW"
"452040","48029","SAN ANTONIO-AMG SPECIALTY HOSPITAL"
"452041","48181","CARRUS SPECIALTY HOSPITAL"
"452042","48245","MID-JEFFERSON SPECIALTY HOSPITAL-NORTH"
"452043","48201","PINE VALLEY SPECIALTY HOSPITAL"
"452044","48121","LIFECARE HOSPITALS OF NORTH TEXAS"
"452045","48029","COMPASS HOSPITAL"
"452046","48201","HOUSTON MEDICAL CENTER-AMG SPECIALTY HOSPITAL"
"452047","48201","TIRR LIFEBRIDGE"
"452048","48113","COMPASS HOSP OF DALLAS"
"452049","48201","KINDRED HOSPITAL-MEDICAL CENTER HOLCOMBE"
"452050","48303","LLANO SPECIALTY HOSPITAL"
"452051","48423","UT HEALTH EAST TEXAS SPECIALTY HOSPITAL"
"452052","48201","ATH HOUSTON MEDICAL CTR"
"452053","48453","CHG CORNERSTONE HOSPITAL OF CENTRAL TEXAS"
"452054","48085","PLANO SPECIALTY HOSPITAL"
"452055","48201","CORNERSTONE SPECIALTY HOSPITALS MEDICAL CENTER"
"452056","48469","PAM  SPECIALTY HOSPITAL OF VICTORIA SOUTH"
"452057","48339","NEXUS SPECIALTY HOSPITAL THE WOODLANDS"
"452058","48201","SUMMIT HOSPITAL OF SOUTHEAST TEXAS INC"
"452059","48029","PAM SPECIALTY HOSPITAL OF SAN ANTONIO MEDICAL CEN"
"452060","48375","TEXAS SPECIALTY HOSPITAL"
"452061","48037","POST ACUTE MEDICAL SPECIALTY HOSPITAL OF TEXARKANA"
"452062","48055","POST ACUTE MEDICAL AT LULING LLC"
"452063","48215","LIFECARE HOSPITALS OF SOUTH TX"
"452064","48451","TRIUMPH HOSPITAL SAN ANGELO"
"452066","48375","PLUM CREEK SPECIALTY HOSPITAL"
"452067","48113","KPC PROMISE HOSPITAL OF DALLAS"
"452068","48485","SAGE SPECIALTY HOSPITAL OF WICHITA FALLS"
"452071","48113","KINDRED HOSPITAL-WHITE ROCK"
"452072","48201","MEMORIAL HERMANN CONTINUING CARE HOSPI"
"452073","48029","KINDRED HOSPITAL- SAN ANTONIO CENTRAL"
"452074","48201","KINDRED HOSPITAL SPRING"
"452075","48201","KINDRED HOSPITAL CLEAR LAKE"
"452076","48201","MEMORIAL HERMANN CONTINUING CARE SW"
"452077","48201","HEALTHSOUTH HOSPITAL HOUSTON"
"452078","48113","SELECT SPECIALTY HOSPITAL SOUTH DALLAS"
"452079","48141","KINDRED HOSPTIAL EL PASO"
"452080","48157","KINDRED HOSPITAL SUGAR LAND"
"452081","48201","TRIUMPH HOSPITAL NORTHWEST"
"452082","48277","DUBUIS HOSPITAL OF PARIS"
"452083","48245","MID-JEFFERSON EXTENDED CARE HOSPITAL"
"452084","48329","SELECT SPECIALTY HOSPITAL OF MIDLAND INC"
"452085","48135","REGENCY HOSPITAL OF ODESSA"
"452086","48355","POST ACUTE MEDICAL SPECIALTY HOSPITAL CORPUS CH"
"452087","48183","SELECT SPECIALTY HOSPITAL OF LONGVIEW"
"452088","48439","KINDRED HOSPITAL FORT WORTH"
"452089","48339","SELECT SPECIALTY HOSPITAL CONROE"
"452090","48029","PAM SPECIALTY HOSPITAL OF SAN ANTONIO"
"452091","48183","LONGVIEW CONTINUECARE HOSPITAL"
"452092","48355","PAM SPECIALTY HOSPITAL OF  CORPUS CHRISTI SOUTH"
"452093","48245","HARBOR HOSPITAL OF SOUTHEAST TEXAS LP"
"452094","48469","PAM SPECIALTY HOSPITAL OF VICTORIA NORTH"
"452095","48215","SOLARA SPECIALTY HOSPITAL MCALLEN"
"452096","48479","LAREDO SPECIALTY HOSPITAL LP"
"452097","48113","CORALVITA RICHARDSON"
"452098","48121","REGENCY HOSPITAL OF NORTH DALLAS II LLLP"
"452099","48439","REGENCY HOSPITAL OF FORT WORTH LLLP"
"452100","48113","MESQUITE SPECIALTY HOSPITAL"
"452101","48061","SOLARA SPECIALTY HOSPITALS HARLINGEN"
"452102","48303","COVENANT SPECIALTY HOSPITAL"
"452103","48141","EL PASO LTAC HOSPTIAL"
"452104","48157","KINGSLAND HOSPITAL OF KATY"
"452105","48027","BAYLOR SCOTT & WHITE CONTINUING CARE HOSPITAL"
"452106","48091","WARM SPRINGS SPECIALTY HOSPITAL OF NEW BRAUNFELS"
"452107","48339","CORNERSTONE HOSPITAL CONROE"
"452108","48113","KINDRED HOSPITAL DALLAS CENTRAL"
"452109","48121","INTEGRITY TRANSITIONAL HOSPITAL"
"452110","48439","SAGECREST HOSPITAL GRAPEVINE"
"452111","48121","BAYLOR SCOTT WHITE THE HEART HOSPITAL CORINTH"
"452112","48201","SE TEXAS ER & HOSPITAL"
"452113","48041","CHRISTUS DUBUIS HOSPITAL OF BRYAN"
"452114","48157","ATRIUM MEDICAL CENTER"
"452115","48201","ACUITY HOUSPITAL OF HOUSTON"
"452116","48303","TEXAS SPECIALTY HOSPITAL AT LUBBOCK"
"452117","48329","CONTINUECARE HOSPITAL  AT MIDLAND MEMORIAL"
"452118","48201","HOUSTON METHODIST CONTINUING CARE HOSPITAL"
"452119","48113","SELECT SPECIALTY HOSPITAL DALLAS DOWNTOWN"
"452120","48113","SELECT SPECIALTY HOSPITAL DALLAS GARLAND"
"452121","48135","CONTINUECARE HOSPITAL AT MEDICAL CENTER ODESSA"
"452122","48141","EL PASO LTAC HOSPTIAL"
"453025","48201","TIRR MEMORIAL HERMANN"
"453026","48113","BAYLOR CENTER FOR RESTORATIVE CARE"
"453027","48113","DALLAS REHABILITATION INSTITUTE"
"453028","48177","WARM SPRINGS REHAB HOSPITAL"
"453029","48201","ENCOMPASS HEALTH REHABILITATION HOSPITAL OF HUMBL"
"453030","48453","HEALTHCARE REHAB CENTER OF AUSTIN INC"
"453031","48029","ENCOMPASS HEALTH REHABILITATION HOSPITAL OF SAN AN"
"453032","48113","NORTH DALLAS REHABILITATION HOSPITAL"
"453033","48141","SIERRA PROVIDENCE PHYSICAL REHABILITATION HOSPITAL"
"453034","48355","REHABILITATION HOSPITAL OF SOUTH TX"
"453035","48029","WARM SPRINGS REHAB HOSPITAL OF SAN ANTONIO LLC"
"453036","48113","BAYLOR SCOTT & WHITE INSTITUTE FOR REHABILITATION"
"453037","48201","HEALTHSOUTH HOUSTON REHAB INSTITUTE"
"453038","48453","ST DAVID'S REHABILITATION CENTER"
"453039","48439","VENCOR HOSP FT WORTH"
"453040","48439","ENCOMPASS HEALTH REHABILITATION HOSPITAL OF ARLING"
"453041","48439","HEALTHSOUTH REHABILITATION HOSPITAL OF FORT WORTH"
"453042","48439","ENCOMPASS HEALTH REHABILITATION HOSPITAL OF CITY"
"453044","48453","HEALTHSOUTH REHABILITATION HOSPITAL OF AUSTIN"
"453045","48113","HORIZON SPECIALTY HOSPITAL - DALLAS"
"453046","48339","NEUROBEHAVIORAL INST OF HOUSTON"
"453047","48085","ENCOMPASS HEALTH REHABILITATION HOSPITAL OF PLANO"
"453048","48245","PAM REHABILITATION HOSPITAL OF BEAUMONT"
"453050","48201","PLAZA REHAB HOSP AT KINGWOOD"
"453051","48201","VENCOR HOSP HOUSTON"
"453052","48201","KINDRED REHABILITATION HOSPITAL CLEAR LAKE"
"453053","48037","ENCOMPASS HEALTH REHABILITATION HOSPITAL OF TEXARK"
"453054","48485","ENCOMPASS HEALTH REHABILITATION HOSPITAL OF WICH"
"453055","48355","CORPUS CHRISTI WARM SPGS REHAB HOSP"
"453056","48423","CHRISTUS TRINITY MOTHER FRANCES REHAB, A PARTNER O"
"453057","48329","ENCOMPASS HEALTH REHABILITATION HOSPITAL OF MIDLAN"
"453058","48339","HEALTHSOUTH SUB ACUTE HOSP NO HOUSTON"
"453059","48339","ENCOMPASS HEALTH REHABILITATION HOSP OF THE WOODLA"
"453060","48201","SPECIALTY HOSP OF HOUSTON,THE"
"453061","48355","HORIZON SPECIALTY HOSP"
"453062","48453","SPECIALTY HOSP OF AUSTIN,THE"
"453063","48141","HORIZON SPECIALTY HOSPITAL-EL PASO"
"453064","48029","HORIZON SPECIALTY HOSP"
"453065","48037","CHRISTUS ST MICHAEL REHAB HOSPITAL"
"453066","48113","SPECIALTY HOSP AT MEDICAL ARTS,THE"
"453067","48201","TIRR LIFEBRIDGE"
"453068","48201","PLAZA SPECIALTY HOSP"
"453069","48303","HORIZON SPECIALTY HOSP LUBBOCK"
"453070","48141","PROVIDENCE REHAB HOSP"
"453071","48375","IHS HOSPITAL OF AMARILLO"
"453072","48423","UT HEALTH EAST TEXAS REHABILITATION HOSPITAL"
"453073","48061","SUMMIT HOSPITAL OF CENTRAL TEXAS"
"453074","48113","IHS HOSPITAL AT DALLAS"
"453076","48469","SCCI HOSPITAL"
"453077","48201","SUMMIT HOSPITAL OF SOUTHEAST TEXAS INC"
"453078","48029","LIFECARE HOSPITAL OF SAN ANTONIO"
"453079","48375","SCCI HOSPITAL AMARILLO"
"453080","48215","LIFECARE HOSPITALS OF SOUTH TEXAS INC"
"453082","48215","RIO GRANDE REHABILITATION HOSPITAL"
"453083","48469","WARM SPRINGS REHAB HOSPITAL"
"453084","48201","TRIUMPH HOSPITAL OF NORTH HOUSTON"
"453085","48215","CORNERSTONE REHABILITATION HOSPITAL"
"453086","48141","HIGHLANDS REHABILITATION HOSPITAL"
"453087","48201","TRIUMPH HOSPITAL EAST HOUSTON"
"453088","48485","WICHITA VALLEY REHABILITATION HOSPITAL"
"453089","48001","PALESTINE REGIONAL REHABILITATION HOSPITAL"
"453090","48135","HEALTHSOUTH REHABILITATION HOSPITAL OF ODESSA"
"453091","48215","WESLACO REGIONAL REHABILITATION HOSPITAL LLC"
"453092","48061","SOUTH TEXAS REHABILTATION HOSPITAL"
"453093","48231","SENIOR HEALTH REHABILITATION HOSPITAL OF GREENVILL"
"453094","48439","KINDRED  REHABILITATION HOSPITAL ARLINGTON"
"453095","48329","REHABCARE GROUP OF MIDLAND,LP"
"453096","48375","AMARILLO REHABILITATION HOSPITAL"
"453097","48201","KATY REHABILITATION HOSPITAL"
"453098","48157","SUGAR LAND REHABILITATION HOSPITAL"
"453099","48085","INTEGRA HOSPITAL PLANO"
"453300","48439","COOK CHILDRENS MEDICAL CENTER"
"453301","48355","DRISCOLL CHILDRENS HOSPITAL"
"453302","48113","CHILDRENS MEDICAL CTR OF DALLAS"
"453303","48439","FT WORTH CHILDRENS HOSP"
"453304","48201","TEXAS CHILDRENS HOSPITAL"
"453305","48029","CHRISTUS SANTA ROSA CHILDRENS HOSPITAL"
"453306","48303","COVENANT CHILDRENS HOSPITAL"
"453308","48113","OUR CHILDRENS HOUSE"
"453309","48201","HEALTHBRIDGE CHILDRENS'S HOSPITAL OF HOUSTON"
"453310","48453","DELL CHILDREN'S MEDICAL CENTER"
"453311","48167","SHRINERS HOSPITALS FOR CHILDREN"
"453312","48201","SHRINERS HOSPITALS FOR CHILDREN"
"453313","48141","EL PASO CHILDREN'S HOSPITAL"
"453314","48113","TEXAS SCOTTISH RITE HOSPITAL FOR CHILDREN"
"453315","48029","CHILDREN'S HOSPITAL OF SAN ANTONIO"
"453316","48085","CHILDRENS MEDICAL CENTER PLANO"
"453317","48085","COOK CHILDRENS MEDICAL CENTER PROSPER"
"453318","48113","NEXUS CHILDRENS HOSPITAL DALLAS"
"453319","48491","TEXAS CHILDRENS HOSPITAL NORTH AUSTIN CAMPUS"
"453321","48215","DRISCOLL CHILDREN'S HOSPITAL RIO GRANDE VALLEY"
"454000","48227","BIG SPRING STATE HOSPITAL"
"454002","48201","TEXAS RESEARCH INST OF MENTAL SCIENCES"
"454003","48453","AUSTIN STATE HOSPITAL"
"454006","48257","TERRELL STATE HOSPITAL"
"454007","48245","FANNIN PAVILION"
"454008","48485","NORTH TEXAS STATE HOSPITAL"
"454009","48073","RUSK STATE HOSP"
"454011","48029","SAN ANTONIO STATE HOSPITAL"
"454012","48439","MILLWOOD HOSPITAL"
"454014","48265","KERRVILLE STATE HOSPITAL"
"454015","48201","BELLE PARK HOSP"
"454016","48487","VERNON STATE HOSPITAL"
"454017","48041","HCA GREENLEAF HOSPITAL"
"454018","48485","RED RIVER HOSPITAL"
"454019","48439","PSYCHIATRIC INSTITUTE OF FT WORTH"
"454020","48201","HCA HOUSTON INTERNATIONAL HOSPITAL"
"454021","48439","CARE UNIT OF FORT WORTH"
"454023","48215","TROPICAL TX CTR FOR MENTAL HLTH RETARD"
"454025","48339","LAURELWOOD HOSP"
"454026","48201","WEST OAKS HOSPITAL"
"454027","48141","SUN VALLEY REGIONAL HOSPITAL"
"454028","48215","CHARTER PALMS BEHAVIORAL HLTH SYS"
"454029","48453","SETON SHOAL CREEK HOSPITAL"
"454030","48303","CHARTER PLAINS BEHAVORIAL HEALTH SYS"
"454031","48113","COL GREEN OAKS COL HOSP MED CITY DALLA"
"454032","48309","DE PAUL CENTER"
"454033","48479","CHARTER HOSPITAL OF LAREDO"
"454034","48183","CCS/MEADOW PINES INC"
"454035","48423","UNIVERSITY PARK HOSPITAL"
"454036","48201","BAYWOOD BEHAVIORAL HEALTH SYSTEMS"
"454037","48029","COVENANT BEHAVIORAL HEALTH"
"454038","48453","CHARTER BEHAVIORAL HLTH SYS OF AUSTIN"
"454039","48005","BURKE CENTER-PINEYWOODS HOSPITAL"
"454040","48441","WOODS PSYCHIATRIC INSTITUTE"
"454041","48469","LIVE OAK H0SPITAL"
"454042","48355","COLUMBIA BAYVIEW PSYCHIATRIC CENTER"
"454043","48355","CHARTER BEHAVIORAL HLTH SYS OF CC"
"454044","48157","CHARTER HOSPITAL OF SUGAR LAND"
"454045","48201","CHARTER BEHAVIORAL HLTH SYS SE TEXAS"
"454046","48201","GULF PINES HOSPITAL"
"454047","48029","HCA HILL COUNTRY HOSPITAL"
"454048","48439","CHARTER BEHAVIORAL HLTH SYS/FT WORTH"
"454049","48329","DESERT SPRINGS MEDICAL CENTER"
"454050","48231","GLEN OAKS HOSPITAL"
"454051","48439","RICHLAND HOSPITAL"
"454052","48439","CPC OAK BEND HOSP"
"454053","48201","CPC CYPRESS POINT HOSPITAL"
"454054","48029","CPC AFTON OAKS HOSP"
"454055","48029","COLONIAL HILLS HOSP"
"454056","48347","PINELANDS HOSPITAL"
"454057","48085","CHARTER BEHAVIORAL HLTH SYS OF DALLAS"
"454058","48453","CPC CAPITAL HOSPITAL"
"454059","48139","WILLOWBROOK HOSP"
"454060","48029","LAUREL RIDGE TREATMENT CENTER"
"454061","48439","TRINITY SPRINGS PAVILION WEST"
"454062","48121","TWIN LAKES HOSPITAL"
"454063","48201","CYPRESS CREEK HOSPITAL INC"
"454064","48451","RIVER CREST HOSP"
"454065","48113","HICKORY TRAIL HOSPITAL"
"454066","48113","CHARTER HAVEN BEHAVIORAL HEALTH SYSTEM"
"454067","48027","GREENLEAF CTR INC KILLEEN"
"454068","48439","BEDFORD MEADOWS HOSPITAL"
"454069","48453","AUSTIN LAKES HOSPITAL"
"454070","48041","ST JOSEPH MENTAL HEALTH SERVICES"
"454071","48181","REGIONAL HOSPITAL OF TEXOMA"
"454072","48439","CHARTER GRAPEVINE BEHAVIORAL HLTH SYS"
"454073","48375","QUEST HOSPITAL"
"454074","48367","HARRIS METHODIST WESTVIEW"
"454075","48157","CHARTER BEHAVIORAL HLTH SYS/SUGAR LAND"
"454076","48201","JOHN S DUNN BEHAVIORAL SCIENCES CENTER AT UTHEALTH"
"454077","48157","FOUNTAIN BROOK HOSPITAL"
"454078","48029","MISSION VISTA HOSPITAL CO"
"454079","48439","MEDICAL CITY MENTAL HEALTH AND WELLNESS CENTER"
"454080","48201","HCA DEER PARK HOSPITAL"
"454081","48113","TIMBERLAWN MENTAL HEALTH SYSTEM"
"454082","48201","DEPELCHIN CHILDREN'S CENTER"
"454083","48201","INTRACARE NORTH HOSPITAL"
"454084","48453","AUSTIN STATE HOSPITAL"
"454085","48167","DEVEREUX TEXAS TREATMENT NETWORK"
"454086","48439","WILLOW CREEK HOSP"
"454087","48113","MENTAL HEALTH CONNECTIONS"
"454088","48061","RIO GRANDE STATE CENTER"
"454089","48201","INTRACARE MEDICAL CTR"
"454090","48157","RICELAND PSYCHIATRIC HOSP"
"454091","48201","CCS/GULF PINES HOSPITAL INC"
"454092","48141","EL PASO PSYCHIATRIC CENTER"
"454093","48303","STARCARE SPECIALTY HEALTH /SUNRISE CANYON HOSPITAL"
"454094","48113","MEDICAL CITY GREEN OAKS HOSPITAL"
"454096","48355","PADRE BEHAVIORAL HOSPITAL"
"454097","48141","NCED MENTAL HEALTH CENTER"
"454098","48441","ABILENE BEHAVIORAL HEALTH LLC"
"454099","48201","KINGWOOD HEALTH CENTER"
"454100","48141","EL PASO PSYCHIATRIC CENTER"
"454101","48189","ALLEGIANCE BEHAVIORAL HEALTH CENTER OF PLAINVIEW"
"454102","48029","MISSION VISTA BEHAVIORAL HEALTH CENTER"
"454103","48201","KINGWOOD PINES HOSPITAL"
"454104","48121","UNIVERSITY BEHAVIORAL HEALTH"
"454105","48183","BEHAVIORAL HOSPITAL OF LONGVIEW"
"454107","48201","BEHAVIORAL HOSPITAL OF BELLAIRE"
"454108","48201","CYPRESS CREEK HOSPITAL"
"454109","48141","EL PASO BEHAVIORAL HEALTH SYSTEM"
"454110","48329","OCEANS BEHAVIORAL  HOSPITAL OF PERMIAN BASIN"
"454111","48453","TEXAS STAR RECOVERY"
"454112","48339","ASPIRE BEHAVIORAL HEALTH OF CONROE, LLC"
"454113","48439","SUNDANCE HOSPITAL"
"454114","48027","CEDAR CREST HOSPITAL & RTC"
"454116","48005","AUDUBON BEHAVIORAL HEALTHCARE OF LUFKIN LP"
"454117","48183","OCEANS BEHAVIORAL HOSPITAL OF LONGVIEW"
"454118","48201","LONE STAR BEHAVIORAL HEALTH CYPRESS"
"454119","48121","CARROLLTON SPRINGS"
"454120","48201","CAMBRIDGE HOSPITAL LLC"
"454121","48453","AUSTIN OAKS HOSPITAL"
"454122","48441","OCEANS BEHAVIORAL HOSPITAL OF ABILENE"
"454123","48005","OCEANS BEHAVIORAL HOSPITAL OF LUFKIN LLC"
"454124","48439","MESA SPRINGS"
"454125","48041","ROCK PRAIRIE BEHAVIORAL HEALTH"
"454126","48113","DALLAS BEHAVIORAL HEALTHCARE HOSPITAL LLC"
"454127","48491","ROCK SPRINGS"
"454128","48439","WELLBRIDGE HEALTHCARE FORT WORTH"
"454129","48491","GEORGETOWN BEHAVIORAL HEALTH INSTITUTE"
"454130","48085","WELLBRIDGE HEALTHCARE GREATER DALLAS"
"454131","48157","WESTPARK SPRINGS LLC"
"454132","48029","SAN ANTONIO BEHAVIORAL HEALTHCARE HOSPITAL"
"454133","48453","CROSS CREEK HOSPITAL"
"454134","48085","HAVEN BEHAVIORAL HOSPITAL OF FRISCO"
"454135","48201","HOUSTON BEHAVIORAL HEALTHCARE HOSPITAL LLC"
"454136","48201","OCEANS BEHAVIORAL HOSPITAL OF KATY"
"454137","48209","OCEANS BEHAVIORAL HOSPITAL OF SAN MARCOS"
"454138","48113","GARLAND BEHAVIORAL HOSPITAL"
"454139","48201","SUN BEHAVIORAL HOUSTON"
"454140","48113","TIMBERLAWN MENTAL HEALTH SYSTEM"
"454141","48061","PALMS BEHAVIORAL HEALTH"
"454142","48201","SACRED OAK MEDICAL CENTER"
"454143","48183","MAGNOLIA BEHAVIORAL HOSPITAL OF EAST TEXAS"
"454144","48339","WOODLAND SPRINGS"
"454146","48141","RIO VISTA BEHAVIORAL HEALTH"
"454147","48201","OCEANS BEHAVIORAL HOSPITAL OF PASADENA"
"454148","48439","PERIMETER BEHAVIORAL HOSPITAL OF ARLINGTON"
"454149","48113","PERIMETER BEHAVIORAL HOSPITAL OF DALLAS"
"454150","48309","OCEANS BEHAVIORAL HOSPITAL OF WACO"
"454151","48201","MEDICAL BEHAVIORAL HOSPITAL OF CLEAR LAKE, LLC"
"454152","48027","CANYON CREEK BEHAVIORAL HEALTH"
"454153","48181","CARRUS BEHAVIORAL HOSPITAL"
"454154","48375","OCEANS BEHAVIORAL HOSPITAL OF AMARILLO"
"454155","48355","OCEANS BEHAVIORAL HOSPITAL OF CORPUS CHRISTI"
"454156","48157","VOYAGES BEHAVIORAL HEALTH OF SUGAR LAND"
"454157","48303","OCEANS BEHAVIORAL HOSPITAL OF LUBBOCK"
"454158","48339","VOYAGES BEHAVIORAL HEALTH OF CONROE"
"454159","48029","CEDAR HILLS BEHAVIORAL"
"454161","48085","MEDICAL CITY MENTAL HEALTH AND WELLNESS CENTER"
"459801","48113","MEDICAL CITY HOSPITAL"
"459802","48113","METHODIST DALLAS MEDICAL CENTER"
"459803","48029","UNIVERSITY HOSPITAL TRANSPLANT"
"459804","48303","UNIVERSITY  MEDICAL CENTER TRANSPLANT SERVICES"
"459805","48201","CHI ST LUKE'S HEALTH BAYLOR COLLEGE OF MEDICINE CT"
"459806","48029","CHRISTUS SANTA ROSA MEDICAL CENTER TRANSPLANT"
"459807","48453","NORTH AUSTIN MEDICAL CENTER"
"459808","48113","BAYLOR UNIVERSITY MEDICAL CENTER"
"459809","48201","THE METHODIST HOSPITAL TRANSPLANT"
"459810","48453","SETON MEDICAL CENTER"
"459811","48439","HARRIS METHODIST FT WORTH TRANSPLANT"
"459812","48439","COOK CHILDRENS MEDICAL CENTER TRANSPLANT SERVICES"
"459813","48167","UTMB GALVESTON TRANSPLANT"
"459814","48113","CHILDREN'S MEDICAL CENTER DALLAS"
"459815","48201","TEXAS CHILDREN'S HOSPITAL TRANSPLANT"
"459816","48113","UT SOUTHWESTERN MEDICAL CENTER UNIVERSITY HOSPITAL"
"459817","48423","EAST TEXAS MEDICAL CENTER TRANSPLANT"
"459818","48029","METHODIST HOSPITAL"
"459819","48113","PARKLAND HOSPITAL"
"459820","48215","MCALLEN MEDICAL CENTER - S TEXAS TRANSPLANT CENTER"
"459821","48027","SCOTT & WHITE TRANSPLANT"
"459822","48439","BAYLOR ALL SAINTS MEDICAL CENTER OF FORT WORTH"
"459823","48355","DRISCOLL CHILDREN'S HOSPITAL TRANSPLANT CENTER"
"459824","48201","MEMORIAL HERMANN HOSPITAL"
"459825","48141","LAS PALMAS MEDICAL CENTER (TRANSPLANT)"
"459826","48439","MEDICAL CITY  TRANSPLANT INSTITUTE -  FORT WORTH"
"459827","48215","DOCTORS HOSPITAL AT RENAISSANCE"
"459828","48453","DELL CHILDREN'S MEDICAL CENTER TRANSPLANT PROGRAM"
"459829","48453","DELL SETON MEDICAL CENTER AT THE UNIVERSITY OF TEX"
"460001","49049","INTERMOUNTAIN HEALTH UTAH VALLEY HOSPITAL"
"460003","49035","HOLY CROSS HOSPITAL - SALT LAKE"
"460004","49057","INTERMOUNTAIN HEALTH MCKAY-DEE HOSPITAL"
"460005","49057","OGDEN REGIONAL MEDICAL CENTER"
"460006","49035","INTERMOUNTAIN HEALTH LDS HOSPITAL"
"460007","49021","INTERMOUNTAIN HEALTH CEDAR CITY HOSPITAL"
"460008","49035","PIONEER VALLEY HOSPITAL"
"460009","49035","UNIVERSITY OF UTAH HOSPITAL AND CLINICS"
"460010","49035","INTERMOUNTAIN HEALTH INTERMOUNTAIN MEDICAL CENTER"
"460011","49007","CASTLEVIEW HOSPITAL"
"460012","49035","ST MARKS HOSPITAL"
"460013","49049","MOUNTAIN VIEW HOSPITAL"
"460014","49045","MOUNTAIN WEST MEDICAL CENTER"
"460015","49005","INTERMOUNTAIN HEALTH LOGAN REGIONAL HOSPITAL"
"460016","49019","ALLEN MEMORIAL HOSPITAL"
"460017","49003","BRIGHAM CITY COMMUNITY HOSPITAL"
"460018","49025","KANE COUNTY HOSPITAL"
"460019","49013","UINTAH BASIN MEDICAL CENTER"
"460020","49037","SAN JUAN HOSPITAL"
"460021","49053","INTERMOUNTAIN HEALTH ST GEORGE REGIONAL HOSPITAL"
"460022","49027","FILLMORE COMMUNITY MEDICAL CENTER"
"460023","49049","AMERICAN FORK HOSPITAL"
"460024","49037","MONUMENT VALLEY HOSPITAL"
"460025","49001","MILFORD VALLEY MEMORIAL HOSPITAL"
"460026","49041","INTERMOUNTAIN HEALTH SEVIER VALLEY HOSPITAL"
"460027","49027","DELTA COMMUNITY MEDICAL CENTER"
"460029","49039","SANPETE VALLEY HOSPITAL"
"46002F","49035","V A HOSPITAL"
"460030","49047","ASHLEY REGIONAL MEDICAL CENTER"
"460032","49023","CENTRAL VALLEY MEDICAL CENTER"
"460033","49017","GARFIELD MEMORIAL HOSPITAL"
"460035","49001","BEAVER VALLEY HOSPITAL"
"460036","49051","HEBER VALLEY MEDICAL CENTER"
"460037","49039","GUNNISON VALLEY HOSPITAL"
"460039","49003","INTERMOUNTAIN HEALTH BEAR RIVER VALLEY HOSPITAL"
"46003F","49057","U S AIR FORCE HOSP"
"460041","49011","HOLY CROSS HOSPITAL-DAVIS"
"460042","49011","LAKEVIEW HOSPITAL"
"460043","49049","OREM COMMUNITY HOSPITAL"
"460044","49035","INTERMOUNTAIN HEALTH ALTA VIEW HOSPITAL"
"460046","49035","INFINIA MEDICAL CENTER"
"460047","49035","ST MARK'S HOSPITAL"
"460048","49035","PARKSIDE RECOVERY CTR/SALT LAKE CITY"
"460049","49035","THE ORTHOPEDIC SPECIALTY HOSPITAL"
"46004F","49045","U S ARMY HOSPITAL"
"460050","49035","PARACELSUS REGIONAL HOSP & MEDICAL CNT"
"460051","49035","HOLY CROSS HOSPITAL-JORDAN VALLEY"
"460052","49049","TIMPANOGOS REGIONAL HOSPITAL"
"460053","49035","ROCKY MOUNTAIN MEDICAL CENTER"
"460054","49005","CACHE VALLEY  HOSPITAL"
"460055","49049","UTAH VALLEY SPECIALTY HOSPITAL"
"460056","49037","BLUE MOUNTAIN HOSPITAL"
"460057","49043","INTERMOUNTAIN HEALTH PARK CITY HOSPITAL"
"460058","49035","INTERMOUNTAIN HEALTH RIVERTON HOSPITAL"
"460059","49035","LANDMARK HOSPITAL OF SALT LAKE CITY, LLC"
"460060","49035","LONE PEAK HOSPITAL"
"460061","49011","INTERMOUNTAIN HEALTH LAYTON HOSPITAL"
"460062","49049","INTERMOUNTAIN HEALTH SPANISH FORK HOSPITAL"
"460063","49011","WESTERN PEAKS SPECIALTY HOSPITAL"
"46006E","49035","SHRINERS HOSPITAL FOR CHILDREN - S L C"
"46012E","49035","PRIMARY CHILDRENS HOSP"
"461300","49027","INTERMOUNTAIN HEALTH DELTA COMMUNITY HOSPITAL"
"461301","49027","INTERMOUNTAIN HEALTH FILLMORE COMMUNITY HOSPITAL"
"461302","49019","MOAB REGIONAL HOSPITAL"
"461303","49039","INTERMOUNTAIN HEALTH SANPETE VALLEY HOSPITAL"
"461304","49023","CENTRAL VALLEY MEDICAL CENTER - CAH"
"461305","49001","MILFORD MEMORIAL HOSPITAL"
"461306","49039","GUNNISON VALLEY HOSPITAL"
"461307","49051","INTERMOUNTAIN HEALTH HEBER VALLEY HOSPITAL"
"461308","49037","SAN JUAN HOSPITAL"
"461309","49025","KANE COUNTY HOSPITAL"
"461310","49037","BLUE MOUNTAIN HOSPITAL"
"461333","49017","INTERMOUNTAIN HEALTH GARFIELD MEMORIAL HOSPITAL"
"461335","49001","BEAVER VALLEY HOSPITAL"
"462003","49011","WESTERN PEAKS SPECIALTY HOSPITAL"
"462004","49035","SALT LAKE SPECIALTY HOSPITAL"
"462005","49049","CENTRAL UTAH REHABILITATION HOSPITAL"
"462006","49035","LANDMARK HOSPITAL OF SALT LAKE CITY, LLC"
"463025","49035","ENCOMPASS HEALTH REHABILITATION HOSPITAL OF UTAH"
"463026","49037","SALT LAKE SPECIALTY MEDICAL CENTER"
"463027","49057","NORTHERN UTAH REHABILITATION HOSPITAL"
"463301","49035","INTERMOUNTAIN HEALTH PRIMARY CHILDREN'S HOSPITAL"
"463302","49035","SHRINERS HOSPITALS FOR CHILDREN - SALT LAKE CITY"
"464001","49049","UTAH STATE HOSPITAL"
"464003","49035","BENCHMARK BEHAV HEALTH SYS (CHARTER)"
"464004","49049","HSA RIVERWOOD HOSP"
"464005","49035","CHARTER SUMMIT HOSPITAL"
"464006","49035","RIVENDELL OF UTAH"
"464007","49011","BENCHMARK REGIONAL HOSPITAL"
"464008","49035","WASATCH CANYONS HOSPITAL"
"464009","49035","UNIVERSITY OF UTAH NEUROPSYCHIATRIC INSTITUTE"
"464010","49035","OLYMPUS VIEW HOSPITAL"
"464011","49035","COPPER HILLS YOUTH CENTER"
"464012","49035","MARIAN CENTER"
"464013","49035","SALT LAKE BEHAVIORAL HEALTH"
"464014","49049","ASPEN GROVE BEHAVIORAL HOSPITAL"
"464015","49035","HIGHLAND RIDGE HOSPITAL"
"464016","49053","VIVE ADOLESCENT CARE"
"469810","49035","UNIVERSITY OF UTAH HOSPITAL - TC"
"469811","49035","INTERMOUNTAIN MEDICAL CENTER"
"469812","49035","PRIMARY CHILDRENS MEDICAL CENTER"
"470001","50023","CENTRAL VERMONT MEDICAL CENTER"
"470003","50007","UNIVERSITY OF VERMONT MEDICAL CENTER"
"470004","50017","GIFFORD MEMORIAL HOSPITAL INC"
"470005","50021","RUTLAND REGIONAL MEDICAL CENTER"
"470006","50001","PORTER MEDICAL CENTER INC"
"470008","50019","NORTH COUNTRY HOSPITAL & HLTH CENTER"
"470010","50015","COPLEY HOSPITAL"
"470011","50025","BRATTLEBORO MEMORIAL HOSPITAL"
"470012","50003","SOUTHWESTERN VERMONT MEDICAL CENTER"
"470013","50007","FANNY ALLEN HOSPITAL"
"470015","50027","MT ASCUTNEY HOSPITAL  HEALTH CENTER"
"470016","50025","ROCKINGHAM MEMORIAL HOSPITAL"
"470018","50027","SPRINGFIELD HOSPITAL INC"
"47001F","50027","VA HOSP"
"470020","50025","GRACE COTTAGE HOSPITAL"
"470023","50005","NORTHEASTERN VERMONT REG HOSPITAL"
"470024","50011","NORTHWESTERN MEDICAL CENTER INC"
"471300","50025","GRACE COTTAGE HOSPITAL"
"471301","50017","GIFFORD MEDICAL CENTER"
"471302","50027","MT ASCUTNEY HOSPITAL"
"471303","50005","NORTHEASTERN VERMONT REGIONAL HOSPITAL"
"471304","50019","NORTH COUNTRY HOSPITAL AND HEALTH CENTER"
"471305","50015","COPLEY HOSPITAL"
"471306","50027","SPRINGFIELD HOSPITAL"
"471307","50001","PORTER HOSPITAL INC"
"474000","50023","VERMONT STATE HOSP"
"474001","50025","BRATTLEBORO RETREAT"
"474002","50023","VERMONT STATE HOSP DISTINCT PART UNIT"
"474003","50023","VERMONT STATE HOSPITAL"
"474004","50023","VERMONT PSYCHIATRIC CARE HOSPITAL"
"479801","50007","UNIVERSITY OF VERMONT MEDICAL  CENTER - TRANSPLANT"
"480001","78020","ROY LESTER SCHNEIDER HOSPITAL,THE"
"480002","78010","GOV JUAN F LUIS HOSPITAL & MEDICAL CTR"
"490001","51720","NORTON COMMUNITY HOSPITAL"
"490002","51167","RUSSELL COUNTY HOSPITAL"
"490003","51760","RICHMOND EYE & EAR HOSP"
"490004","51660","SENTARA RMH MEDICAL CENTER"
"490005","51840","WINCHESTER MEDICAL CENTER"
"490006","51171","SHENANDOAH COUNTY MEMORIAL HOSPITAL"
"490007","51710","SENTARA NORFOLK GENERAL HOSPITAL"
"490008","51510","JEFFERSON HOSPITAL"
"490009","51540","UVA HEALTH SCIENCES CENTER"
"490010","51195","WISE APPALACHIAN REGIONAL HOSPITAL"
"490011","51710","BON SECOURS DEPAUL MEDICAL CENTER"
"490012","51105","WELLMONT LEE REGIONAL MEDICAL CENTER"
"490013","51083","SENTARA HALIFAX REGIONAL HOSPITAL"
"490014","51013","COLUMBIA PENTAGON CITY HOSPITAL"
"490015","51087","PARHAM DOCTORS' HOSPITAL"
"490017","51740","BON SECOURS MARYVIEW MEDICAL CENTER"
"490018","51015","AUGUSTA HEALTH"
"490019","51047","UVA HEALTH CULPEPER MEDICAL CENTER"
"49001F","51059","DEWITT ARMY HOSP"
"490020","51670","TRICITIES HOSPITAL"
"490021","51680","CENTRA  HEALTH, INC"
"490022","51630","MARY WASHINGTON HOSPITAL, INC"
"490023","51061","FAUQUIER HOSPITAL"
"490024","51770","CARILION ROANOKE MEMORIAL HOSPITAL"
"490027","51720","WELLMONT MOUNTAIN VIEW REGIONAL MEDICAL CENTER"
"490028","51041","HCA JOHNSTON-WILLIS HOSPITAL"
"490029","51790","KINGS DAUGHTERS HOSP"
"49002F","51700","FORT EUSTIS MCDONALD ARMY HEALTH CENTER"
"490030","51710","NORFOLK COMMUNITY HOSPITAL"
"490031","51678","STONEWALL JACKSON HOSPITAL"
"490032","51760","MEDICAL COLLEGE OF VIRGINIA HOSPITALS"
"490033","51187","WARREN MEMORIAL HOSPITAL"
"490035","51700","NEWPORT NEWS GENERAL HOSPITAL"
"490037","51001","RIVERSIDE SHORE MEMORIAL HOSPITAL"
"490038","51173","SMYTH COUNTY COMMUNITY HOSPITAL"
"49003F","51149","FORT LEE KENNER ARMY HEALTH CLINIC"
"490040","51510","INOVA ALEXANDRIA HOSPITAL"
"490041","51700","BON SECOURS MARY IMMACULATE HOSPITAL"
"490042","51121","CARILION NEW RIVER VALLEY MEDICAL CENTER"
"490043","51107","INOVA LOUDOUN HOSPITAL"
"490044","51800","SENTARA OBICI HOSPITAL"
"490045","51683","UVA HEALTH PRINCE WILLIAM MEDICAL CENTER"
"490046","51710","SENTARA LEIGH HOSPITAL"
"490047","51139","PAGE MEMORIAL HOSPITAL INC"
"490048","51775","LEWISGALE MEDICAL CENTER"
"49004F","51650","US ARMY HOSP"
"490050","51013","VIRGINIA HOSPITAL CENTER"
"490052","51700","RIVERSIDE REGIONAL MEDICAL CENTER"
"490053","51191","JOHNSTON MEMORIAL HOSPITAL"
"490054","51141","PATRICK COMMUNITY HOSPITAL"
"490055","51185","MATTIE WILLIAMS HOSP"
"490056","51027","GRUNDY HOSPITAL"
"490057","51810","SENTARA VIRGINIA BEACH GENERAL HOSPITAL"
"490059","51087","BON SECOURS ST MARYS HOSPITAL"
"49005F","     ","US AIR FORCE HOSP"
"490060","51185","CLINCH VALLEY MEDICAL CENTER"
"490063","51059","INOVA FAIRFAX HOSPITAL"
"490066","51095","SENTARA WILLIAMSBURG REGIONAL MEDICAL CENTER"
"490067","51730","BON SECOURS SOUTHSIDE MEDICAL CENTER"
"490069","51085","BON SECOURS MEMORIAL REGIONAL MEDICAL CENTER"
"49006F","51650","HAMPTON VA MEDICAL CENTER"
"490071","51760","THE RETREAT HOSPITAL-A CAMPUS OF HENRICO DOC HOSP"
"490073","51013","NORTHERN VIRGINIA COMMUNITY HOSPITAL"
"490074","51740","PORTSMOUTH GENL HOSP"
"490075","51590","SOVAH HEALTH DANVILLE"
"490077","51003","SENTARA MARTHA JEFFERSON HOSPITAL"
"490078","51197","WYTHEVILLE HOSPITAL CORPORATION"
"490079","51690","SOVAH HEALTH MARTINSVILLE"
"49007F","51710","US PUBLIC HEALTH SERVICE HOSP"
"490083","51770","GILL MEM EYE EAR NOSE THROAT"
"490084","51057","VCU HEALTH TAPPAHANNOCK HOSPITAL"
"490085","51071","GILES MEM HOSP INC"
"490088","51515","BEDFORD MEMORIAL HOSPITAL"
"490089","51067","CARILION FRANKLIN MEMORIAL HOSPITAL"
"49008F","51740","NAVAL MEDICAL CENTER PORTSMOUTH VIRGINIA"
"490090","51147","SOUTHSIDE COMMUNITY HOSPITAL, INC"
"490091","51760","BON SECOURS - STUART CIRCLE HOSPITAL"
"490092","51620","BON SECOURS SOUTHAMPTON MEMORIAL HOSPITAL"
"490093","51650","SENTARA CAREPLEX HOSPITAL"
"490094","51760","BON SECOURS RICHMOND COMMUNITY HOSPITAL"
"490095","51680","LYNCHBURG GENERAL HOSPITAL"
"490097","51595","SOUTHERN VIRGINIA REGIONAL MEDICAL CENTER"
"490098","51117","COMMUNITY MEMORIAL HOSPITAL"
"490099","51017","BATH COUNTY COMMUNITY HOSPITAL"
"49009F","51153","US NAVAL HOSP"
"490100","51770","CARILION ROANOKE COMMUNITY HOSPITAL"
"490101","51059","INOVA FAIR OAKS HOSPITAL"
"490104","51730","HIRAM W DAVIS MEDICAL CENTER"
"490105","51173","SOUTHWESTERN VIRGINIA MENTAL HEALTH INSTITUTE"
"490106","51790","WESTERN STATE HOSPITAL"
"490107","51059","RESTON HOSPITAL CENTER"
"490108","51680","CENTRAL VIRGINIA TRAINING CENTER"
"490109","51095","EASTERN STATE HOSPITAL"
"49010F","51760","HUNTER HOLMES MCGUIRE VA MEDICAL CENTER (RICHMOND)"
"490110","51121","LEWISGALE HOSPITAL MONTGOMERY"
"490111","51197","WYTHE COUNTY COMMUNITY HOSPITAL"
"490112","51041","CJW MEDICAL CENTER"
"490113","51153","SENTARA NORTHERN VIRGINIA MEDICAL CENTER"
"490114","51195","LONESOME PINE HOSPITAL"
"490115","51640","TWIN COUNTY REGIONAL HOSPITAL"
"490116","51155","LEWISGALE HOSPITAL PULASKI"
"490117","51185","CARILION TAZEWELL COMMUNITY HOSPITAL"
"490118","51087","HENRICO DOCTORS' HOSPITAL"
"490119","51810","SENTARA PRINCESS ANNE HOSPITAL"
"49011F","51775","SALEM VA MEDICAL CENTER"
"490120","51550","CHESAPEAKE GENERAL HOSPITAL, CHESAPEAKE REG MC"
"490122","51059","INOVA MOUNT VERNON HOSPITAL"
"490123","51103","RAPPAHANNOCK GENERAL HOSPITAL"
"490124","51760","CAPITOL MEDICAL CENTER"
"490125","51003","BLUE RIDGE HOSPITAL/UNIVERSITY OF VIRG"
"490126","51005","LEWISGALE HOSPITAL ALLEGHANY"
"490127","51027","BUCHANAN GENERAL HOSPITAL"
"490129","51013","CAPITAL CARING -HALQUIST MEMORIAL INPATIENT CENTER"
"490130","51073","RIVERSIDE WALTER REED HOSPITAL"
"490131","51051","DICKENSON CNTY MED CNTR"
"490132","51051","DICKENSON COUNTY MEDICAL CENTER"
"490133","51710","HOSPITAL FOR EXTENDED RECOVERY"
"490134","51135","PIEDMONT GERIATRIC HOSPITAL"
"490135","51161","CATAWBA HOSPITAL"
"490136","51041","BON SECOURS ST FRANCIS MEDICAL CENTER"
"490137","51700","HAMPTON ROADS SPECIALTY HOSPITAL"
"490138","51680","CENTER FOR RESTORATIVE CARE & REHABILITATION, THE"
"490139","51087","KINDRED HOSPITAL - RICHMOND"
"490140","51179","STAFFORD HOSPITAL, LLC"
"490141","51177","SPOTSYLVANIA REGIONAL MEDICAL CENTER"
"490142","51540","UVA HEALTH SCIENCES CENTER"
"490143","51095","RIVERSIDE DOCTORS' HOSPITAL OF WILLIAMSBURG"
"490144","51153","UVA HEALTH HAYMARKET MEDICAL CENTER"
"490145","51107","STONESPRINGS HOSPITAL CENTER"
"490146","51087","AMERICAN ACCESS CARE OF RICHMOND"
"490147","51059","INOVA SPECIALTY HOSPITAL"
"490148","51800","BON SECOURS HARBOUR VIEW MEDICAL CENTER"
"490149","51093","RIVERSIDE SMITHFIELD HOSPITAL"
"490150","51141","STUART COMMUNITY HOSPITAL INC"
"49020E","51185","JEFFERSONVILLE HOSP"
"49022E","51087","WESTBROOK PSYCHIATRIC HOSP"
"49026E","51760","VIRGINIA STATE PENITENTIARY HOSP"
"49027E","51760","SALVATION ARMY HOME & HOSP"
"49028E","51760","CRIPPLED CHILDRENS HOSP"
"49030E","51161","POAGES MILL CLINIC"
"49031E","51075","STATE INDUSTRIAL FARM FOR WOMEN HOSP"
"49032E","51730","PETERSBURG TRAINING SCHOOL HOSP"
"49033E","51760","VIRGINIA TREATMENT CENTER FOR CHILDREN"
"49035E","51700","PATRICK HENRY HOSP FOR CHRONICALLY ILL"
"49036E","51087","ST GERARDS MATERNITY HOME"
"49037E","51003","UNIVERSITY OF VIRGINIA CHILDRENS REHAB"
"49038E","51019","ELKS NATIONAL HOME HOSP"
"49038F","51059","ALEXANDER T. AUGUSTA MILITARY MEDICAL CENTER"
"49039F","51650","JOINT BASE LANGLEY-EUSTIS"
"49048E","51730","POPLAR SPRINGS HOSP"
"491300","51017","BATH COMMUNITY HOSPITAL"
"491301","51141","R J REYNOLDS PATRICK CO MEMORIAL HOSP"
"491302","51071","CARILION GILES COMMUNITY HOSPITAL"
"491303","51051","DICKENSON COMMUNITY HOSPITAL"
"491304","51678","CARILION ROCKBRIDGE COMMUNITY HOSPITAL"
"491305","51171","SHENANDOAH MEMORIAL HOSPITAL"
"491306","51141","PIONEER HEALTH SERVICES OF PATRICK COUNTY,INC"
"491307","51139","PAGE MEMORIAL HOSPITAL, INC"
"491308","51103","RAPPAHANNOCK GENERAL HOSPITAL"
"491309","51105","LEE COUNTY COMMUNITY HOSPITAL"
"491310","51141","STUART COMMUNITY HOSPITAL INC"
"491991","51510","LYNN HOUSE OF POTOMAC VALLEY"
"492001","51710","LAKE TAYLOR TRANSITIONAL CARE HOSPITAL"
"492003","51135","PIEDMONT GERIATRIC HOSP"
"492004","51161","CATAWBA HOSPITAL"
"492007","51710","HOSPITAL FOR EXTENDED RECOVERY"
"492008","51700","SELECT SPECIALTY HOSPITAL - HAMPTON ROADS"
"492009","51087","SELECT SPECIALITY HOSPITAL - RICHMOND INC"
"492010","51680","CENTRA SPECIALTY HOSPITAL"
"492011","51540","UVA TRANSITIONAL CARE HOSPITAL"
"492012","51059","INOVA SPECIALTY HOSPITAL"
"493025","51085","SHELTERING ARMS HOSPITAL"
"493026","51015","WOODROW WILSON REHABILITATION CENTER"
"493027","51199","RIVERSIDE REHABILITATION INSTITUTE"
"493028","51087","ENCOMPASS HEALTH REHAB HOSPITAL OF RICHMOND"
"493029","51540","UVA ENCOMPASS HEALTH REHABILITATION HOSPITAL"
"493030","51041","SHELTERING ARMS HOSPITAL SOUTH"
"493031","51730","ENCOMPASS HEALTH REHAB HOSPITAL OF PETERSBURG"
"493032","51630","ENCOMPASS HEALTH REHAB HOSPITAL OF FREDERICKSBURG"
"493033","51107","ENCOMPASS HEALTH REHAB HOSPITAL OF NORTHERN VA"
"493034","51520","REHABILITATION HOSPITAL OF BRISTOL"
"493035","51173","SOUTHWEST VIRGINIA INPATIENT REHAB HOSP"
"493036","51087","SHELTERING ARMS INSTITUTE"
"493300","51127","CUMBERLAND HOSPITAL LLC"
"493301","51710","CHILDRENS HOSPITAL OF THE KINGS DAUGHTERS INC"
"493302","51760","CHILDREN'S HOSP OF RICHMOND OF THE VCU HEALTH SYS"
"494001","51650","RIVERSIDE BEHAVIORAL HEALTH CENTER"
"494002","51750","CARILION ST ALBANS PSYCHIATRIC HOSPITA"
"494006","51199","EASTERN STATE HOSP"
"494010","51059","NORTHERN VIRGINIA MENTAL HEALTH INSTI"
"494011","51710","NORFOLK PSYCHIATRIC CENTER"
"494012","51710","NORFOLK PSYCH CENTER"
"494013","51810","TIDEWATER PSYCH INSTITUTE"
"494014","51710","COMM MENTAL HEALTH CTR"
"494015","51775","LEWIS-GALE PSYCH CENTER"
"494016","51087","CHARTER WESTBROOK BEHAVIOR HLTH SY INC"
"494017","51590","SOUTHERN VIRGINIA MENTAL HEALTH INSTITUTE"
"494018","51003","CHARTER BEHAVIOR HLTH SYM CHARLOTTESVI"
"494019","51740","PORTSMOUTH PSYCHIATRIC CENTER"
"494020","51107","PIEDMONT BEHAVIORAL HEALTH CENTER"
"494021","51790","WESTERN STATE HOSPITAL"
"494022","51730","POPLAR SPRINGS HOSPITAL"
"494023","51059","DOMINION HOSPITAL"
"494024","51710","PSYCHIATRIC INSTI MED COLL HAMPTON RDS"
"494025","51810","VIRGINIA BEACH PSYCHIATRIC CENTER"
"494026","51087","VALUEMARK WESTEND BEHAVIOR HEALTH SYST"
"494027","51700","COLONIAL HOSPITAL"
"494028","51630","SNOWDEN AT FREDERICKSBURG INC"
"494029","51173","SOUTHWESTERN VIRGINIA MENTAL HEALTH INSTITUTE"
"494030","51830","EASTERN STATE HOSPITAL"
"494031","51700","WOODSIDE HOSPITAL,LLC"
"494032","51095","THE PAVILION AT WILLIAMSBURG PLACE"
"494033","51161","CATAWBA HOSPITAL"
"499800","51710","SENTARA NORFOLK GENERAL HOSPITAL"
"499801","51059","INOVA FAIRFAX HOSPITAL"
"499802","51540","UNIVERSITY OF VIRGINIA HEALTH SYSTEM"
"499803","51710","CHILDREN'S HOSP KINGS DAUGHTERS - TRANSPLANT"
"499804","51087","HENRICO DOCTORS HOSPITAL - TRANSPLANT"
"499805","51760","MEDICAL COLLEGE OF VIRGINIA"
"49J300","51015","COMMONWEALTH CENTER FOR CHILDREN AND ADOLESCENTS"
"500001","53033","UW MEDICINE/NORTHWEST HOSPITAL"
"500002","53071","PROVIDENCE ST MARY MEDICAL CENTER"
"500003","53057","SKAGIT VALLEY HOSPITAL"
"500005","53033","VIRGINIA MASON MEDICAL CENTER"
"500006","53077","VALLEY MEMORIAL HOSPITAL"
"500007","53057","ISLAND HOSPITAL"
"500008","53033","UNIVERSITY OF WASHINGTON MEDICAL CTR"
"500009","53061","PROVIDENCE HOSPITAL"
"500010","53041","CENTRALIA GENERAL HOSPITAL"
"500011","53033","ST ANNE HOSPITAL"
"500012","53077","ASTRIA REGIONAL MEDICAL CENTER"
"500014","53061","PROVIDENCE REGIONAL MEDICAL CENTER EVERETT"
"500015","53033","MULTICARE AUBURN MEDICAL CENTER"
"500016","53007","CONFLUENCE HEALTH HOSPITAL"
"500017","53033","WEST SEATTLE COMMUNITY HOSPITAL"
"500019","53041","PROVIDENCE CENTRALIA HOSPITAL"
"500020","53033","NORTHGATE GENERAL HOSPITAL"
"500021","53053","ST CLARE HOSPITAL"
"500023","53021","LOURDES MEDICAL CENTER"
"500024","53067","PROVIDENCE ST PETER HOSPITAL"
"500025","53033","SWEDISH MEDICAL CENTER / CHERRY HILL"
"500026","53061","SWEDISH EDMONDS HOSPITAL"
"500027","53033","SWEDISH MEDICAL CENTER"
"500028","53047","NORTH VALLEY HOSPITAL"
"500029","53025","COLUMBIA BASIN HOSPITAL"
"50002F","53063","US AIR FORCE HOSP"
"500030","53073","PEACEHEALTH ST JOSEPH MEDICAL CENTER"
"500031","53027","GRAYS HARBOR COMMUNITY HOSPITAL"
"500033","53025","SAMARITAN HOSPITAL"
"500034","53033","ST CABRINI HOSPITAL OF SEATTLE"
"500035","53063","ST LUKES MEMORIAL HOSPITAL"
"500036","53077","YAKIMA VALLEY MEMORIAL"
"500037","53077","ASTRIA TOPPENISH HOSPITAL"
"500039","53035","ST MICHAEL MEDICAL CENTER"
"50003F","     ","US AIR FORCE HOSP"
"500040","53027","ST JOSEPH HOSPITAL"
"500041","53015","PEACEHEALTH ST JOHN MEDICAL CENTER"
"500042","53053","ALLENMORE HOSPITAL"
"500043","53005","PROSSER MEMORIAL HOSPITAL"
"500044","53063","MULTICARE DEACONESS HOSPITAL"
"500045","53053","PUGET SOUND HOSPITAL"
"500046","53073","ST LUKES GENERAL HOSPITAL"
"500048","53065","ST JOSEPHS HOSPITAL & LTC OF CHEWELAH"
"500049","53071","WALLA WALLA GENERAL HOSPITAL"
"50004F","53033","US ARMY HOSP"
"500050","53011","PEACEHEALTH SOUTHWEST MEDICAL CENTE"
"500051","53033","OVERLAKE HOSPITAL MEDICAL CENTER & CLINICS"
"500052","53033","KAISER PERMANENTE CENTRAL HOSPITAL"
"500053","53005","TRIOS"
"500054","53063","PROV SACRED HRT MED CTR & CHILDS HOSP."
"500055","53065","MOUNT CARMEL HOSPITAL"
"500057","53003","TRI-STATE MEMORIAL HOSPITAL"
"500058","53005","KADLEC REGIONAL MEDICAL CENTER"
"500059","53031","JEFFERSON GENERAL HOSPITAL"
"50005F","53053","MADIGAN GEN HOSP"
"500060","53061","CASCADE VALLEY HOSPITAL"
"500061","53027","MARK REED HOSPITAL"
"500062","53009","FORKS COMMUNITY HOSPITAL"
"500064","53033","HARBORVIEW MEDICAL CENTER"
"500065","53075","PULLMAN MEMORIAL HOSPITAL"
"500066","53033","MEDICAL-DENTAL BUILDING HOSPITAL"
"500068","53039","SKYLINE HOSPITAL"
"500069","53049","WILLAPA HARBOR HOSPITAL"
"50006F","53035","US NAVAL HOSP"
"500070","53015","MONTICELLO MEDICAL CENTER"
"500071","53047","MID-VALLEY HOSPITAL"
"500072","53009","OLYMPIC MEDICAL CENTER"
"500073","53041","MORTON GENERAL HOSPITAL"
"500074","53075","WHITMAN HOSPITAL & MEDICAL CENTER"
"500075","53033","FIFTH AVENUE MEDICAL CENTER"
"500076","53077","COMMUNITY HOSPITAL"
"500077","53063","PROVIDENCE HOLY FAMILY HOSPITAL"
"500078","53033","BALLARD COMMUNITY HOSPITAL"
"500079","53053","MULTICARE GOOD SAMARITAN HOSPITAL"
"50007F","53033","US PUBLIC HEALTH SERVICE HOSP"
"500080","53043","ODESSA MEMORIAL HOSPITAL"
"500081","53007","EYE & EAR HOSPITAL OF WENATCHEE"
"500084","53061","EVERGREENHEALTH MONROE"
"500085","53039","KLICKITAT VALLEY HOSPITAL"
"500086","53077","SUNNYSIDE COMMUNITY HOSPITAL"
"500087","53033","RIVERTON GENERAL HOSPITAL"
"500088","53033","VALLEY MEDICAL CENTER"
"500089","53043","LINCOLN HOSPITAL"
"50008F","53053","US DEPARTMENT OF JUSTICE HOSP"
"500090","53023","GARFIELD COUNTY MEMORIAL"
"500092","53007","LAKE CHELAN COMMUNITY HOSPITAL"
"500093","53057","UNITED GENERAL HOSPITAL"
"500094","53013","DAYTON GENERAL HOSPITAL"
"500096","53049","OCEAN BEACH HOSPITAL"
"500097","53051","NEWPORT COMMUNITY HOSPITAL"
"500098","53019","FERRY COUNTY MEMORIAL HOSPITAL"
"50009F","53053","VA HOSP"
"500100","53051","MOUNT LINTON HOSPITAL"
"500101","53001","EAST ADAMS RURAL HOSPITAL"
"500102","53001","OTHELLO COMMUNITY HOSPITAL"
"500104","53033","ENUMCLAW COMMUNITY HOSPITAL"
"500106","53025","QUINCY VALLEY HOSPITAL"
"500107","53047","OKANOGAN-DOUGLAS DISTRICT HOSPITAL"
"500108","53053","ST JOSEPH MEDICAL CENTER"
"500109","53033","SHOREWOOD OSTEOPATHIC HOSPITAL"
"50010F","53033","VA HOSP"
"500110","53037","KITTITAS VALLEY COMMUNITY HOSPITAL"
"500114","53011","ST JOSEPH COMMUNITY HOSPITAL"
"500118","53045","MASON GENERAL HOSPITAL"
"500119","53063","MULTICARE VALLEY HOSPITAL"
"50011F","53063","VA HOSP"
"500122","53029","WHIDBEY GENERAL HOSPITAL"
"500123","53007","CASCADE MEDICAL CENTER"
"500124","53033","EVERGREENHEALTH MEDICAL CENTER"
"500125","53025","COULEE COMMUNITY HOSPITAL"
"500127","53063","MOUNTAINVIEW HOSPITAL"
"500129","53053","TACOMA GENERAL ALLENMORE HOSPITAL"
"50012F","53011","VA HOSP"
"500130","53053","DOCTORS HOSPITAL OF TACOMA,THE"
"500132","53063","DEER PARK HEALTH CENTER AND HOSPITAL"
"500133","53033","PACIFIC MEDICAL CENTER"
"500134","53033","SCHICK-SHADEL HOSPITAL"
"500135","53033","SNOQUALMIE VALLEY HOSPITAL"
"500136","53077","COLUMBIA HOSPITAL"
"500137","53033","LAKESIDE-MILAM RECOVERY CENTERS"
"500138","53033","FRED HUTCHINSON CANCER CENTER"
"500139","53067","MULTICARE CAPITAL MEDICAL CENTER"
"50013F","53071","VA HOSP"
"500140","53015","HOSPICE CARE CENTER HOSPITAL"
"500141","53033","ST FRANCIS COMMUNITY HOSPITAL"
"500142","53033","MEDICAL DENTAL HOSPITAL"
"500143","53067","PROVIDENCE ST PETER CHEMICAL DEPENDENCY CENTER"
"500145","53033","NW REG HOSP FOR RESP AND COMPLEX CARE"
"500146","53033","SNOQUALMIE VALLEY HOSPITAL"
"500147","53033","SNOQUALMIE VALLEY HOSPITAL"
"500148","53007","CONFLUENCE HEALTH- WENATCHEE VALLEY HOSP & CLINICS"
"50014F","53029","US NAVAL HOSP"
"500150","53011","LEGACY SALMON CREEK MEDICAL CENTER"
"500151","53053","ST ANTHONY HOSPITAL"
"500152","53033","SWEDISH ISSAQUAH"
"500153","53055","PEACEHEALTH PEACE ISLAND MEDICAL CENTER"
"500154","53033","MULTICARE COVINGTON MEDICAL CENTER"
"500155","53053","MERIDIAN SURGERY CENTER"
"500156","53041","WASHINGTON ORTHOPEDIC CENTER"
"500157","53053","MICROSURGICAL SPINE CETNER"
"50016E","53063","RALEIGH HILLS HOSP"
"50017E","53063","LAKELAND VILLAGE HOSP"
"50018E","53033","SHADEL HOSP"
"50019E","53063","SHRINERS HOSP FOR CRIPPLED CHILDREN"
"50020E","53063","PAULSEN MEDICAL-DENTAL HOSP"
"50024E","53033","FIRCREST SCHOOL HOSP"
"50025E","53077","YAKIMA VALLEY SCHOOL HOSP"
"50026E","53053","RANIER STATE SCHOOL HOSP"
"50028E","53037","ROSLYN-CLE ELUM HOSP"
"50029E","53033","ALCENAS HOSPITAL"
"50030E","53053","ST ANTHONY HOSPITAL"
"50030F","53033","VA PUGET SOUND HEALTH CARE SYSTEM"
"500779","53001","EAST ADAMS RURAL HOSPITAL"
"501301","53023","GARFIELD COUNTY MEMORIAL HOSPITAL"
"501302","53013","DAYTON GENERAL HOSPITAL"
"501303","53049","WILLAPA HARBOR HOSPITAL"
"501304","53027","SUMMIT PACIFIC MEDICAL CENTER"
"501305","53043","LINCOLN HOSPITAL"
"501306","53063","DEER PARK HEALTH CENTER & HOSPITAL"
"501307","53043","ODESSA MEMORIAL HEALTHCARE CENTER"
"501308","53025","COULEE MEDICAL CENTER"
"501309","53065","PROVIDENCE ST JOSEPH HOSPITAL"
"501310","53051","NEWPORT COMMUNITY HOSPITAL"
"501311","53001","EAST ADAMS RURAL HOSPITAL"
"501312","53005","PROSSER MEMORIAL HOSPITAL"
"501313","53007","CASCADE MEDICAL CENTER"
"501314","53049","OCEAN BEACH HOSPITAL"
"501315","53039","SKYLINE HOSPITAL"
"501316","53039","KLICKITAT VALLEY HOSPITAL"
"501317","53025","COLUMBIA BASIN HOSPITAL"
"501318","53001","OTHELLO COMMUNITY HOSPITAL"
"501319","53041","ARBOR HEALTH MORTON HOSPITAL"
"501320","53025","QUINCY VALLEY HOSPITAL"
"501321","53047","NORTH VALLEY HOSPITAL"
"501322","53019","FERRY COUNTY MEMORIAL HOSPITAL"
"501323","53031","JEFFERSON HEALTHCARE"
"501324","53047","THREE RIVERS HOSPITAL"
"501325","53009","FORKS COMMUNITY HOSPITAL"
"501326","53065","PROVIDENCE MOUNT CARMEL HOSPITAL"
"501327","53075","WHITMAN HOSPITAL AND MEDICAL CENTER"
"501328","53047","MID VALLEY HOSPITAL"
"501329","53057","PEACEHEALTH UNITED GENERAL MEDICAL CENTER"
"501330","53077","ASTRIA SUNNYSIDE HOSPITAL"
"501331","53075","PULLMAN REGIONAL HOSPITAL"
"501332","53003","TRI-STATE MEMORIAL HOSPITAL"
"501333","53037","KITTITAS VALLEY COMMUNITY HOSPITAL"
"501334","53007","LAKE CHELAN COMMUNITY HOSPITAL"
"501335","53033","ST ELIZABETH HOSPITAL"
"501336","53045","MASON GENERAL HOSPITAL & FAMILY OF CLINICS"
"501337","53021","LOURDES MEDICAL CENTER"
"501338","53033","SNOQUALMIE VALLEY HOSPITAL"
"501339","53029","WHIDBEYHEALTH MEDICAL CENTER"
"501340","53055","PEACEHEALTH PEACE ISLAND MEDICAL CENTER"
"501992","53033","SUNRISE HAVEN"
"502001","53033","REGIONAL HOSPITAL FOR RESPIRATORY AND COMPLEX CARE"
"502002","53033","KINDRED HOSPITAL-SEATTLE"
"503025","53063","PROVIDENCE ST LUKE'S REHABILITATION MEDICAL CENTER"
"503026","53053","CHI FRANCISCAN REHABILITATION HOSPITAL"
"503027","53061","PROVIDENCE SWEDISH REHABILITATION HOSPITAL"
"503300","53033","SEATTLE CHILDREN'S HOSPITAL"
"503301","53053","MARY BRIDGE CHILDREN'S HOSPITAL"
"503302","53063","SHRINERS HOSPITAL FOR CHILDREN"
"504002","53033","BHC FAIRFAX HOSPITAL"
"504003","53053","WESTERN STATE HOSPITAL"
"504004","53063","EASTERN STATE HOSPITAL"
"504008","53005","LOURDES COUNSELING CENTER"
"504009","53033","NAVOS"
"504010","53053","PUGET SOUND BEHAVIORAL HEALTH"
"504011","53033","CASCADE BEHAVIORAL HOSPITAL"
"504012","53061","SMOKEY POINT BEHAVIORAL HOSPITAL"
"504013","53011","RAINIER SPRINGS"
"504014","53063","INLAND NORTHWEST BEHAVIORAL HEALTH"
"504015","53067","SOUTH SOUND BEHAVIORAL HOSPITAL"
"504016","53053","WELLFOUND BEHAVIORAL HEALTH HOSPITAL"
"509800","53033","VIRGINIA MASON MEDICAL CENTER"
"509801","53033","SWEDISH MEDICAL CENTER TRANSPLANT SERVICES"
"509802","53033","UNIVERSITY OF WASHINGTON MEDICAL CENTER"
"509803","53033","SEATTLE CHILDRENS HOSPITAL - TRANSPLANT"
"509804","53063","PROVIDENCE SACRED HEART MEDICAL CENTER"
"510001","54061","WEST VIRGINIA UNIVERSITY HOSPITALS, INC"
"510002","54025","CAMC GREENBRIER VALLEY MEDICAL CENTER, INC"
"510003","54083","MEMORIAL GENERAL HOSP"
"510004","54045","GUYAN VALLEY HOSPITAL"
"510005","54077","PRESTON MEMORIAL HOSPITAL"
"510006","54033","UNITED HOSPITAL CENTER, INC"
"510007","54011","ST MARY'S MEDICAL CENTER"
"510008","54003","BERKELEY MEDICAL CENTER"
"510009","54001","BROADDUS HOSP ASSOC"
"510011","54097","ELIZABETH COPLIN LEONARD MEM HOSP"
"510012","54053","RIVERS HEALTH"
"510013","54051","REYNOLDS MEMORIAL HOSPITAL, INC"
"510014","54011","HCA RIVER PARK HOSP"
"510015","54005","BOONE MEMORIAL HOSPITAL"
"510016","54067","RICHWOOD AREA COMMUNITY HOSPITAL"
"510018","54035","JACKSON GENERAL HOSPITAL"
"510019","54011","GUTHRIE MEMORIAL HOSPITAL INC"
"51001F","54025","FEDERAL REFORMATORY FOR WOMEN HOSP"
"510020","54091","GRAFTON CITY HOSP"
"510022","54039","CHARLESTON AREA MEDICAL CENTER"
"510023","54029","WEIRTON MEDICAL CENTER, INC"
"510024","54061","MON HEALTH MEDICAL CENTER"
"510025","54101","WEBSTER COUNTY MEMORIAL HOSPITAL"
"510026","54023","GRANT MEMORIAL HOSPITAL"
"510027","54065","MORGAN COUNTY WAR MEMORIAL HOSPITAL"
"510028","54019","MONTGOMERY GENERAL HOSPITAL"
"510029","54039","THOMAS MEMORIAL HOSPITAL"
"51002F","54081","BECKLEY VA MEDICAL CENTER"
"510030","54083","DAVIS MEDICAL CENTER"
"510031","54039","SAINT FRANCIS HOSPITAL"
"510033","54107","ST JOSEPHS HEALTHCARE SYSTEM"
"510035","54045","MAN APPALACHIAN REGIONAL HOSPITAL"
"510036","54027","HAMPSHIRE MEMORIAL HOSPITAL"
"510038","54041","STONEWALL JACKSON MEMORIAL HOSPITAL COMPANY"
"510039","54069","OHIO VALLEY MEDICAL CENTER"
"51003F","54033","LOUIS A JOHNSON VA MEDICAL CENTER (CLARKSBURG)"
"510040","54039","DOCTORS HOSPITAL"
"510043","54075","POCAHONTAS MEMORIAL HOSPITAL"
"510045","54045","HOLDEN HOSPITAL"
"510046","54055","PRINCETON COMMUNITY HOSPITAL ASSN INC"
"510047","54049","FAIRMONT REGIONAL MEDICAL CENTER"
"510048","54045","LOGAN REGIONAL MEDICAL CENTER"
"51004F","54011","HUNTINGTON VA MEDICAL CENTER"
"510050","54069","WHEELING HOSPITAL, INC"
"510052","54039","CAMC WOMEN AND CHILDREN'S HOSPITAL"
"510053","54097","ST JOSEPH HOSPITAL"
"510054","54109","WYOMING GENERAL HOSPITAL"
"510055","54011","CABELL HUNTINGTON HOSPITAL, INC"
"510058","54107","CAMDEN CLARK MEDICAL CENTER"
"510059","54039","CHARLESTON SURGICAL HOSPITAL"
"51005F","54003","MARTINSBURG VA MEDICAL CENTER"
"510060","54019","PLATEAU MEDICAL CENTER"
"510061","54057","POTOMAC VALLEY HOSPITAL"
"510062","54081","BECKLEY ARH HOSPITAL"
"510063","54013","CALHOUN GENL HOSP CNTY INC"
"510064","54047","STEVENS CLINIC HOSPITAL"
"510065","54095","SISTERVILLE GENERAL HOSPITAL"
"510066","54081","BECKLEY HOSPITAL"
"510067","54055","ST LUKES HOSPITAL"
"510068","54037","JEFFERSON MEMORIAL HOSPITAL"
"51006E","54049","FAIRMONT EMERGENCY HOSP"
"510070","54081","RALEIGH GENERAL HOSPITAL"
"510071","54055","BLUEFIELD REGIONAL MEDICAL CENTER"
"510072","54103","WETZEL COUNTY HOSPITAL"
"510074","54093","TUCKER COUNTY HOSPITAL"
"510076","54029","WEIRTON OSTEOPATHIC HOSPITAL"
"510077","54059","WILLIAMSON MEMORIAL HOSPITAL"
"51007E","54047","WELCH EMERGENCY HOSP"
"510080","54089","SUMMERS CNTY APPALACHIAN REG HOSPITAL"
"510081","54087","ROANE GENERAL HOSPITAL"
"510082","54067","SUMMERSVILLE REGIONAL MEDICAL CENTER"
"510084","54007","BRAXTON COUNTY MEMORIAL HOSPITAL"
"510085","54079","CAMC TEAYS VALLEY HOSPITAL"
"510086","54047","WELCH COMMUNITY HOSPITAL"
"510087","54109","WYOMING COMM HOSP INC"
"510088","54019","PLATEAU MEDICAL CENTER"
"510089","54039","SELECT SPECIALTY HOSPITAL"
"51008E","54011","BARBOURSVILLE STATE HOSP (BECAME VETERANS HOME)"
"510090","54011","CORNERSTONE HOSPITAL OF HUNTINGTON"
"510091","54039","CAMC CHARLESTON SURGICAL HOSPITAL"
"510092","54061","ACUITY SPECIALTY HOSPITAL OF MORGANTOWN"
"510093","54049","MON HEALTH MARION"
"510094","54059","WILLIAMSON MEMORIAL INC"
"51009E","54075","DENMAR STATE HOSP"
"51011E","54077","HOPEMONT SANATORIUM"
"51012E","54073","COLIN ANDERSON CENTER"
"51013E","54081","PINECREST SANATORIUM-MED & SURG DIV"
"51014E","54039","HIGHLAND HOSP-MED & SURG DIV"
"51018E","54053","LAKIN STATE HOSP-MED & SURG DIV"
"51019E","54087","SPENCER STATE HOSP-PSYCHE UNIT"
"511300","54001","VANDALIA HEALTH BROADDUS HOSPITAL"
"511301","54101","WEBSTER MEMORIAL HOSPITAL"
"511302","54045","GUYAN VALLEY HOSPITAL"
"511303","54013","MINNIE HAMILTON HEALTH SYSTEM"
"511304","54095","SISTERSVILLE GENERAL HOSPITAL"
"511305","54067","RICHWOOD AREA COMMUNITY HOSPITAL"
"511306","54087","ROANE GENERAL HOSPITAL"
"511307","54091","GRAFTON CITY HOSPITAL, INC"
"511308","54007","BRAXTON COUNTY MEMORIAL HOSPITAL, INC"
"511309","54065","VALLEY HEALTH WAR MEMORIAL HOSPITAL"
"511310","54089","SUMMERS COUNTY ARH HOSPITAL"
"511311","54027","HAMPSHIRE MEMORIAL HOSPITAL"
"511312","54077","PRESTON MEMORIAL HOSPITAL"
"511313","54005","BOONE MEMORIAL HOSPITAL, INC"
"511314","54075","POCAHONTAS MEMORIAL HOSPITAL"
"511315","54057","POTOMAC VALLEY HOSPITAL OF W VA, INC"
"511316","54023","GRANT MEMORIAL HOSPITAL"
"511317","54019","CAMC PLATEAU MEDICAL CENTER, INC"
"511318","54019","MONTGOMERY GENERAL HOSPITAL"
"511319","54037","JEFFERSON MEDICAL CENTER"
"511320","54035","JACKSON GENERAL HOSPITAL"
"511321","54097","ST JOSEPH'S HOSPITAL OF BUCKHANNON, INC"
"511322","54067","SUMMERSVILLE REGIONAL MEDICAL CENTER"
"512002","54039","SELECT SPECIALTY HOSPITAL - CHARLESTON"
"512003","54011","CORNERSTONE SPECIALTY HOSPITALS HUNTINGTON, LLC"
"512004","54061","SELECT SPECIALTY HOSPITAL - MORGANTOWN"
"512005","54029","SELECT SPECIALTY HOSPITAL - WEIRTON"
"513025","54069","SENECA REHABILITATION HOSPITAL"
"513026","54055","ENCOMPASS HEALTH REHAB HOSPITAL OF PRINCETON"
"513027","54107","ENCOMPASS HEALTH REHAB HOSPITAL OF PARKERSBURG"
"513028","54011","ENCOMPASS HEALTH REHAB HOSPITAL OF HUNTINGTON"
"513029","54039","WEST VIRGINIA REHAB HOSP"
"513030","54061","ENCOMPASS HEALTH REHAB HOSPITAL OF MORGANTOWN"
"514001","54039","HIGHLAND HOSPITAL"
"514006","54069","NORTHERN PANHANDLE MENTAL HLTH CTR"
"514007","54061","CHESTNUT RIDGE PSYCHIATRIC HOSPITAL"
"514008","54011","RIVER PARK HOSPITAL"
"514009","54011","MILDRED MITCHELL-BATEMAN HOSPITAL"
"514010","54041","WILLIAM R SHARPE, JR HOSPITAL"
"514011","54033","HIGHLAND-CLARKSBURG HOSPITAL, INC"
"514012","54041","WILLIAM R SHARPE, JR HOSPITAL"
"519800","54039","CHARLESTON AREA MEDICAL CENTER - TRANSPLANT"
"519801","54061","WVUH TRANSPLANT"
"520001","55079","FAMILY HOSPITAL"
"520002","55097","ASPIRUS STEVENS POINT HOSPITAL"
"520003","55033","MYRTLE WERTH HSPTL MAYO HS"
"520004","55063","MAYO CLINIC HEALTH SYSTEM IN LA CROSSE"
"520006","55119","MEMORIAL HEALTH CTR INC  27"
"520007","55017","VICTORY MEDICAL CENTER"
"520008","55133","PROHEALTH WAUKESHA MEMORIAL HOSPITAL"
"520009","55087","ASCENSION NE WISCONSIN - ST ELIZABETH CAMPUS"
"520010","55093","RIVER FALLS AREA HSPTL"
"520011","55005","MARSHFIELD MEDICAL CENTER - RICE LAKE"
"520012","55135","CLINTONVILLE COMMUNITY HOSPITAL"
"520013","55035","SACRED HEART HOSPITAL"
"520014","55025","STOUGHTON HOSPITAL"
"520015","55069","GOOD SAMARITAN HEALTH CTR"
"520016","55063","ST JOSEPHS MEMORIAL HOSPITAL"
"520017","55017","ST JOSEPHS HOSPITAL"
"520018","55095","AMERY REGIONAL MEDICAL CENTER"
"520019","55085","ASPIRUS RHINELANDER HOSPITAL"
"52001E","55087","BORCHARDT MEM HOSP"
"520020","55079","SINAI SAMARITAN MED CENTER-SAMARITAN"
"520021","55059","FROEDTERT PLEASANT PRAIRIE HOSPITAL"
"520022","55079","ST ANTHONY HOSPITAL"
"520024","55123","VERNON MEMORIAL HSPTL"
"520025","55039","WAUPUN MEMORIAL HOSPITAL"
"520026","55109","HOLY FAMILY HSPTL"
"520027","55089","ASCENSION COLUMBIA ST MARY'S HOSPITAL OZAUKEE"
"520028","55045","SSM HEALTH MONROE HOSPITAL"
"520029","55069","SACRED HEART HOSPITAL"
"52002F","55081","TOMAH VA MEDICAL CENTER"
"520030","55073","ASPIRUS WAUSAU HOSPITAL"
"520031","55105","MEMORIAL COMMUNITY HOSPITAL"
"520032","55049","UPLAND HILLS HEALTH INC"
"520033","55141","ASPIRUS WISCONSIN RAPIDS HOSPITAL"
"520034","55071","AURORA MEDICAL CTR MANITOWOC COUNTY"
"520035","55117","AURORA MEDICAL CENTER SHEBOYGAN COUNTY"
"520037","55141","MARSHFIELD MEDICAL CENTER"
"520038","55131","AURORA MEDICAL CTR WASHINGTON COUNTY"
"520039","55107","RUSK COUNTY MEMORIAL HOSPITAL  203"
"52003F","55079","CLEMENT J ZABLOCKI VETERANS AFFAIRS"
"520040","55079","WHEATON FRANSICAN HEALTHCARE-GLENDALE"
"520041","55021","ASPIRUS DIVINE SAVIOR HOSPITAL"
"520042","55111","REEDSBURG AREA MEDICAL CENTER"
"520043","55025","METHODIST HOSPITAL"
"520044","55117","ST NICHOLAS HOSPITAL"
"520045","55139","THEDACARE REGIONAL MEDICAL CENTER - NEENAH INC"
"520047","55129","SPOONER HEALTH SYSTEM"
"520048","55139","ASCENSION NE WISCONSIN MERCY CAMPUS"
"520049","55009","BELLIN MEMORIAL HOSPITAL"
"52004F","55025","WILLIAM S MIDDLETON MEMORIAL VETERANS HOSPITAL"
"520051","55079","ASCENSION COLUMBIA ST MARY'S HOSPITAL MILWAUKEE CA"
"520053","55087","NEW LONDON FAMILY MEDICAL CTR INC"
"520054","55019","MEMORIAL HOSPITAL INC  171"
"520056","55079","ST LUKES MEDICAL CTR INC"
"520057","55111","SSM HEALTH ST CLARE HOSPITAL - BARABOO"
"520058","55031","ST MARYS HOSPITAL OF SUPERIOR NO 63"
"520059","55101","AURORA MEDICAL CENTER BURLINGTON"
"520060","55047","BERLIN MEM HSPTL"
"520062","55133","PROHEALTH OCONOMOWOC MEMORIAL HOSPITAL"
"520063","55131","FROEDTERT WEST BEND HOSPITAL"
"520064","55079","AURORA SINAI MEDICAL CTR"
"520066","55105","MERCY HEALTH SYSTEM CORP"
"520067","55079","GOOD SAMARITAN MEDICAL CTR"
"520068","55005","CUMBERLAND MEM HSPTL"
"520069","55059","ST CATHERINES HOSPITAL INC"
"520070","55035","MAYO CLINIC HEALTH SYSTEM IN EAU CLAIRE"
"520071","55055","FORT MEMORIAL HOSPITAL"
"520074","55001","ADAMS COUNTY MEMORIAL HOSPITAL"
"520075","55009","ST VINCENT HOSPITAL"
"520076","55027","MARSHFIELD MEDICAL CENTER - BEAVER DAM"
"520077","55083","OCONTO MEMORIAL HOSPITAL INC  58"
"520078","55079","ASCENSION ST FRANCIS HOSPITAL"
"52007E","55079","MILWAUKEE CHILDRENS HOSP"
"520081","55071","MEMORIAL HOSPITAL"
"520082","55079","LAKEVIEW HOSPITAL"
"520083","55025","SSM HEALTH ST MARY'S HOSPITAL - MADISON"
"520084","55021","COLUMBUS COMM HSPTL INC"
"520087","55063","GUNDERSEN LUTHERAN MEDICAL CENTER"
"520088","55039","SSM HEALTH ST AGNES HOSPITAL-FOND DU LAC"
"520089","55025","UNITYPOINT HEALTH - MERITER"
"52008E","55079","BOOTH MEM HOSP"
"520090","55039","RIPON MEDICAL CENTER"
"520091","55085","HOWARD YOUNG MEDICAL CTR"
"520092","55115","SHAWANO MEDICAL CENTER"
"520094","55101","ALL SAINTS ST LUKES HOSPITAL"
"520095","55111","SAUK PRAIRIE HOSPITAL"
"520096","55101","ASCENSION ALL SAINTS HOSPITAL"
"520097","55009","ST MARYS HOSPITAL MEDICAL CTR"
"520098","55025","UNIVERSITY OF WI  HOSPITALS & CLINICS AUTHORITY"
"520100","55105","BELOIT MEMORIAL HOSPITAL"
"520101","55083","COMMUNITY MEMORIAL HOSPITAL"
"520102","55127","AURORA LAKELAND MEDICAL CENTER"
"520103","55133","FROEDTERT MENOMONEE FALLS HOSPITAL"
"520104","55095","FREDERIC MUNICIPAL HOSPITAL ASSOC"
"520105","55135","IOLA HOSPITAL"
"520107","55071","FROEDTERT HOLY FAMILY MEMORIAL HOSPITAL"
"520109","55057","MILE BLUFF MEDICAL CENTER"
"520110","55065","MEMORIAL HOSPITAL OF LAFAYETTE CTY 230"
"520111","55061","ST MARYS KEWAUNEE AREA MEM HOSPITAL"
"520112","55095","ST CROIX REGIONAL MEDICAL CTR INC"
"520113","55075","AURORA MEDICAL CENTER BAY AREA"
"520114","55043","BOSCOBEL AREA HEALTH CARE"
"520115","55015","CALUMET MEDICAL CTR INC"
"520116","55027","WATERTOWN REGIONAL MEDICAL CENTER"
"520117","55103","RICHLAND HOSPITAL,THE"
"520118","55121","OSSEO AREA HOSPITAL/NURSING HOME INC"
"52011E","55127","WALWORTH CO HOSP"
"520120","55125","NORTHWOODS HOSPITAL ASSOCIATION"
"520121","55081","FRANCISCAN SKEMP MEDICAL CTR SPARTA"
"520122","55121","TRI-COUNTY MEMORIAL HOSPITAL INC  150"
"520123","55109","BALDWIN AREA MEDICAL CENTER"
"520124","55005","BARRON MEMORIAL MED CTR MAYO HEALTH"
"520126","55007","BAYFIELD COUNTY MEMORIAL HOSPITAL"
"520127","55061","ALGOMA MEMORIAL HOSPITAL"
"52012E","55071","MANITOWOC CO HOSP-MED & SURG DIV"
"520130","55013","BURNETT MEDICAL CENTER INC  205"
"520131","55099","FLAMBEAU HOSPITAL INC"
"520132","55117","AURORA VALLEY VIEW MEDICAL CENTER"
"520134","55023","PRAIRIE DU CHIEN MEMORIAL HSPTL"
"520135","55129","INDIANHEAD MEDICAL CENTER"
"520136","55079","ASCENSION SE WISCONSIN HOSPITAL - ST JOSEPH CAMPUS"
"520138","55079","AURORA ST LUKES MEDICAL CENTER"
"520139","55079","AURORA WEST ALLIS MEDICAL CENTER"
"520140","55079","COLUMBIA  ST MARYS-COLUMBIA CAMPUS"
"520141","55087","KAUKAUNA COMMUNITY HOSPITAL"
"520142","55121","FRANCISCAN SKEMP MEDICAL CTR ARCADIA"
"520143","55011","BUFFALO MEMORIAL HOSPITAL INC"
"520144","55081","TOMAH MEMORIAL HOSPITAL"
"520145","55079","NORTHWEST GENERAL HOSPITAL"
"520146","55043","GRANT REGIONAL HEALTH CENTER"
"520148","55067","LANGLADE MEMORIAL HOSPITAL"
"520149","55137","WILD ROSE COMMUNITY MEMORIAL HOSPITAL"
"520151","55053","BLACK RIVER MEMORIAL HOSPITAL"
"520152","55029","DOOR COUNTY MEM HSPTL"
"520153","55017","BLOOMER MEDICAL CTR MAYO HEALTH SYS 68"
"520154","55135","RIVERSIDE MEDICAL CTR INC"
"520156","55109","HUDSON HSPTL"
"520157","55095","LADD MEMORIAL HOSPITAL  99"
"520159","55125","EAGLE RIVER MEMORIAL HOSPITAL"
"520160","55087","THEDACARE REGIONAL MEDICAL CENTER - APPLETON INC"
"520161","55113","HAYWARD AREA MEM HSPTL"
"520167","55133","NEW BERLIN MEMORIAL HOSPITAL"
"520170","55133","WHEATON FRANCISCAN INC - ELMBROOK MEMORIAL"
"520171","55091","CHIPPEWA VALLEY HOSPITAL"
"520173","55003","MEMORIAL MED CTR"
"520174","55079","JOHN L DOYNE HOSPITAL"
"520175","55101","A CENTER OF RACINE INC"
"520176","55079","DEPAUL HOSPITAL INC"
"520177","55079","FROEDTERT MEMORIAL LUTHERAN HOSPITAL"
"520178","55043","SOUTHWEST HEALTH CTR"
"520180","55133","KETTLE MORAINE HOSPITAL"
"520182","55105","ABARIS CTR FOR CHEMICALLY DEPENDENT"
"520183","55079","FIRST HOSPITAL MILWAUKEE"
"520184","55027","DODGE COUNTY UNIFIED SERVICES"
"520185","55079","FIRST HOSPITAL-MILWAUKEE"
"520186","55079","TRANSITIONAL HOSP CORPORATION"
"520187","55135","WISCONSIN VETERANS HOME HOSPITAL"
"520188","55079","VENCOR HOSPITAL - MILWAUKEE"
"520189","55059","AURORA MEDICAL CTR KENOSHA"
"52018E","55025","CHILDRENS TREATMENT CENTER"
"520190","55079","SELECT SPECIALTY HOSPITAL - MILWAUKEE"
"520191","55059","CHILDREN'S HOSPITAL OF WI--KENOSHA"
"520192","55079","NEXTCARE SPECIALTY HOSP OF MILWAUKEE"
"520193","55009","AURORA BAYCARE MEDICAL CTR"
"520194","55079","ORTHOPAEDIC HOSPITAL OF WISCONSIN"
"520195","55089","COLUMBIA CENTER"
"520196","55035","OAKLEAF SURGICAL HOSPITAL"
"520197","55079","HEART HSPTL OF MILWAUKEE"
"520198","55139","AURORA MEDICAL CTR OSHKOSH"
"520199","55079","THE WISCONSIN HEART HOSPITAL"
"520200","55083","BOND HEALTH CENTER INC"
"520201","55127","MERCY WALWORTH HOSPITAL AND MEDICAL CTR"
"520202","55073","MARSHFIELD MEDICAL CENTER - WESTON"
"520203","55025","SELECT SPECIALTY HOSPITAL MADISON"
"520204","55079","WHEATON FRANCISCAN HEALTHCARE FRANKLIN"
"520205","55079","MIDWEST ORTHOPEDIC SPECIALTY HOSPITAL"
"520206","55133","AURORA MEDICAL CENTER SUMMIT"
"520207","55089","AURORA MEDICAL CENTER"
"520208","55105","SSM HEALTH ST MARY'S HOSPITAL - JANESVILLE"
"520209","55139","SELECT SPECIALTY HOSPITAL FOX VALLEY"
"52020E","55009","AURORA BAYCARE MEDICAL CENTER"
"520210","55035","MARSHFIELD MEDICAL CENTER - EAU CLAIRE"
"520211","55059","GENEVA SURGICAL SUITES LLC"
"520212","55085","MARSHFIELD MEDICAL CENTER - MINOCQUA"
"520213","55133","FROEDTERT COMMUNITY HOSPITAL"
"520214","55133","ASCENSION WISCONSIN HOSP MENOMONEE FALLS CAMPUS"
"520215","55097","MARSHFIELD MEDICAL CENTER - RIVER REGION"
"52021E","55139","AURORA MEDICAL CENTER"
"521300","55125","ASPIRUS EAGLE RIVER HOSPITAL"
"521301","55083","OCONTO MEM HSPTL"
"521302","55121","MAYO CLINIC HEALTH SYSTEM-OAKRIDGE"
"521303","55137","THEDACARE MEDICAL CENTER - WILD ROSE INC"
"521304","55123","GUNDERSEN ST JOSEPHS HOSPITAL AND CLINICS"
"521305","55081","MAYO CLINIC HEALTH SYSTEM IN SPARTA"
"521306","55121","FRANCISCAN SKEMP ARCADIA"
"521307","55091","ADVENTHEALTH DURAND"
"521308","55095","AMERY HOSPITAL & CLINIC"
"521309","55001","GUNDERSEN MOUNDVIEW HOSPITAL AND CLINICS"
"521310","55083","HSHS ST CLARE MEMORIAL HOSPITAL"
"521311","55017","ASPIRUS STANLEY HOSPITAL"
"521312","55065","LAFAYETTE HOSPITAL AND CLINICS"
"521313","55069","ASPIRUS TOMAHAWK HOSPITAL"
"521314","55017","MAYO CLINIC HEALTH SYSTEM-CHIPPEWA VALLEY"
"521315","55005","MAYO CLINIC HEALTH SYSTEM-NORTHLAND"
"521316","55121","GUNDERSEN TRI-COUNTY HOSPITAL AND CLINICS"
"521317","55015","ASCENSION CALUMET HOSPITAL"
"521318","55095","LADD MEMORIAL HOSPITAL"
"521319","55105","EDGERTON HOSPITAL AND HEALTH SERVICES"
"521320","55081","TOMAH MEMORIAL HOSPITAL"
"521321","55039","SSM HEALTH RIPON COMMUNITY HOSPITAL"
"521322","55043","GRANT REGIONAL HEALTH CENTER"
"521323","55019","MARSHFIELD MEDICAL CENTER - NEILLSVILLE"
"521324","55119","ASPIRUS MEDFORD HOSPITAL & CLINICS, INC"
"521325","55099","MARSHFIELD MEDICAL CENTER - PARK FALLS"
"521326","55087","THEDACARE MEDICAL CENTER NEW LONDON"
"521327","55027","SSM HEALTH WAUPUN MEMORIAL HOSPITAL"
"521328","55107","MARSHFIELD MEDICAL CENTER - LADYSMITH"
"521329","55031","ESSENTIA HEALTH ST MARY'S HOSPITAL - SUPERIOR"
"521330","55023","CROSSING RIVERS HEALTH MEDICAL CENTER"
"521331","55013","BURNETT MEDICAL CENTER"
"521332","55129","SPOONER HEALTH SYSTEM"
"521333","55053","BLACK RIVER MEMORIAL HOSPITAL"
"521334","55135","THEDACARE MEDICAL CENTER - WAUPACA INC"
"521335","55109","HUDSON HOSPITAL & CLINIC"
"521336","55113","TAMARACK HEALTH HAYWARD MEDICAL CENTER"
"521337","55095","ST CROIX REGIONAL MEDICAL CENTER"
"521338","55021","PRAIRIE RIDGE HEALTH"
"521339","55069","ASPIRUS MERRILL HOSPITAL"
"521340","55033","MAYO CLINIC HEALTH SYSTEM-RED CEDAR"
"521341","55103","RICHLAND HOSPITAL"
"521342","55129","INDIANHEAD MEDICAL CENTER SHELL LAKE"
"521343","55025","STOUGHTON HOSPITAL"
"521344","55043","GUNDERSEN BOSCOBEL AREA HOSPITAL AND CLINICS"
"521345","55109","WESTFIELDS HOSPITAL AND CLINIC"
"521346","55115","THEDACARE MEDICAL CENTER - SHAWANO INC"
"521347","55109","WESTERN WISCONSIN HEALTH"
"521348","55123","VERNON HEALTH HOSPITAL"
"521349","55093","RIVER FALLS AREA HOSPITAL"
"521350","55067","ASPIRUS LANGLADE HOSPITAL"
"521351","55111","REEDSBURG AREA MEDICAL CENTER"
"521352","55049","UPLAND HILLS HEALTH"
"521353","55005","CUMBERLAND MEMORIAL HOSPITAL"
"521354","55043","SOUTHWEST HEALTH CENTER"
"521355","55047","THEDACARE MEDICAL CENTER - BERLIN INC"
"521356","55083","EMPLIFY HEALTH OCONTO HOSPITAL"
"521357","55127","MERCY WALWORTH HOSPITAL & MEDICAL CENTER"
"521358","55029","DOOR COUNTY MEDICAL CENTER"
"521359","55003","TAMARACK HEALTH ASHLAND MEDICAL CENTER"
"521990","55133","CLEARVIEW HOME CORPORATION"
"522004","55079","PAM SPECIALTY HOSPITAL OF MILWAUKEE"
"522005","55101","LAKEVIEW SPECIALTY HOSPITAL & REHAB CENTER"
"522006","55079","SELECT SPECIALTY HOSPITAL MILWAUKEE"
"522007","55133","LIFECARE HOSPITALS OF WISCONSIN"
"522008","55025","SELECT SPECIALTY HOSPITAL MADISON"
"523025","55089","ASCENSION SACRED HEART REHABILITATION HOSPITAL"
"523026","55101","LAKEVIEW NEUROREHAB CTR MIDWEST INC"
"523027","55133","REHABILITATION HOSPITAL OF WISCONSIN"
"523028","55025","UW HEALTH REHABILITATION HOSPITAL"
"523029","55079","MILWAUKEE REHABILITATION HOSPITAL AT GREENFIELD"
"523030","55035","REHABILITATION HOSPITAL OF WESTERN WISCONSIN"
"523031","55009","GREEN BAY REHABILITATION HOSPITAL"
"523032","55059","CLEARSKY REHABILITATION HOSPITAL OF KENOSHA"
"523033","55025","ENCOMPASS HEALTH REHABILITATION HSPTL OF FITCHBURG"
"523034","55073","PAM HEALTH REHABILITATION HOSPITAL OF WAUSAU"
"523035","55071","CLEARSKY REHABILITATION HOSPITAL LAKESHORE"
"523300","55079","CHILDRENS HOSPITAL OF WISCONSIN"
"523301","55059","CHILDRENS HSPTL OF WI KENOSHA"
"523302","55139","CHILDRENS HOSPITAL OF WISCONSIN FOX VALLEY"
"524000","55079","AURORA PSYCHIATRIC HOSPITAL"
"524001","55079","MILWAUKEE COUNTY BEHAVIORAL HEALTH DIVISION"
"524002","55139","WINNEBAGO MENTAL HEALTH INSTITUTE"
"524003","55079","ST MARYS HILL HOSPITAL INC"
"524005","55093","RIVERWOOD CENTER"
"524008","55025","MENDOTA MENTAL HEALTH INSTITUTE"
"524014","55009","BROWN COUNTY COMMUNITY TREATMENT CTR"
"524017","55073","NORTH CENTRAL HEALTH CARE"
"524018","55133","ROGERS MEMORIAL HOSPITAL"
"524019","55141","NORWOOD HEALTH CENTER"
"524020","55111","REEDSBURG MEMORIAL HOSPITAL, INC"
"524021","55127","LAKELAND COUNSELING CENTER"
"524022","55027","DODGE COUNTY MENTAL HEALTH CENTER"
"524023","55043","UNIFIED COUNSELING SERV"
"524025","55039","FOND DU LAC COUNTY ACUTE PSYCH UNIT"
"524026","55133","WAUKESHA COUNTY MENTAL HEALTH CTR"
"524027","55131","WASHINGTON COUNTY MEN HEALTH CTR"
"524028","55033","DUNN COUNTY HEALTH CARE CENTER"
"524029","55079","MILW CO MENTAL HEALTH COMPLEX"
"524030","55079","FIRST HOSPITAL-MILWAUKEE"
"524031","55009","FOX VALLEY HOSPITAL"
"524032","55093","RIVER HILLS HOSPITAL"
"524033","55025","HCA PARKWAY HOSPITAL"
"524034","55079","CHARTER BEHAVRL HLTH SYS OF WI/W ALLIS"
"524035","55079","CHARTER BEHAVRL HLTH SYS OF WI/BR DEER"
"524036","55019","CLARK COUNTY HEALTH CARE CENTER"
"524037","55079","CPC GREENBRIAR HOSPITAL"
"524038","55009","BELLIN PSYCHIATRIC CENTER"
"524039","55105","ROCK COUNTY PSYCHIATRIC HOSPITAL"
"524040","55079","DE PAUL HOSPITAL INC"
"524041","55009","WILLOW CREEK BEHAVIORAL HEALTH"
"524042","55025","MIRAMONT BEHAVIORAL HEALTH"
"524043","55079","GRANITE HILLS HOSPITAL"
"524044","55079","MENTAL HEALTH EMERGENCY CENTER, INC"
"524045","55025","SHOREWOOD BEHAVIORAL HEALTH"
"524046","55079","ROGERS MEMORIAL HOSPITAL INC"
"524047","55079","ROGERS MEMORIAL HOSPITAL INC"
"529801","55079","AURORA ST LUKES MEDICAL CENTER"
"529802","55025","UNIVERSITY OF WISCONSIN HOSPITALS AND CLINICS"
"529803","55079","CHILDRENS HOSPITAL OF WISCONSIN"
"529804","55079","FROEDTERT MEMORIAL LUTHERAN HOSPITAL"
"530001","56021","DEPAUL HOSPITAL"
"530002","56005","CAMPBELL COUNTY MEMORIAL HOSPITAL"
"530003","56045","WESTON COUNTY HEALTH SERVICES"
"530004","56017","HOT SPRINGS COUNTY MEMORIAL HOSPITAL"
"530005","56009","MEMORIAL HOSPITAL OF CONVERSE COUNTY"
"530006","56033","SHERIDAN MEMORIAL HOSPITAL"
"530007","56029","POWELL HOSPITAL"
"530008","56013","SAGEWEST HEALTH CARE"
"530009","56007","MEMORIAL HOSPITAL OF CARBON COUNTY"
"530010","56013","LANDER REGIONAL HOSPITAL"
"530011","56037","MEMORIAL HOSPITAL SWEETWATER COUNTY"
"530012","56025","WYOMING MEDICAL CENTER"
"530014","56021","CHEYENNE REGIONAL MEDICAL CENTER"
"530015","56039","ST JOHNS MEDICAL CENTER"
"530016","56029","WEST PARK HOSPITAL DISTRICT"
"530017","56023","SOUTH LINCOLN MEDICAL CENTER"
"530018","56015","COMMUNITY HOSPITAL"
"530019","56031","PLATTE COUNTY MEMORIAL HOSPITAL"
"53001F","56021","US AIR FORCE HOSP"
"530021","56041","UINTA MEDICAL CENTER"
"530022","56043","WASHAKIE MEDICAL CENTER"
"530023","56023","STAR VALLEY MEDICAL CENTER"
"530024","56003","SOUTH BIG HORN COUNTY HOSPITAL"
"530025","56001","IVINSON MEMORIAL HOSPITAL"
"530026","56019","JOHNSON CO MEMORIAL HOSP"
"530027","56027","NIOBRARA COUNTY MEMORIAL HOSPITAL"
"530029","56003","NORTH BIG HORN HOSPITAL"
"530031","56011","CROOK COUNTY MEMORIAL HOSPITAL"
"530032","56041","EVANSTON REGIONAL HOSPITAL"
"530033","56025","MOUNTAIN VIEW REGIONAL HOSPITAL"
"530034","56025","SUMMIT MEDICAL CENTER"
"530035","56037","ASPEN MOUNTAIN MEDICAL CENTER"
"530036","56033","SHERIDAN SURGICAL CENTER, LLC"
"530037","56007","NORTH PLATTE VALLEY MEDICAL CENTER"
"530038","56035","SUBLETTE COUNTY HEALTH"
"53004F","56021","VA HOSP"
"53005F","56033","VA HOSP"
"53006E","     ","LAKE HOSP"
"53009E","     ","LAKE HOSP"
"531300","56027","NIOBRARA CO CRITICAL ACCESS HOSPITAL"
"531301","56003","SOUTH BIG HORN COUNTY CRITICAL ACCESS HOSPITAL"
"531302","56009","MEMORIAL HOSPITAL OF CONVERSE COUNTY"
"531303","56045","WESTON COUNTY HEALTH SERVICES"
"531304","56017","HOT SPRINGS COUNTY MEMORIAL HOSPITAL"
"531305","56031","PLATTE COUNTY HOSPITAL"
"531306","56043","WASHAKIE MEDICAL CENTER"
"531307","56015","COMMUNITY HOSPITAL"
"531308","56019","JOHNSON COUNTY HEALTHCARE CENTER"
"531309","56003","NORTH BIG HORN HOSPITAL DISTRICT"
"531310","56029","POWELL VALLEY HOSPITAL"
"531311","56011","CROOK COUNTY HOSPITAL"
"531312","56029","CODY REGIONAL HEALTH"
"531313","56023","STAR VALLEY HEALTH"
"531314","56027","NIOBRARA HEALTH & LIFE CENTER"
"531315","56023","SOUTH LINCOLN MEDICAL CENTER - CAH"
"531316","56007","MEMORIAL HOSPITAL OF CARBON COUNTY"
"531317","56007","NORTH PLATTE VALLEY MEDICAL CENTER"
"531318","56037","MEMORIAL HOSPITAL SWEETWATER COUNTY"
"531319","56041","EVANSTON REGIONAL HOSPITAL"
"532002","56041","WYOMING STATE HOSPITAL"
"533026","56021","SPALDING REHABILITATION HOSPITAL"
"533027","56025","ELKHORN VALLEY REHABILITATION HOSPITAL LLC"
"534001","56041","WYOMING STATE HOSPITAL"
"534002","56013","PSYCHIATRIC INSTITUTE OF WYOMING,THE"
"534003","56025","CREST VIEW HOSPITAL"
"534004","56025","WYOMING BEHAVIORAL INSTITUTE"
"56001E","     ","EDMUNDSTON REGIONAL HOSPITAL"
"56002E","     ","MCLEAN MEM HOSP"
"56003E","     ","WINNIPEG MUNICIPAL HOSP"
"56004E","     ","YARMOUTH REGIONAL HOSP"
"56005E","     ","HOTEL DIEU HOSP"
"56006E","     ","ST MICHAELS HOSP"
"56007E","     ","LETHBRIDGE MUN HOSP"
"56008E","     ","ROYAL COLUMBIAN HOSP"
"56009E","     ","SIR MORTIMER B DAVIS - JEWISH GEN HOSP"
"56010E","     ","ROYAL VICTORIA HOSP"
"56011E","     ","ERICKSON DISTRICT HOSP"
"56012E","     ","PILOT MOUND MED NURSING UNIT"
"56013E","     ","ROCK LAKE HOSP"
"56014E","     ","ALTONA COMMUNITY MEM HEALTH CENTRE"
"56015E","     ","MORDEN DIST GEN HOSP"
"56016E","     ","CARDSTON MUN HOSP"
"56017E","     ","BIENFAIT-COALFIELDS UNION HOSP"
"56018E","     ","LA VERENDRYE GEN HOSP"
"56019E","     ","MONTREAL GEN HOSP"
"56020E","     ","NOTRE-DAME HOSP"
"56021E","     ","SHERBROOKE HOSP"
"56022E","     ","LACHINE GEN HOSP"
"56023E","     ","HOLY CROSS HOSP"
"56024E","     ","BLOOD INDIAN HOSP"
"56025E","     ","MAYFAIR HOSP LTD"
"56027E","     ","GENERAL HOSP"
"56028E","     ","ST BONIFACE GEN HOSP"
"56029E","     ","MATSQUI-SUMAS-ABBOTSFORD GEN HOSP"
"56031E","     ","LAKESHORE GEN HOSP"
"56032E","     ","HOTEL DIEU"
"56033E","     ","GREATER NIAGARA GEN HOSP"
"56034E","     ","ST JOHN GEN HOSP"
"56035E","     ","JOSEPH BRANDT MEM HOSP"
"56036E","     ","CHARLES LE MOYNE HOSP"
"56037E","     ","CENTRE HOSP DE MANIWAKI"
"56038E","     ","ST JOSEPHS HOSP"
"56039E","     ","PEEL MEM HOSP"
"56040E","     ","CRESTON VALLEY HOSP"
"56041E","     ","EMERSON HOSP"
"56042E","     ","BORDER COUNTIES GEN HOSP"
"56043E","     ","PARRY SOUND DISTRICT GEN HOSP"
"56044E","     ","BRITISH COLUMBIA UNIV HLTH SERV HOSP"
"56045E","     ","CENTRE HOSP LAC MEGANTIC"
"56046E","     ","HOTEL DIEU OF ST JOSEPH HOSP"
"56047E","     ","PLUMMER MEM PUBLIC HOSP"
"56048E","     ","HIGH RIVER GEN AND AUXILIARY HOSP"
"56049E","     ","MONTREAL NEUROLOGICAL HOSP"
"56050E","     ","YOUVILLE HOSP"
"56051E","     ","REGINA GEN HOSP"
"56052E","     ","GRAND FALLS GEN HOSP"
"56053E","     ","PORT ARTHUR GEN HOSP"
"56054E","     ","CENTRE HOSP DE COATICOOK"
"56055E","     ","BOUNDARY HOSP"
"56056E","     ","NORTH YORK BRANSON HOSP"
"56057E","     ","ST JOSEPHS HOSP OF ESTEVAN"
"56058E","     ","ST JOSEPHS HEALTH CENTRE"
"56059E","     ","KINGSTON GEN HOSP"
"56060E","     ","SOLDIERS MEM HOSP"
"56061E","     ","PRINCE RUPERT REGIONAL HOSP"
"56062E","     ","VANCOUVER GEN HOSP"
"56063E","     ","FOOTHILLS PROVINCIAL GEN HOSP"
"56065E","     ","CANADIAN RED CROSS HOSP"
"56066E","     ","PEACE ARCH DIST HOSP"
"56067E","     ","ST VINCENT DE PAUL HOSP"
"56068E","     ","ROCKYVIEW GEN HOSP"
"56069E","     ","HOTEL DIEU DE LEVIS"
"56070E","     ","BORDER UNION HOSP"
"56071E","     ","CHAPLEAU GEN HOSP"
"56072E","     ","BETHEL HOSP"
"56073E","     ","SAUGEEN MEM HOSP"
"56074E","     ","HIGHLAND VIEW REGIONAL HOSP"
"56075E","     ","NORTH YORK GEN HOSP"
"56076E","     ","MATER MISERICORDIAE HOSP"
"56077E","     ","ST JOSEPHS HOSP"
"56078E","     ","WHITEHORSE GEN HOSP"
"56079E","     ","ST VINCENT-DE-PAUL HOSP"
"56080E","     ","SIR THOMAS RODDICK HOSP"
"56081E","     ","ST JOHNS GEN HOSP"
"56082E","     ","ST JOSEPHS GEN HOSP"
"56083E","     ","PRINCE GEORGE REGIONAL HOSP"
"56084E","     ","CORNWALL GEN HOSP"
"56085E","     ","QUEEN ELIZABETH HOSP OF MONTREAL"
"56086E","     ","NOTRE-DAME DE CHARNY HOSP"
"56090E","     ","ST MARYS HOSP"
"56091E","     ","KILLAM GEN HOSP"
"56092E","     ","RICHMOND GENERAL HOSP"
"56093E","     ","L UNIVERSITE DE SHERBROOKE CLINIQUE DE"
"56094E","     ","MISERICORDIA GENERAL HOSP"
"56095E","     ","CHARLOTTE COUNTY HOSPITAL"
"56096E","     ","DIGBY GENERAL HOSP"
"56097E","     ","QUEEN VICTORIA HOSP"
"56098E","     ","PAVILLON ST-JOSEPH"
"56099E","     ","MORRIS GEN HOSP"
"56100E","     ","HOTEL-DIEU DE QUEBEC"
"56101E","     ","MONCTON HOSP"
"56102E","     ","BOISSEVAIN HEALTH CENTREP"
"56103E","     ","ST PAULS HOSP"
"56104E","     ","TOBIQUE VALLEY HOSP"
"56105E","     ","PRINCE EDWARD ISLAND HOSP"
"56106E","     ","HOTEL-DIEU DE RIVIERE-DU-LOUP"
"56107E","     ","SANTA CABRINI HOSP"
"56108E","     ","VICTORIA PUBLIC HOSP,THE"
"56109E","     ","WELLAND CO GENERAL HOSP"
"56110E","     ","SETON GENERAL HOSP"
"56111E","     ","CHARLOTTETOWN HOSP"
"56112E","     ","PASQUA HOSP"
"56113E","     ","CARLETON MEMORIAL HOSP"
"56114E","     ","VIRDEN DISTRICT HOSP"
"56115E","     ","SARNIA GENERAL HOSP"
"56116E","     ","SACKVILLE MEM HOSP"
"56117E","     ","L UNIVERSITE DE SHERBROOKE CLINIQUE DE"
"56118E","     ","HALDIMAND WAR MEMORIAL HOSP"
"56119E","     ","TORONTO WESTERN HOSP"
"56120E","     ","CENTRE HOSP DE SAINT-LAURENT"
"56121E","     ","ST JOSEPHS HOSP"
"56122E","     ","RENFREW VICTORIA HOSP"
"56123E","     ","SELKIRK GENERAL HOSP-DISTRICT 31"
"56124E","     ","ST MARYS HOSP"
"56125E","     ","LAKE OF THE WOODS DISTRICT HOSP"
"56126E","     ","OSHAWA GENERAL HOSP"
"56127E","     ","TORONTO EAST GENERAL & ORTHOPEDIC HOSP"
"56128E","     ","SHOULDICE SURGERY HOSP"
"56129E","     ","ST JOSEPH HOSP"
"56130E","     ","ST CATHERINES GENERAL HOSP"
"56131E","     ","HOTEL DIEU HOSP"
"56132E","     ","SCARBOROUGH GENERAL HOSP"
"56133E","     ","GLACE BAY GENERAL HOSP"
"56134E","     ","DOUGLAS MEMORIAL HOSP"
"56135E","     ","HOSPITAL ST FRANCOIS D ASSISE"
"56136E","     ","WESTERN KINGS MEMORIAL HOSP"
"56137E","     ","VICTORIA GENERAL HOSP"
"56138E","     ","JAMES PATTON MEM HOSP"
"56139E","     ","OROMOCTO PUBLIC HOSP"
"56140E","     ","CALGORY GENERAL HOSP"
"56141E","     ","ST JOSEPHS HOSP"
"56142E","     ","ST JOSEPHS GENERAL HOSP"
"56143E","     ","LADY DUNN GENERAL HOSP"
"56144E","     ","ST MICHAELS HOSP"
"56145E","     ","MILLS MEMORIAL HOSP"
"56146E","     ","BURNS LAKE & DISTRICT HOSP"
"56147E","     ","MCBRIDE & DISTRICT HOSP"
"56148E","     ","HELMCKEN MEMORIAL HOSP"
"56149E","     ","DAWSON MEMORIAL HOSP"
"56150E","     ","VICTORIA HOSPITAL"
"56151E","     ","NIPIGON DISTRICT MEMORIAL HOSP"
"56152E","     ","ST JOSEPHS GENERAL HOSPITAL"
"56153E","     ","ST JOSEPHS GENERAL HOSPITAL"
"56154E","     ","KITCHENER-WATERLOO HOSPITAL"
"56155E","     ","ST MARYS GENERAL HOSPITAL"
"56156E","     ","LAKE OF THE WOODS DISTRICT HOSP"
"56157E","     ","RED CROSS HOSPITAL"
"56158E","     ","STRATFORD GENERAL HOSPITAL"
"56159E","     ","ESPANOLA GENERAL HOSP"
"56160E","     ","MINERAL SPRINGS HOSP"
"56161E","     ","PRINCE COUNTY HOSP"
"56162E","     ","DAWSON CREEK DISTRICT HOSP"
"56163E","     ","UNIVERSITY OF ALBERTA HOSP"
"56164E","     ","SHOULDICE SURGERY HOSP"
"56165E","     ","ST MARYS GENERAL HOSP"
"56166E","     ","G R BAKER MEM HOSP"
"56167E","     ","OTTAWA GENERAL HOSP"
"56169E","     ","GRACE GENERAL HOSP"
"56171E","     ","FLEURY INC H GENERAL"
"56172E","     ","MAISONNEUVE HOSP"
"56173E","     ","TORONTO GENERAL HOSP"
"56174E","     ","WINDSOR WESTERN HOSP CENTER"
"56175E","     ","HEALTH SCIENCES CENTER"
"56176E","     ","KITCHENER-WATERLOO HOSP"
"56178E","     ","HUMBER MEMORIAL HOSP"
"56179E","     ","PEMBROKE CIVIC HOSP"
"56180E","     ","CARTWRIGHT DISTRICT HOSP"
"56181E","     ","UNIVERSITY HOSP"
"56182E","     ","ETOBICOKE GENERAL HOSP"
"56184E","     ","VICTORIA GENERAL HOSP"
"56185E","     ","HOTEL DIER HOSP"
"56186E","     ","SALVATION ARMY GRACE HOSP"
"56187E","     ","OTTAWA CIVIC HOSP"
"56188E","     ","STURGEON GENERAL HOSP"
"56189E","     ","MCKELLAR GENERAL HOSP"
"56190E","     ","ST CLARES MERCY HOSP"
"56191E","     ","METROPOLITAN GENERAL HOSP"
"56192E","     ","ST FRANCIS GENERAL HOSP"
"56193E","     ","FT COLBORNE GENERAL HOSP"
"56194E","     ","STONEY PLAIN MUNICIPAL HOSP"
"56195E","     ","COMMUNITY MEMORIAL HOSP"
"56196E","     ","STE-FAMILE HOSP"
"56197E","     ","LANGLEY MEMORIAL HOSP"
"56198E","     ","COWICHAN DISTRICT HOSP"
"56199E","     ","WRINCH MEMORIAL HOSP"
"56200E","     ","TRAIL-TADANAC REGIONAL HOSP"
"56201E","     ","PENTICTON REG HOSP"
"56202E","     ","ST MARTHAS HOSP"
"56203E","     ","ROYAL INLAND HOSP"
"56204E","     ","QUEENSWAY GENERAL HOSP"
"56205E","     ","FT NELSON GEN HOSP"
"56206E","     ","WINDERMERE DISTRICT HOSP"
"56207E","     ","YORK CENTRAL HOSP"
"56208E","     ","GREAT WAR MEMORIAL HOSP OF PERTH DIST"
"56209E","     ","COUNTY OF BRUCE GENERAL HOSP"
"56210E","     ","DAWSON CITY HOSP"
"56211E","     ","POWELL RIVER GENERAL HOSP"
"56212E","     ","SURRY MEMORIAL HOSP"
"56213E","     ","WATSON LAKE YUKON"
"56214E","     ","CENTRE HOSPITALIER-UNIVERSITE LAVAL"
"56215E","     ","MAGRATH MUNICIPAL HOSP"
"56216E","     ","FISHERMENS MEMORIAL HOSP"
"56217E","     ","ST JOHNS HOSP"
"56218E","     ","ABERDEEN HOSP"
"56219E","     ","REST HAVEN GENERAL HOSP"
"56220E","     ","UNIVERSITY HOSP"
"56221E","     ","OSHAWA GENERAL HOSP"
"56222E","     ","NIPPIGON DIST MEM HOSP"
"56223E","     ","PRINCE CO MEM HOSP"
"56224E","     ","VICTORIA GENERAL HOSP"
"56225E","     ","PASQUA HOSP"
"56226E","     ","MARGARET COCHENOUR MEM HOSP"
"56227E","     ","HUNTSVILLE DISTRICT MEM HOSP"
"56228E","     ","PROVIDENCE DE LA HOSP"
"56229E","     ","CARBONEAR COMMUNITY RED CROSS MEM HOSP"
"56230E","     ","DRYDEN DISTRICT GENERAL HOSP"
"56231E","     ","ST FRANCIS MEMORIAL HOSP"
"56232E","     ","CANADIAN RED CROSS SOCIETY HOSP"
"56282E","     ","MT ST JOESPH HOSP"
"56336E","     ","GOLDEN AND DISTRICT GENERAL HOSP"
"56344E","     ","PORT MC NEILAND DISTRICT HOSP"
"56350E","     ","QUEEN CHARLOTTE ISLANDS GENERAL HOSP"
"56351E","     ","MILTON DISTRICT HOSPITAL"
"56352E","     ","DAUPHIN GENERAL HOSPITAL"
"56353E","     ","STANTON YELLOWKNIFE HOSPITAL"
"56354E","     ","CASTLEGAR AND DISTRICT HOSP"
"56355E","     ","ASHCROFT AND DISTRICT GEN HOSP"
"56356E","     ","MISERICORDIA HOSP"
"56357E","     ","BROOKS HEALTH CENTER"
"56358E","     ","PLAINS HEALTH CENTRE"
"56359E","     ","FAIRVIEW GENERAL HOSPITAL"
"56360E","     ","ST MARY'S HOSPITAL"
"56361E","     ","TABER AND DISTRICT HEALTH CARE COMPLEX"
"56362E","     ","HOTEL DIEU ST JOSEPH DE PERTH ANDOVER"
"56364E","     ","PINCHER CREEK MUNICIPAL HOSP"
"56365E","     ","WEYBURN UNION HOSPITAL"
"56366E","     ","EDSON AND DISTRICT HEALTH CARE CENTRE"
"56367E","     ","FORT MACCLEOD HEALTH CARE CENTRE"
"56368E","     ","BROME MISSISQUOI PERKINS HOSPITAL"
"56369E","     ","HOTEL DIEU DE MONTMAGNY"
"56370E","     ","BATTLEFORD HOSPITAL"
"56371E","     ","FLIN FLON GENERAL HOSPITAL"
"56372E","     ","GRIMSHAW BERWYN AND DISTRICT HOSPITAL"
"56373E","     ","KILLARNEY MEDICAL CENTER"
"56374E","     ","GENERAL HOSPITAL CORP HEALTH SCI CEN"
"56375E","     ","HOSPITAL DE L'ENFANT JESUS"
"56376E","     ","HOSPITAL NOTRE DAME"
"56377E","     ","KITIMAT GENERAL HOSPITAL"
"56378E","     ","CFS MASSET"
"56379E","     ","SWIFT CURRENT DISTRICT HEALTH"
"56382E","     ","HOTEL DIEU DE MONTREAL"
"56386E","     ","YORKTON UNION HOSPITAL"
"56387E","     ","PERTH & SMITH FALLS DISTRICT HOSP"
"56388E","     ","PETER LOUGHEED HOSPITAL"
"56389E","     ","HEALTH REGION 8"
"56390E","     ","CALGARY HEALTH REGION"
"56391E","     ","MISSION MEMORIAL HOSPITAL"
"56392E","     ","DELORAINE HEALTH CENTRE"
"56393E","     ","CHINOOK HEALTH REGION"
"59001E","     ","DEL SOCCORO HOSP"
"59002E","     ","SACRED HEART HOSP"
"59004E","     ","BRIBRESCA HOSP"
"59006E","     ","POLICLINICA MEXICI HOSP"
"59009E","     ","HOSPITAL DEL MAR"
"59010E","     ","CLINICA SANCHEZ FLOREZ"
"59012E","     ","HOSPITAL GUADALAJARA"
"640001","     ","LBJ TROPICAL MEDICAL CENTER"
"650001","66010","GUAM MEMORIAL HOSPITAL AUTHORITY"
"650003","66010","GUAM REGIONAL MEDICAL CITY"
"65001F","66010","U S NAVAL HOSP"
"660001","69000","COMMONWEALTH HEALTH CENTER"
"670001","48037","LIVING HOPE NEW BOSTON MEDICAL CENTER"
"670002","48113","UNIVERSITY GENERAL HOSPITAL DALLAS"
"670003","48441","WEST TEXAS HOSPITAL"
"670004","48149","ST MARKS MEDICAL CENTER"
"670005","48201","MEMORIAL HERMANN SURGICAL HOSPITAL KINGWOOD"
"670006","48453","THE HOSPITAL AT WESTLAKE MEDICAL CENTER"
"670007","48245","BEAUMONT BONE & JOINT INSTITUTE"
"670008","48201","MEMORIAL HERMANN HOUSTON PHYSICIANS HOSPITAL"
"670009","48201","HOUSTON TOWN AND COUNTRY HOSPITAL"
"670010","48121","MAYHILL HOSPITAL"
"670011","48021","LAKESIDE HOSPITAL AT BASTROP"
"670012","48201","HOUSTON ORTHOPEDIC AND SPINE HOSPITAL"
"670013","48121","REGENCY HOSPITAL OF NORTH DALLAS II LLLP"
"670014","48479","LAREDO SPECIALTY HOSPITAL"
"670015","48439","REGENCY HOSPITAL OF FORT WORTH LLP"
"670016","48113","MESQUITE SPECIALTY HOSPITAL"
"670017","48201","HEALTHSOUTH REHABILITATION HOSPITAL"
"670018","48291","DOCTORS DIAGNOSTIC HOSPITAL"
"670019","48201","UNIVERSITY GENERAL HOSPITAL"
"670020","48061","SOLARA HOSPITAL HARLINGEN"
"670021","48029","VICTORY MEDICAL CENTER SOUTHCROSS LP HOSPITAL"
"670022","48113","VIBRA SPECIALTY HOSPITAL"
"670023","48439","METHODIST MANSFIELD MEDICAL CENTER"
"670024","48201","NORTH CYPRESS MEDICAL CENTER"
"670025","48085","BAYLOR SCOTT & WHITE THE HEART HOSPITAL PLANO"
"670026","48141","EL PASO LTAC HOSPITAL"
"670027","48201","ACUITY HOSPITAL OF HOUSTON"
"670028","48303","COVENANT SPECIALITY HOSPITAL"
"670029","48201","FIRST SURGICAL HOSPITAL"
"670030","48027","SCOTT & WHITE CONTINUING CARE HOSPITAL"
"670031","48201","ST LUKE'S PATIENTS MEDICAL CENTER"
"670032","48201","APEX HOSPITAL KATY LP"
"670033","48121","ATRIUM MEDICAL CENTER AT CORINTH"
"670034","48491","SCOTT & WHITE HOSPITAL-ROUND ROCK"
"670038","48339","SOLARA HOSPITAL CONROE LP"
"670039","48121","INTEGRITY TRANSITIONAL HOSPITAL"
"670040","48157","ATRIUM MEDICAL CENTER"
"670041","48491","ASCENSION SETON WILLIAMSON"
"670042","48439","ETHICUS HOSPITAL GRAPEVINE"
"670043","48491","ASCENSION SETON CEDAR PARK"
"670044","48397","TEXAS HEALTH PRESBYTERIAN HOSPITAL ROCKWALL"
"670045","48439","COOK CHILDRENS NORTHEAST HOSPITAL, LLC"
"670046","48439","USMD HOSPITAL  AT FORT WORTH LP"
"670047","48141","THE HOSPITALS OF PROVIDENCE EAST CAMPUS"
"670048","48201","ICON HOSPITAL"
"670049","48113","NORTH CENTRAL SURGICAL CENTER LLP"
"670050","48303","TRUSTPOINT REHAB HOSPITAL OF LUBBOCK"
"670051","48041","DUBUIS HOSPITAL OF BRYAN"
"670052","48497","DOCTORS HOSPITAL"
"670053","48157","ST LUKE'S SUGAR LAND HOSPITAL"
"670054","48029","FOUNDATION SURGICAL HOSPITAL OF SAN ANTONIO"
"670055","48029","METHODIST HOSPITAL  STONE OAK"
"670056","48209","ASCENSION  SETON HAYS"
"670057","48113","FOREST PARK MEDICAL CENTER"
"670058","48157","MEMORIAL HERMANN FIRST COLONY HOSPITAL"
"670059","48339","ST LUKES LAKESIDE HOSPITAL"
"670060","48113","BAYLOR SCOTT AND WHITE MEDICAL CENTER SUNNYVALE"
"670061","48355","SOUTH TEXAS SURGICAL HOSPITAL"
"670062","48121","BAYLOR SCOTT & WHITE EMERGENCY HOSPITAL"
"670063","48085","THE HOSPITAL AT CRAIG RANCH"
"670064","48329","ALLEGIANCE  HOSPITAL OF MIDLAND-PERMIAN BASIN"
"670065","48201","ST MICHAELS HOSPITAL"
"670066","48135","BASIN HEALTHCARE CENTER, LLC"
"670067","48439","BAYLOR SCOTT AND WHITE ORTHOPEDIC AND SPINE HOSPI"
"670068","48121","TEXAS HEALTH PRESBYTERIAN HOSPITAL FLOWER MOUND"
"670069","48085","METHODIST MCKINNEY HOSPITAL"
"670070","48303","TEXAS SPECIALTY HOSPITAL AT LUBBOCK"
"670071","48439","TEXAS HEALTH HEART & VASCULAR HOSPITAL ARLINGTON"
"670072","48201","HOPEBRIDGE HOSPITAL"
"670073","48113","METHODIST HOSPITAL FOR SURGERY"
"670074","48201","HUMBLE SURGICAL HOSPITAL, LLC"
"670075","48201","ST LUKE'S HOSPITAL AT THE VINTAGE"
"670076","48181","BAYLOR SCOTT AND WHITE SURGICAL HOSPITAL AT SHERMA"
"670077","48201","HOUSTON METHODIST WEST HOSPITAL"
"670078","48029","BAPTIST NEIGHBORHOOD HOSPITAL THOUSAND OAKS"
"670079","48453","LAKEWAY REGIONAL MEDICAL CENTER, LLC"
"670080","48027","SETON MEDICAL CENTER HARKER HEIGHTS"
"670081","48201","VICTORY MEDICAL CENTER HOUSTON, LP"
"670082","48085","BAYLOR SCOTT AND WHITE  MEDICAL CENTER  MCKINNEY"
"670083","48113","TEXAS GENERAL HOSPITAL"
"670084","48201","PRISTINE HOSPITAL OF PASADENA"
"670085","48439","TEXAS HEALTH HARRIS METHODIST HOSPITAL ALLIANCE"
"670087","48491","BAYLOR SCOTT & WHITE EMERGENCY MEDICAL CENTER AT C"
"670088","48041","BAYLOR SCOTT & WHITE MEDICAL CENTER- COLLEGE STATI"
"670089","48163","NIX COMMUNITY GENERAL HOSPITAL"
"670090","48113","CRESCENT MEDICAL CENTER LANCASTER"
"670091","48329","CONTINUECARE HOSPITAL OF MIDLAND"
"670092","48113","WALNUT HILL MEDICAL CENTER"
"670093","48339","ASPIRE HOSPITAL"
"670094","48331","LITTLE RIVER HEALTHCARE CAMERON HOSPITAL"
"670095","48201","MEMORIAL HERMANN FIRST COLONY HOSPITAL"
"670096","48201","BAY AREA REGIONAL MEDICAL CENTER, LLC"
"670097","48397","BAYLOR EMERGENCY MEDICAL CENTER"
"670098","48091","RESOLUTE HEALTH HOSPITAL"
"670099","48339","EMIL J FREIREICH CANCER CENTER"
"670100","48113","SELECT SPECIALTY HOSPITAL DALLAS DOWNTOWN"
"670101","48113","SELECT SPECIALTY HOSPITAL DALLAS (GARLAND)"
"670102","48201","AD HOSPITAL EAST, LLC"
"670103","48439","MEDICAL CITY ALLIANCE"
"670104","48245","VICTORY MEDICAL CENTER BEAUMONT LP"
"670105","48201","HERMAN DRIVE SURGICAL HOSPITAL LP"
"670106","48039","HCA HOUSTON HEALTHCARE PEARLAND"
"670107","48251","BAYLOR SCOTT AND WHITE EMERGENCY HOSPITAL"
"670108","48053","BAYLOR SCOTT & WHITE MEDICAL CENTER - MARBLE FALLS"
"670109","48201","BAYTOWN MEDICAL CENTER LP"
"670110","48113","TEXAS HEALTH HOSPITAL"
"670111","48135","CONTINUECARE HOSPITAL AT MEDICAL CENTER ODESSA"
"670112","48029","SOUTH TEXAS SPECIALTY HOSPITAL"
"670113","48201","HUMBLE SURGICAL HOSPITAL, LLC"
"670114","48089","WEIMAR MEDICAL CENTER"
"670115","48201","CLEVELAND EMERGENCY HOSPITAL"
"670116","48439","WISE HEALTH SYSTEM"
"670117","48467","TEXAS GENERAL HOSPITAL- VZRMC LP"
"670118","48201","FIRST TEXAS HOSPITAL"
"670119","48201","PROVIDENCE HOSPITAL OF NORTH HOUSTON LLC"
"670120","48141","THE HOSPITALS OF PROVIDENCE TRANSMOUNTAIN CAMPUS"
"670121","48439","SAINT CAMILLUS MEDICAL CENTER"
"670122","48339","HOUSTON METHODIST THE WOODLANDS HOSPITAL"
"670124","48141","THE HOSPITALS OF PROVIDENCE HORIZON CITY CAMPUS"
"670125","48029","TEXAS CENTER FOR INFECTIOUS DISEASE"
"670126","48225","CROCKETT MEDICAL CENTER"
"670127","48141","EL PASO LTAC HOSPTIAL"
"670128","48453","BAYLOR SCOTT & WHITE MEDICAL CENTER – PFLUGERVILLE"
"670129","48201","THE HEIGHTS HOSPITAL"
"670130","48029","SOUTHCROSS HOSPITAL"
"670131","48209","BAYLOR SCOTT & WHITE MEDICAL CENTER – BUDA"
"670132","48439","METHODIST SOUTHLAKE MEDICAL CENTER"
"670133","48439","ER TX  MEDICAL CENTER MANSFIELD"
"670134","48199","ALTUS LUMBERTON HOSPITAL"
"670135","48201","ALTUS HOUSTON HOSPITAL, LP"
"670136","48453","BAYLOR SCOTT & WHITE MEDICAL CENTER- AUSTIN"
"670137","48029","NUVISION SAME DAY PROCEDURE CENTER LLC"
"670138","48085","PARK AMBULATORY SURGERY CENTER, LLC"
"670139","48439","HURST AMBULATORY SURGERY CENTER"
"670140","48201","HUMBLE VASCULAR SURGICAL CENTER"
"670141","48215","VALLEY AMBULATORY SURGICAL CENTER LLC"
"670142","48201","THE AMBULATORY SURGICAL CENTER (ASC) AT LBJ"
"670143","48021","ASCENSION SETON BASTROP"
"670144","48139","ALTUS EMERGENCY CENTERS"
"670145","48039","ALTUS EMERGENCY CENTERS"
"670146","48355","PHYSICIANS PREMIER EMERGENCY ROOM"
"670147","48209","MY EMERGENCY ROOM 24/7"
"670148","48157","ER KATY"
"670149","48491","CEDAR PARK EMERGENCY CENTER, LLC"
"670150","48201","LIFE SAVERS EMERGENCY ROOM LLC"
"670151","48201","LIFE SAVERS EMERGENCY ROOM II LLC"
"670152","48491","LAKELINE EMERGENCY CENTER, LLC"
"670153","48491","GEORGETOWN FAMILY EMERGENCY CENTER, LLC"
"670154","48491","ROUND ROCK EMERGENCY ROOM"
"670155","48453","LAKE TRAVIS ER, LLC"
"670156","48201","SACRED HEART EMERGENCY CENTER"
"670157","48141","SUN CITY EMERGENCY ROOM, LLC"
"670158","48201","EMERGENCY CARE OF EAST HOUSTON, LLC"
"670159","48303","STAR ER"
"670160","48141","SUN CITY WEST EMERGENCY ROOM, LLC"
"670161","48201","HEIGHTS EMERGENCY ROOM"
"670162","48355","PHYSICIANS PREMIER EMERGENCY ROOM"
"670163","48113","HIGHLAND PARK EMERGENCY CENTER, LLC"
"670164","48001","PRESTON HOLLOW EMERGENCY ROOM, LLC"
"670165","48113","LAKE WOOD EMERGENCY ROOM"
"670166","48085","EC PLANO LLC"
"670167","48121","ICARE EMERGENCY ROOM"
"670168","48409","PHYSICIANS PREMIER EMERGENCY ROOM"
"670169","48453","VIK COMPLETE CARE LAKEWAY"
"670170","48355","PHYSICIANS PREMIER EMERGENCY ROOM"
"670171","48355","PHYSICIANS PREMIER EMERGENCY ROOM"
"670172","48201","SIGNATURE CARE EMERGENCY CENTER-MISSION BEND"
"670173","48201","SIGNATURE CARE EMERGENCY CENTER-MONTROSE"
"670174","48029","PRESTIGE EMERGENCY ROOM"
"670175","48029","PRESTIGE EMERGENCY ROOM-POTRANCO LLC"
"670176","48029","ALAMO HEIGHTS COMPLETE CARE, LLC"
"670177","48029","PRESTIGE EMERGENCY ROOM"
"670178","48201","TC JESTER EMERGENCY CENTER, LLC"
"670179","48201","MEMORIAL CITY EMERGENCY CENTER LLC"
"670180","48209","PREMIER ER"
"670181","48029","COMPLETE EMERGENCY CARE"
"670182","48041","SIGNATURE CARE EMERGENCY CENTER-COLLEGE STATION"
"670183","48029","COMPLETE EMERGENCY CARE DE ZAVALA, LLC"
"670184","48439","ICARE EMERGENCY ROOM"
"670185","48201","TEXAS EMERGENCY CARE"
"670186","48039","TEXAS EMERGENCY CARE"
"670187","48029","FOSSIL CREEK COMPLETE CARE"
"670188","48245","BEAUMONT EMERGENCY CENTER"
"670189","48201","SIGNATURE CARE EMERGENCY CENTER-STAFFORD"
"670190","48493","COMPLETE EMERGENCY CARE LA VERNIA, LLC"
"670191","48029","THE EMERGENCY CLINIC AT THE PEARL"
"670192","48439","COMPLETE EMERGENCY CARE SOUTHLAKE, LLC"
"670193","48309","PREMIER ER"
"670194","48183","EXCEL ER LONGVIEW"
"670195","48027","PREMIER ER"
"670196","48355","TLC CORPUS EMERGENCY CARE, LLC"
"670197","48347","EXCEL ER NACOGDOCHES"
"670198","48423","COMPLETE CARE TYLER"
"670199","48453","VIK COMPLETE CARE WESTLAKE"
"670200","48201","SIGNATURE CARE EMERGENCY CENTER-WESTCHASE"
"670201","48201","SIGNATURE CARE EMERGENCY CENTER-BELLAIRE"
"670202","48201","ELITE CARE RICE VILLAGE"
"670203","48201","SIGNATURE CARE EMERGENCY CENTER-COPPERFIELD"
"670204","48329","SIGNATURE CARE EMERGENCY CENTER-MIDLAND"
"670205","48135","SIGNATURE CARE EMERGENCY CENTER-ODESSA"
"670206","48277","SIGNATURE CARE EMERGENCY CENTER-PARIS"
"670207","48037","SIGNATURE CARE EMERGENCY CENTER-TEXARKANA"
"670208","48029","COMPLETE EMERGENY CARE CITY BASE, LLC"
"670209","48027","SIGNATURE CARE EMERGENCY CENTER-KILLEEN"
"670210","48201","SIGNATURE CARE EMERGENCY CENTER CYPRESS-1960"
"670211","48339","AMERICA'S ER SITE 001, LLC"
"670212","48201","AMERICA'S ER SITE 002, LLC"
"670213","48121","SIGNATURE CARE EMERGENCY CENTER-LEWISVILLE"
"670214","48485","ER NOW"
"670215","48373","EXCEPTIONAL HEALTH CARE LIVINGSTON"
"670216","48061","EXCEPTIONAL HEALTHCARE INC"
"670217","48439","EXCEPTIONAL EMERGENCY CENTER"
"670218","48061","EXCEPTIONAL HEALTH CARE BROWNSVILLE"
"670219","48453","AUSTIN EMERGENCY CENTER-FAR WEST"
"670220","48303","EXCEPTIONAL H C LUBBOCK"
"670221","48381","EXCEPTIONAL H C AMARILLO"
"670222","48245","EXCEPTIONAL H C PORT ARTHUR"
"670223","48361","EXCEPTIONAL H C ORANGE"
"670224","48245","EXCEPTIONAL H C BEAUMONT"
"670225","48113","EXCEPTIONAL H C SACHSE"
"670226","48005","HOPE EMERGENCY"
"670227","48381","EXCEPTIONAL EMERGENCY CENTER"
"670228","48375","EXCEPTIONAL AMARILLO N COULTER"
"670229","48201","RIVER OAKS EMERGENCY CENTER LLC"
"670230","48029","PHYSICIANS PREMIER EMERGENCY ROOM"
"670231","48091","PHYSICIANS PREMIER EMERGENCY ROOM"
"670232","48029","THE EMERGENCY CENTER AT ALAMO RANCH, LLC"
"670233","48187","PHYSICIANS PREMIER EMERGENCY ROOM"
"670234","48439","THE EMERGENCY CENTER OF ARLINGTON LLC"
"670235","48041","PHYSICIANS PREMIER EMERGENCY ROOM"
"670236","48329","FASTERCARE, PLLC"
"670237","48181","RED RIVER ER AND HOSPITAL"
"670238","48201","GRACE ER"
"670239","48039","GRACE ER"
"670240","48167","CLEAR CREEK EMERGENCY ROOM LLC"
"670241","48091","RIVERSIDE ER LLC"
"670242","48157","KATY EMERGENCY ROOM LLC"
"670243","48453","ALLY MEDICAL"
"670244","48439","COMPLETE CARE CAMP BOWIE"
"670245","48309","HEART OF TEXAS SURGERY CENTER, PLLC"
"670246","48021","ALLY MEDICAL"
"670247","48201","ALLY MEDICAL"
"670248","48491","ALLY MEDICAL"
"670249","48201","VILLAGE EMERGENCY ROOM, LLC"
"670250","48479","CLEAR CHOICE ER LLC"
"670251","48201","BELLAIRE ER"
"670252","48157","FRONTLINE RICHMOND MEDICAL CENTER LLC"
"670253","48113","FRONTLINE WHITEROCK MEDICAL CENTER LLC"
"670254","48113","ER NEAR ME ADDISON"
"670255","48113","ER NEAR ME COIT"
"670256","48085","ER NEAR ME PLANO"
"670257","48439","ER NEAR ME HULEN"
"670258","48453","SIGNATURE CARE EMERGENCY CENTER-SOUTH AUSTIN"
"670259","48041","CAPROCK HOSPITAL"
"670260","48121","TEXAS HEALTH HOSPITAL FRISCO"
"670261","48309","PREMIER ER"
"670262","48453","SIGNATURE CARE EMERGENCY CENTER - PFLUGERVILLE"
"670263","48493","EMERGENCY CARE OF FLORESVILLE"
"670264","48187","SCHERTZ-CIBOLO EMERGENCY CLINIC"
"670265","48113","LEGENT ORTHOPEDIC HOSPITAL"
"670266","48201","TOWNSEN MEMORIAL HOSPITAL"
"670267","48339","THE WOODLANDS SPECIALTY HOSPITAL"
"670268","48085","EMERGENCY CARE OF PLANO LLC"
"670269","48183","HOSPITALITY HEALTH ER"
"670270","48423","HOSPITALITY HEALTH ER"
"670271","48167","HOSPITALITY HEALTH ER"
"670272","48201","RIGHT CHOICE EMERGENCY ROOM"
"670273","48309","EXPRESS ER"
"670274","48441","EXPRESS ER"
"670275","48453","EXPRESS ER"
"670276","48439","DAYTIME OUTPATIENT SURGERY CENTER"
"670277","48201","HOUSTON ORTHOPEDIC AND SPINE SURGERY CENTER"
"670278","48141","TEXAN PROCEDURE CENTER LLC"
"670279","48201","COMMUNITY ER, LLC"
"670280","48201","NORTH HOUSTON SURGICAL HOSPITAL LLC"
"670282","48201","HOUSTON MEDICAL ER"
"670283","48339","HOUSTON MEDICAL ER"
"670284","48201","RAPIDCARE EMERGENCY ROOM"
"670285","48201","ELITE HOSPITAL KINGWOOD"
"670286","48201","POST OAK ER, LLC"
"670287","48439","THE EMERGENCY CENTER AT WEST 7TH LLC"
"670288","48201","HOUSTON SURGERY CENTER"
"670289","48245","BAPTIST BEAUMONT SURGICAL AFFILIATES"
"670290","48201","RAPIDCARE EMERGENCY ROOM"
"670291","48029","COMPLETE CARE NACOGDOCHES ROAD"
"670292","48121","CASTLE HILLS ER"
"670293","48441","ABILENE WHITE ROCK SURGERY CENTER, LLC"
"670294","48201","HOUSTON PREMIER SURGERY CENTER IN THE VILLAGES"
"670295","48029","SOUTH TEXAS SURGICAL INSTITUTE"
"670296","48453","ALLY MEDICAL"
"670297","48027","EXPRESS ER"
"670298","48027","EXPRESS ER"
"670299","48423","EXCEPTIONAL HEALTHCARE TYLER"
"670300","48139","METHODIST MIDLOTHIAN MEDICAL CENTER"
"670301","48037","TEXARKANA EMERGENCY CENTER AND HOSPITAL"
"670302","48201","SIGNATURE CARE EMERGENCY CENTER-ATASCOCITA"
"670303","48339","SIGNATURE CARE EMERGENCY CENTER-SPRING RAYFORD"
"670304","48085","SIGNATURE CARE EMERGENCY CENTER-PLANO"
"670305","48215","MCALLEN EMERGENCY ROOM"
"670306","48479","LAREDO EMERGENCY ROOM"
"670307","48201","FAMILY FIRST ER"
"670308","48113","ER OF DALLAS"
"670309","48439","TEXAS HEALTH HOSPITAL MANSFIELD"
"670310","48201","SE TEXAS ER & HOSPITAL"
"670311","48201","SUPREME CARE ER, LP"
"670312","48113","EMERGENCY CARE OF MESQUITE LLC"
"670313","48303","STAR ER"
"670314","48157","ST MICHAELS MEDICAL HOSPITAL LLC"
"670315","48039","ANGLETON ER PLLC"
"670316","48439","ER OF WATAUGA"
"670317","48139","TEXAS PAIN & SPINE SURGERY CENTER"
"670318","48167","SOUTH SHORE ER LLC"
"670319","48113","TRINITY REGIONAL HOSPITAL SACHSE"
"670320","48201","EAST HOUSTON MEDICAL CENTER"
"670321","48001","ADVANCED DALLAS HOSPITALS AND CLINICS"
"670322","48085","LEGENT SURGICAL HOSPITAL PLANO"
"670323","48135","ADVANCED ODESSA HOSPITAL & CLINICS"
"670326","48491","BRUSHY CREEK FAMILY HOSPITAL LLC"
"670327","48303","EXCEPTIONAL COMMUNITY HOSPITAL LUBBOCK"
"670331","48455","MID COAST MEDICAL CENTER-TRINITY"
"670333","48029","WESTOVER HILLS BAPTIST HOSPITAL"
"670335","48029","UT HEALTH SAN ANTONIO MULTISPECIALTY & RESEARCH HO"
"670336","48029","BANDERA FAMILY HOSPITAL"
"670340","48085","METHODIST CELINA MEDICAL CENTER"
"670342","48201","HOUSTON METHODIST CYPRESS HOSPITAL"
"670345","48201","LEGENT NORTH HOUSTON SURGICAL HOSPITAL"
"670346","48121","BAYLOR SCOTT AND WHITE MEDICAL CENTER FRISCO AT PG"
"670347","48121","BAYLOR SCOTT AND WHITE THE HEART HOSPITAL CORINTH"
"670348","48113","CORALVITA RICHARDSON"
"670349","48201","SANAVATE HOSPITAL"
"670350","48001","CHRISTUS HEALTH-PALESTINE"
"670351","48201","MERIDIAN HOSPITAL PLLC"
"670779","48107","CROSBYTON CLINIC HOSPITAL"
"670780","48145","FALLS COMMUNITY HOSPITAL AND CLINIC"
"670781","48253","ANSON GENERAL HOSPITAL"
"670782","48149","ST MARKS MEDICAL CENTER"
"670783","48405","CHI ST LUKES HEALTH MEMORIAL SAN AUGUSTINE"
"670784","48399","NORTH RUNNELS HOSPITAL"
"671300","48503","GRAHAM REGIONAL MEDICAL CENTER"
"671301","48211","HEMPHILL COUNTY HOSPITAL"
"671302","48429","STEPHENS MEMORIAL HOSPITAL"
"671303","48133","EASTLAND MEMORIAL HOSPITAL"
"671304","48021","ASCENSION SETON SMITHVILLE"
"673025","48085","PAM REHABILITATION HOSPITAL OF ALLEN"
"673026","48091","GULF STATES LTAC OF NEW BRAUNFELS"
"673027","48453","CENTRAL TEXAS REHABILITATION HOSPITAL"
"673028","48113","DALLAS LTACH LLC"
"673029","48113","ENCOMPASS HEALTH REHABILITAITON HOSPITAL OF RICHAR"
"673030","48245","KATE DISHMAN REHABILITATION HOSPITAL"
"673031","48113","METHODIST REHABILITATION HOSPITAL"
"673032","48491","ENCOMPASS HEALTH REHABILITATION HOSPITAL OF ROUND"
"673033","48113","BAYLOR INSTITUTE FOR REHABILITATION AT NORTHWEST D"
"673034","48339","ENCOMPASS HEALTH REHABILITATION HOSPITAL VISION PA"
"673035","48439","BAYLOR INSTITUTE FOR REHABILITATION AT FORT WORTH"
"673036","48121","SELECT REHABILITATION HOSPITAL OF DENTON"
"673037","48181","LIFE CENTER SPECIALTY HOSPITAL"
"673038","48201","MEMORIAL HERMANN REHABILITATION HOSPITAL KATY"
"673039","48441","ENCOMPASS HEALTH REHABILITATION HOSPITAL OF ABILEN"
"673040","48029","GLOBAL REHABILITATION HOSPITAL"
"673041","48181","CARRUS REHABILITATION HOSPITAL"
"673042","48157","ENCOMPASS HEALTH REHABILITATION HOSPITAL OF SUGAR"
"673043","48113","ENCOMPASS HEALTH REHABILITATION HOSPITAL OF DALLAS"
"673044","48439","ENCOMPASS HEALTH REHABILITATION HOSPITAL OF THE MI"
"673045","48113","MESQUITE REHABILITATION INSTITUTE"
"673046","48085","BAYLOR INSTITUTE FOR REHABILITATION AT FRISCO"
"673047","48121","CONTINUUM REHABILITATION HOSPITAL OF NORTH TEXAS L"
"673048","48439","TEXAS REHABILITATION HOSPITAL"
"673049","48091","NEW BRAUNFELS REGIONAL REHABILITATION HOSPITAL"
"673050","48201","ENCOMPASS HEALTH REHABILITATION HOSPITAL OF CYPRES"
"673051","48201","KINDRED REHABILITATION HOSPITAL NORTHEAST HOUSTON"
"673052","48201","ENCOMPASS HEALTH REHABILITATION HOSPITAL THE VINTA"
"673053","48355","CORPUS CHRISTI REHABILITATION HOSPITAL"
"673054","48453","ENCOMPASS HEALTH REHABILITATION HOSPITAL OF AUSTIN"
"673055","48085","ACUTE REHABILITATION HOSPITAL OF PLANO"
"673056","48469","PAM REHABILITATION HOSPITAL OF VICTORIA"
"673057","48209","PAM HEALTH REHABILIATION HOSPTIAL OF KYLE"
"673058","48453","BAYLOR SCOTT & WHITE INSTITUTE FOR REHABILITATION"
"673059","48479","LAREDO REHABILITATION HOSPITAL, LLC"
"673060","48439","TEXAS REHABILITATION HOSPITAL OF ARLINGTON"
"673061","48201","PAM REHABILITATION HOSPITAL OF CLEAR LAKE"
"673062","48367","CLEARSKY REHABILITATION HOSPITAL OF WEATHERFORD"
"673063","48303","TRUSTPOINT REHAB HOSPITAL OF LUBBOCK"
"673064","48121","ICARE REHABILITATION HOSPITAL"
"673065","48041","CHI ST. JOSEPH HEALTH REHABILITATION HOSPITAL, AN"
"673066","48039","ENCOMPASS HEALTH REHABILITATION HOSPITAL OF PEARLA"
"673067","48355","PAM REHABILITATION HOSPITAL OF CORPUS CHRISTI"
"673068","48157","PAM HEALTH REHABILITATION HOSPITAL OF SUGAR LAND"
"673069","48491","PAM REHABILITATION HOSPITAL OF ROUND ROCK"
"673070","48303","SOUTH PLAINS REHABILITATION HOSPITAL AN AFFILIATE"
"673071","48157","ENCOMPASS HEALTH REHABILITATION HOSPITAL OF KATY"
"673072","48201","PAM HEALTH REHAB HOSPITAL OF HOUSTON HEIGHTS"
"673073","48183","LONGVIEW REHABILITATION HOSPITAL"
"673074","48027","TEMPLE REHABILITATION HOSPITAL"
"673075","48141","PAM HEALTH REHABILITATION HOSPITAL OF EL PASO"
"673076","48121","CLEARSKY REHABILITATION HOSPITAL OF FLOWER MOUND"
"673077","48439","TEXAS REHABILITATION HOSPITAL OF KELLER"
"673078","48451","SHANNON REHABILITATION HOSPITAL, AN AFFILIATE OF E"
"673079","48309","ENCOMPASS HEALTH REHABILITATION HOSPITAL OF WACO"
"673080","48085","REUNION REHABILITATION HOSPITAL PLANO"
"673081","48439","REUNION REHABILITATION  HOSPITAL ARLINGTON"
"673083","48141","EL PASO REHABILITATION HOSPITAL"
"673088","48439","CLEARSKY REHABILITATION HOSPITAL OF MANSFIELD"
"673089","48027","CLEARSKY REHABILITATION HOSPITAL OF HARKER HEIGHTS"
"673095","48029","SAN ANTONIO REHABILITATION HOSPITAL"
"673096","48085","ENCOMPASS HEALTH REHABILITATION HOSPITAL OF PROSPE"
"713025","22103","NORTH SHORE REHABILITATION HOSPITAL"
"713026","22117","BOGALUSA REHABILITATION HOSPITAL"
"713027","22055","SAGE SPECIALTY AND REHABILITATION CENTER OF LAFAYE"
"713028","22017","ENCOMPASS HEALTH REHABILITATION HOSPITAL OF SHREVE"
"713029","22017","SHREVEPORT REHABILITATION HOSPITAL LLC"
"743025","48029","REHABILITATION INSTITUTE OF SOUTH SAN ANTONIO"
"743027","48201","CLEARSKY REHABILITATION HOSPITAL OF BAYTOWN LLC"
"743028","48339","EXALT HEALTH REHABILITATION HOSPITAL CONROE"
"743030","48201","ENCOMPASS HEALTH REHABILITATION OF HOUSTON AT THE"
"743031","48085","HORIZON MEDICAL CENTER OF MCKINNEY LLC"
"743032","48397","CLEARSKY REHABILITATION HOSPITAL OF ROCKWALL COUNT"
"743035","48375","REHABILITATION HOSPITAL OF AMARILLO"
"743038","48027","SELECT MEDICAL REHABILITATION HOSPITAL-TEMPLE"
